flow_duration_ms,protocol_type,service,src_bytes,dst_bytes,packet_count,byte_rate,packet_rate,syn_count,ack_count,fin_count,rst_count,failed_logins,same_srv_rate,diff_srv_rate,dst_host_count,dst_host_srv_count,dst_host_serror_rate,dst_host_rerror_rate,attack_category,is_intrusion
2631,TCP,HTTPS,4782,95702,117,38190.87,44.47,1,117,1,0,0,0.994,0.149,3,55,0.02,0.034,Benign,0
36,TCP,HTTP,43435,25,2052,1203878.12,56842.11,1662,154,0,611,0,0.91,0.006,183,187,0.702,0.147,DoS_DDoS,1
714,TCP,HTTPS,11009,11481,21,31494.19,29.41,1,21,1,0,0,0.909,0.112,1,94,0.013,0.008,Benign,0
100,TCP,HTTP,227,15336,13,155474.53,129.87,2,13,1,0,0,0.765,0.102,46,87,0.042,0.011,Benign,0
14,TCP,HTTP,84,0,2,5957.45,141.84,2,0,0,0,0,0.199,0.843,241,7,0.742,0.743,PortScan,1
1558,TCP,HTTPS,596,7394,30,5128.04,19.25,1,30,1,0,0,0.793,0.047,6,9,0.038,0.016,Benign,0
1168,TCP,HTTPS,396,154809,8,132869.62,6.85,2,8,2,0,0,0.941,0.013,18,81,0.037,0.017,Benign,0
2301,TCP,HTTPS,745,3819,51,1983.4,22.16,1,51,1,0,0,0.863,0.087,41,63,0.016,0.023,Benign,0
1808,TCP,SMTP,4393,4454,25,4892.98,13.83,1,25,1,0,0,0.873,0.04,6,44,0.034,0.017,Benign,0
506,TCP,DNS,686,20435,26,41732.86,51.37,1,26,1,0,0,0.807,0.112,26,51,0.017,0.038,Benign,0
4755,TCP,SSH,967,375,15,282.22,3.15,2,13,1,1,8,0.964,0.032,53,13,0.225,0.37,BruteForce,1
917,TCP,HTTP,5274,18301,91,25706.03,99.23,1,91,1,0,0,0.916,0.067,49,64,0.016,0.002,Benign,0
2142,TCP,HTTP,503,60075,12,28279.73,5.6,1,12,2,0,0,0.961,0.142,33,64,0.006,0.0,Benign,0
3403,UDP,HTTPS,1861,7411,9,2724.57,2.64,1,9,2,0,0,0.85,0.147,31,41,0.007,0.001,Benign,0
115,TCP,SMTP,1658,3068,24,41059.95,208.51,1,24,1,0,0,0.834,0.083,13,69,0.048,0.028,Benign,0
849,TCP,HTTP,539,1520,14,2424.92,16.49,2,14,1,0,0,0.954,0.102,2,42,0.045,0.021,Benign,0
1062,UDP,HTTPS,1189,5036,35,5861.03,32.95,1,35,1,0,0,0.941,0.091,47,57,0.007,0.015,Benign,0
1161,TCP,FTP,1194,1012,59,1899.92,50.81,5,54,1,3,3,0.975,0.016,78,30,0.053,0.554,BruteForce,1
265,TCP,HTTP,1558,28935,31,115024.52,116.94,1,31,1,0,0,0.909,0.053,7,96,0.03,0.033,Benign,0
3329,TCP,HTTPS,2141,9898,31,3616.29,9.31,2,31,1,0,0,0.85,0.108,14,17,0.02,0.003,Benign,0
2196,TCP,HTTPS,5150,30976,28,16450.07,12.75,1,28,1,0,0,0.921,0.003,34,67,0.032,0.006,Benign,0
3651,TCP,SSH,1308,958,34,620.63,9.31,5,29,1,2,10,0.982,0.065,77,34,0.22,0.546,BruteForce,1
137,UDP,HTTP,50247,115,1625,367337.71,11852.66,1399,66,0,610,0,0.899,0.06,208,250,0.739,0.189,DoS_DDoS,1
58,TCP,DNS,757,3485,12,73012.05,206.54,1,12,1,0,0,0.947,0.12,30,82,0.012,0.002,Benign,0
41,TCP,FTP,90,0,1,2189.78,24.33,1,0,0,0,0,0.107,0.903,245,9,0.82,0.419,PortScan,1
40,UDP,HTTP,7918,20,828,197955.11,20648.38,582,21,0,89,0,0.979,0.016,224,180,0.75,0.17,DoS_DDoS,1
2320,TCP,HTTPS,428,3272,63,1594.76,27.15,2,63,1,0,0,0.786,0.125,36,48,0.008,0.012,Benign,0
5577,TCP,OTHER,170,3434,13,646.21,2.33,1,12,1,0,0,0.776,0.486,6,23,0.045,0.047,Botnet_C2,1
797,TCP,HTTPS,145,123151,43,154680.72,53.95,1,43,2,0,0,0.93,0.131,4,68,0.031,0.033,Benign,0
307,TCP,HTTPS,4483,27,1315,14685.77,4281.99,1057,86,0,160,0,0.892,0.018,227,181,0.825,0.112,DoS_DDoS,1
11340,TCP,SSH,1976,528,53,220.81,4.67,5,48,1,2,3,0.869,0.003,63,10,0.058,0.574,BruteForce,1
15,TCP,FTP,92,0,3,6092.72,198.68,3,0,0,0,0,0.176,0.88,245,4,0.771,0.787,PortScan,1
376,UDP,DNS,15450,82,671,41297.53,1784.1,517,1,0,111,0,0.997,0.065,222,176,0.803,0.013,DoS_DDoS,1
1894,TCP,HTTPS,1316,9675,26,5802.76,13.73,1,26,1,0,0,0.843,0.078,13,20,0.023,0.036,Benign,0
167,UDP,HTTP,972,12123,10,78366.25,59.84,1,10,1,0,0,0.806,0.071,22,33,0.025,0.004,Benign,0
1944,TCP,HTTP,1000,2521,27,1811.12,13.89,1,27,1,0,0,0.763,0.081,12,19,0.047,0.025,Benign,0
353,UDP,HTTP,2492,30,854,7142.45,2418.58,679,40,0,175,0,0.867,0.044,216,163,0.975,0.173,DoS_DDoS,1
635,TCP,DNS,838,26777,13,43481.34,20.47,1,13,1,0,0,0.876,0.095,15,37,0.043,0.011,Benign,0
1350,TCP,SSH,845,953,24,1331.75,17.78,3,21,1,2,8,0.974,0.016,77,6,0.023,0.373,BruteForce,1
2644,TCP,DNS,2866,19168,49,8333.27,18.53,1,49,1,0,0,0.843,0.094,36,54,0.006,0.022,Benign,0
991,TCP,DNS,1001,2863,39,3898.7,39.35,1,39,1,0,0,0.989,0.046,10,89,0.04,0.005,Benign,0
1409,UDP,HTTPS,1486,2095,24,2541.34,17.03,1,24,1,0,0,0.873,0.065,17,71,0.013,0.013,Benign,0
247,TCP,HTTP,1121,75351,45,309477.94,182.11,1,45,1,0,0,0.902,0.105,12,51,0.04,0.038,Benign,0
1759,TCP,HTTP,800,5949,13,3836.62,7.39,1,13,1,0,0,0.837,0.084,14,95,0.043,0.026,Benign,0
4,TCP,OTHER,81,34,2,28048.78,487.8,2,0,0,1,0,0.007,0.771,225,3,0.681,0.747,PortScan,1
297,TCP,HTTPS,2288,179,2814,8303.6,9471.56,2176,94,0,417,0,0.91,0.007,223,209,0.812,0.051,DoS_DDoS,1
3132,TCP,SSH,509,1409,33,612.37,10.54,5,28,1,1,5,0.88,0.071,60,25,0.213,0.314,BruteForce,1
210,TCP,DNS,4537,32,1359,21746.79,6468.35,1236,103,0,447,0,0.929,0.014,224,160,0.795,0.156,DoS_DDoS,1
1401,UDP,SSH,3324,7683,21,7855.97,14.99,1,21,1,0,0,0.908,0.148,25,54,0.0,0.012,Benign,0
3625,TCP,HTTPS,415,3520,10,1085.49,2.76,2,10,1,0,0,0.849,0.041,3,3,0.016,0.029,Benign,0
1191,UDP,HTTPS,1983,1905,16,3264.21,13.43,1,16,1,0,0,0.827,0.084,14,84,0.015,0.002,Benign,0
1036,TCP,HTTP,186,10942,21,10740.28,20.27,1,21,1,1,0,0.859,0.061,13,14,0.015,0.012,Benign,0
170,TCP,HTTPS,583,59747,101,354673.72,593.77,2,101,1,0,0,0.811,0.072,23,34,0.036,0.026,Benign,0
377,UDP,HTTPS,897,25885,25,71020.95,66.3,1,25,1,0,0,0.862,0.054,8,49,0.047,0.015,Benign,0
403,TCP,DNS,10450,83215,22,232361.7,54.58,1,22,1,0,0,0.966,0.054,20,80,0.026,0.032,Benign,0
62,UDP,HTTP,23840,89,1002,385330.11,16135.27,771,81,0,217,0,0.923,0.019,231,166,0.861,0.061,DoS_DDoS,1
3811,TCP,HTTPS,5089,68884,17,19409.88,4.46,2,17,1,0,0,0.828,0.007,11,83,0.05,0.038,Benign,0
27,TCP,HTTP,3674,50,1521,137416.97,56125.46,1309,1,0,593,0,0.968,0.08,188,197,0.867,0.182,DoS_DDoS,1
265,UDP,DNS,8204,2116,50,38928.71,188.61,1,50,1,0,0,0.889,0.139,5,45,0.03,0.012,Benign,0
39,TCP,OTHER,101,0,1,2583.12,25.58,1,0,0,0,0,0.065,0.73,252,2,0.791,0.357,PortScan,1
173,TCP,HTTP,28293,20,559,163564.41,3229.35,421,34,0,172,0,0.864,0.065,228,175,0.917,0.137,DoS_DDoS,1
448,TCP,HTTP,1287,1259,41,5681.77,91.5,2,41,1,0,0,0.987,0.083,4,65,0.045,0.007,Benign,0
784,TCP,SSH,1240,400,28,2091.57,35.71,5,23,1,2,4,0.958,0.002,13,35,0.207,0.33,BruteForce,1
1308,UDP,HTTPS,9538,83,621,7354.94,474.73,529,58,0,101,0,0.979,0.076,221,254,0.946,0.053,DoS_DDoS,1
167,TCP,HTTPS,419,16701,24,102453.62,143.63,2,24,1,0,0,0.761,0.07,26,80,0.039,0.02,Benign,0
217,TCP,HTTPS,1371,1766,17,14449.56,78.3,1,17,1,0,0,0.949,0.122,24,33,0.018,0.002,Benign,0
3106,TCP,HTTP,302,11414,11,3771.93,3.54,2,11,1,0,0,0.925,0.035,26,37,0.016,0.009,Benign,0
698,UDP,SSH,1208,14282,9,22188.8,12.89,2,9,1,1,0,0.836,0.137,26,31,0.018,0.02,Benign,0
320,TCP,HTTPS,485,1494,42,6182.44,131.21,1,42,1,0,0,0.865,0.067,14,82,0.029,0.018,Benign,0
1288,TCP,HTTP,1032,10636,16,9058.3,12.42,1,16,1,0,0,0.843,0.053,43,45,0.004,0.032,Benign,0
3815,UDP,DNS,1543,29646,41,8175.15,10.75,1,41,1,0,0,0.925,0.013,5,89,0.044,0.024,Benign,0
63,UDP,DNS,5713,23,682,90903.33,10808.24,585,3,0,253,0,0.982,0.023,180,184,0.832,0.169,DoS_DDoS,1
68,UDP,HTTPS,961,24537,20,374419.97,293.69,2,20,1,0,0,0.807,0.07,27,30,0.049,0.036,Benign,0
3591,TCP,SSH,3049,1579,24,1288.74,6.68,1,24,1,0,0,0.753,0.029,20,31,0.035,0.026,Benign,0
126,UDP,HTTP,7202,62,557,57605.08,4417.13,493,15,0,201,0,0.947,0.037,206,179,0.799,0.195,DoS_DDoS,1
1878,TCP,HTTPS,259,2229,27,1324.74,14.38,1,27,1,0,0,0.828,0.005,29,44,0.006,0.029,Benign,0
1792,TCP,HTTP,1981,3752,9,3199.04,5.02,1,9,2,0,0,0.83,0.066,7,56,0.005,0.014,Benign,0
1033,TCP,HTTPS,4146,17335,104,20792.76,100.67,1,104,1,0,0,0.858,0.073,19,42,0.03,0.021,Benign,0
139,TCP,DNS,1413,25380,20,192616.82,143.78,1,20,1,0,0,0.849,0.105,48,98,0.05,0.025,Benign,0
1088,UDP,HTTPS,2257,9692,80,10981.53,73.52,1,80,1,1,0,0.938,0.097,14,81,0.04,0.014,Benign,0
50,TCP,HTTP,8997,21,269,180000.0,5369.26,245,1,0,106,0,0.892,0.002,220,180,0.983,0.2,DoS_DDoS,1
597,TCP,HTTPS,3449,41,1790,5844.92,2997.82,1477,123,0,454,0,0.911,0.003,216,219,0.806,0.051,DoS_DDoS,1
451,TCP,HTTPS,12893,40,1346,28669.92,2983.82,1233,128,0,253,0,0.986,0.08,241,203,0.817,0.122,DoS_DDoS,1
87,TCP,HTTP,1853,11998,14,159024.11,160.73,1,14,1,0,0,0.789,0.012,2,32,0.015,0.023,Benign,0
583,TCP,HTTP,651,8502,21,15697.14,36.01,1,21,1,0,0,0.762,0.116,43,58,0.037,0.015,Benign,0
2979,TCP,SSH,750,254,43,337.01,14.43,5,38,1,1,8,0.944,0.083,23,16,0.026,0.53,BruteForce,1
829,TCP,DNS,536,9635,9,12267.52,10.86,1,9,1,0,0,0.953,0.12,12,72,0.001,0.003,Benign,0
86,TCP,HTTP,11239,88,1000,131556.33,11614.4,746,9,0,331,0,0.944,0.06,246,167,0.763,0.172,DoS_DDoS,1
937,TCP,HTTPS,3338,4766,19,8647.96,20.28,2,19,1,0,0,0.77,0.043,27,56,0.007,0.025,Benign,0
66,TCP,HTTPS,148,3472,8,54765.51,121.03,1,8,1,1,0,0.762,0.036,46,78,0.039,0.001,Benign,0
1750,TCP,HTTPS,9133,1724,48,6203.65,27.43,1,48,1,0,0,0.946,0.146,30,74,0.025,0.027,Benign,0
265,TCP,HTTP,1834,15997,13,67261.41,49.04,1,13,1,0,0,0.807,0.102,28,93,0.042,0.011,Benign,0
618,TCP,FTP,707,409,41,1805.53,66.33,5,36,1,1,9,0.924,0.04,45,14,0.031,0.229,BruteForce,1
526,TCP,HTTPS,1140,10750,45,22600.27,85.54,2,45,1,1,0,0.896,0.149,49,61,0.049,0.015,Benign,0
777,TCP,HTTP,888,70019,14,91245.66,18.02,1,14,1,0,0,0.949,0.03,31,64,0.025,0.037,Benign,0
640,TCP,HTTPS,81713,23,280,127692.55,437.43,261,16,0,42,0,0.857,0.045,235,228,0.83,0.194,DoS_DDoS,1
271,TCP,HTTPS,1523,16965,8,68196.24,29.51,1,8,1,0,0,0.764,0.138,8,65,0.022,0.025,Benign,0
474,TCP,HTTPS,1174,3593,15,10054.84,31.64,1,15,1,0,0,0.794,0.094,25,50,0.003,0.037,Benign,0
4729,TCP,SSH,533,12638,23,2785.1,4.86,1,23,1,0,0,0.897,0.009,43,55,0.007,0.012,Benign,0
1947,UDP,HTTP,3393,15118,87,9506.96,44.68,1,87,1,0,0,0.906,0.123,40,49,0.01,0.011,Benign,0
482,TCP,DNS,1372,15494,50,34984.44,103.71,2,50,1,0,0,0.765,0.048,9,96,0.027,0.001,Benign,0
3091,TCP,HTTP,1338,6203,4,2439.58,1.29,1,4,1,0,0,0.752,0.035,42,76,0.017,0.007,Benign,0
17,TCP,FTP,66,0,2,3859.65,116.96,2,0,0,0,0,0.024,0.916,226,6,0.907,0.483,PortScan,1
1482,TCP,HTTPS,852,4506,25,3615.14,16.87,2,25,1,0,0,0.824,0.035,47,65,0.037,0.008,Benign,0
332,TCP,HTTPS,875,2974,8,11589.88,24.09,1,8,1,0,0,0.848,0.109,19,43,0.008,0.023,Benign,0
27,TCP,HTTP,47,27,1,2730.63,36.9,1,0,0,1,0,0.097,0.731,236,4,0.694,0.799,PortScan,1
1752,UDP,DNS,1852,2093,13,2251.58,7.42,1,13,1,0,0,0.861,0.061,39,89,0.031,0.025,Benign,0
66,UDP,HTTP,161,12702,15,194599.09,226.93,1,15,1,0,0,0.823,0.025,47,73,0.032,0.039,Benign,0
499,ICMP,HTTPS,31406,4407,87,71755.16,174.31,1,87,1,0,0,0.861,0.136,38,68,0.046,0.004,Benign,0
3085,TCP,HTTPS,2714,7089,46,3177.53,14.91,1,46,1,0,0,0.813,0.073,47,66,0.023,0.005,Benign,0
2135,TCP,HTTP,5686,15239,14,9800.48,6.56,1,14,1,0,0,0.831,0.093,26,81,0.017,0.028,Benign,0
5824,TCP,SSH,382,510,49,153.16,8.41,5,44,1,2,3,0.908,0.047,42,23,0.207,0.571,BruteForce,1
2343,TCP,HTTPS,4834,19142,29,10232.6,12.38,1,29,1,0,0,0.846,0.122,18,34,0.03,0.025,Benign,0
377,UDP,HTTPS,1311,8387,45,25717.32,119.33,1,45,1,0,0,0.81,0.143,10,64,0.026,0.024,Benign,0
361,UDP,HTTP,522,203,27,2007.75,74.77,1,27,1,0,0,0.786,0.141,8,92,0.005,0.027,Benign,0
2667,TCP,DNS,3772,48327,22,19533.95,8.25,1,22,1,0,0,0.873,0.018,37,72,0.042,0.025,Benign,0
2429,TCP,HTTP,2185,45825,50,19764.52,20.58,1,50,2,0,0,0.944,0.04,32,66,0.031,0.036,Benign,0
1474,TCP,HTTPS,5971,2586,20,5804.9,13.57,1,20,1,0,0,0.975,0.119,44,74,0.021,0.025,Benign,0
21,TCP,HTTP,1829,16373,18,862654.03,853.08,2,18,1,0,0,0.89,0.128,21,56,0.048,0.032,Benign,0
1534,TCP,HTTPS,1319,7017,40,5433.8,26.07,1,40,2,0,0,0.93,0.134,33,78,0.04,0.023,Benign,0
1935,TCP,HTTPS,4167,16913,32,10893.49,16.54,1,32,1,0,0,0.898,0.121,21,61,0.021,0.03,Benign,0
348,UDP,HTTPS,4296,138739,17,410902.04,48.84,1,17,2,0,0,0.934,0.133,48,66,0.023,0.005,Benign,0
154,ICMP,HTTPS,12551,61,191,81842.96,1239.45,157,6,0,28,0,0.905,0.049,199,221,0.871,0.114,DoS_DDoS,1
111,UDP,HTTP,45222,51,586,407497.75,5274.53,503,55,0,216,0,0.93,0.049,237,235,0.964,0.179,DoS_DDoS,1
74,TCP,HTTP,8524,43,454,115614.04,6126.86,410,37,0,74,0,0.913,0.058,219,247,0.751,0.122,DoS_DDoS,1
4287,TCP,HTTPS,362,14699,10,3513.1,2.33,1,9,1,0,0,0.68,0.241,46,28,0.094,0.006,Botnet_C2,1
1197,TCP,SMTP,2384,3469,24,4889.32,20.05,2,24,1,0,0,0.899,0.063,13,72,0.044,0.007,Benign,0
16,UDP,HTTP,181,540,28,44782.61,1739.13,1,28,1,0,0,0.75,0.143,25,71,0.023,0.022,Benign,0
35,TCP,OTHER,109,0,3,3105.41,85.47,3,0,0,0,0,0.174,0.768,200,9,0.748,0.502,PortScan,1
3601,ICMP,HTTPS,9954,424,96,2881.9,26.66,1,96,1,0,0,0.9,0.144,12,99,0.033,0.031,Benign,0
33,TCP,OTHER,46,0,1,1389.73,30.21,1,0,0,0,0,0.022,0.861,248,11,0.677,0.333,PortScan,1
31,TCP,OTHER,119,0,1,3826.37,32.15,1,0,0,0,0,0.095,0.92,226,5,0.824,0.5,PortScan,1
297,TCP,HTTPS,3295,16136,20,65402.22,67.32,1,20,1,0,0,0.879,0.09,45,59,0.038,0.023,Benign,0
132,TCP,HTTP,4342,87,275,33527.63,2081.76,218,19,0,68,0,0.946,0.074,245,194,0.746,0.161,DoS_DDoS,1
179,TCP,DNS,1609,2584,26,23411.5,145.17,1,26,1,0,0,0.865,0.04,13,39,0.019,0.037,Benign,0
382,TCP,HTTP,789,9756,21,27597.49,54.96,1,21,1,0,0,0.769,0.006,15,77,0.005,0.001,Benign,0
67,TCP,SSH,1166,38409,9,589791.36,134.13,2,9,1,0,0,0.872,0.103,3,13,0.036,0.007,Benign,0
2997,UDP,SSH,895,992,136,629.61,45.38,1,136,1,0,0,0.955,0.064,31,59,0.006,0.007,Benign,0
910,TCP,DNS,7044,10001,22,18728.71,24.17,1,22,1,0,0,0.864,0.094,3,18,0.037,0.037,Benign,0
1302,UDP,HTTPS,8422,19656,58,21563.63,44.54,1,58,1,0,0,0.985,0.092,45,67,0.037,0.013,Benign,0
1712,TCP,HTTPS,167,29068,11,17075.52,6.42,1,11,1,0,0,0.974,0.119,6,65,0.044,0.018,Benign,0
690,UDP,DNS,1598,361,21,2838.72,30.43,1,21,1,0,0,0.76,0.094,24,85,0.02,0.026,Benign,0
3930,TCP,HTTPS,5705,6409,36,3082.36,9.16,1,36,1,0,0,0.897,0.105,26,38,0.026,0.017,Benign,0
8701,TCP,SSH,411,125,56,61.6,6.44,2,54,1,3,13,0.901,0.075,27,27,0.204,0.287,BruteForce,1
2142,TCP,HTTP,453,1658,16,985.48,7.47,1,16,1,0,0,0.899,0.088,47,88,0.0,0.027,Benign,0
949,UDP,HTTP,296,203,29,525.76,30.56,1,29,1,0,0,0.929,0.129,10,81,0.023,0.016,Benign,0
2745,TCP,HTTP,78583,4809,11,30378.49,4.01,2,11,2,0,0,0.756,0.016,23,34,0.038,0.022,Benign,0
405,UDP,HTTPS,4973,6720,89,28864.48,219.7,1,89,1,0,0,0.854,0.026,39,57,0.012,0.009,Benign,0
169,TCP,HTTPS,1905,166651,44,996782.97,260.2,1,44,1,0,0,0.763,0.059,31,96,0.028,0.028,Benign,0
281,TCP,HTTP,5175,323,269,19558.88,956.95,245,1,0,77,0,0.976,0.02,244,197,0.84,0.193,DoS_DDoS,1
12,TCP,HTTPS,3100,55816,10,4869090.91,826.45,1,10,1,0,0,0.955,0.01,34,98,0.043,0.029,Benign,0
6702,TCP,TELNET,1236,220,21,217.25,3.13,3,18,1,3,3,0.831,0.025,21,22,0.227,0.34,BruteForce,1
2879,TCP,SSH,2467,510,22,1034.0,7.64,1,22,1,0,0,0.869,0.117,11,30,0.032,0.002,Benign,0
1118,TCP,DNS,3120,521,18,3256.42,16.1,1,18,2,0,0,0.794,0.104,16,49,0.037,0.011,Benign,0
26,TCP,SSH,105,0,2,4022.99,76.63,2,0,0,0,0,0.005,0.758,248,12,0.718,0.42,PortScan,1
1170,TCP,DNS,3372,1655,8,4296.21,6.84,1,8,1,0,0,0.968,0.128,29,32,0.027,0.026,Benign,0
50,UDP,HTTP,470,17048,75,349660.68,1497.01,1,75,1,0,0,0.835,0.144,8,9,0.023,0.008,Benign,0
185,UDP,HTTP,3691,66,359,20297.14,1939.49,277,32,0,36,0,0.911,0.024,236,204,0.724,0.034,DoS_DDoS,1
2441,UDP,HTTPS,3304,64941,152,27956.66,62.27,1,152,1,0,0,0.788,0.068,7,9,0.04,0.012,Benign,0
201,TCP,SSH,4376,36066,16,201103.93,79.56,2,16,1,0,0,0.876,0.109,22,89,0.014,0.015,Benign,0
1334,UDP,HTTP,4037,9423,15,10089.2,11.24,1,15,1,0,0,0.83,0.097,24,95,0.044,0.026,Benign,0
97,TCP,HTTPS,3576,4057,49,78609.68,504.63,1,49,2,0,0,0.974,0.146,5,26,0.026,0.021,Benign,0
3577,UDP,HTTP,3728,13207,18,4734.28,5.03,1,18,1,0,0,0.76,0.06,1,84,0.023,0.011,Benign,0
365,ICMP,HTTPS,36526,25231,6,169150.92,16.43,2,6,1,0,0,0.965,0.138,1,71,0.023,0.015,Benign,0
5672,TCP,OTHER,193,3345,13,623.75,2.29,1,12,1,0,0,0.556,0.424,25,11,0.14,0.041,Botnet_C2,1
4,TCP,FTP,77,0,3,18780.49,731.71,3,0,0,0,0,0.085,0.706,203,10,0.707,0.438,PortScan,1
3282,TCP,HTTPS,544,4682,36,1592.27,10.97,1,36,2,0,0,0.91,0.042,45,65,0.033,0.024,Benign,0
373,TCP,HTTPS,15857,538,6,43942.64,16.08,1,6,1,0,0,0.934,0.004,14,79,0.047,0.007,Benign,0
136,TCP,HTTP,20608,151,528,152527.55,3879.5,399,52,0,109,0,0.927,0.011,228,152,0.988,0.15,DoS_DDoS,1
6,TCP,HTTPS,56203,37,1348,9219672.13,220983.61,1237,61,0,448,0,0.974,0.024,219,160,0.882,0.095,DoS_DDoS,1
1477,TCP,HTTP,2116,1118,67,2189.43,45.36,1,67,1,0,0,0.973,0.052,20,38,0.001,0.026,Benign,0
11404,TCP,HTTP,6311,282,7,578.13,0.61,1,7,1,0,0,0.866,0.049,11,29,0.044,0.004,Benign,0
590,TCP,HTTP,535,313,74,1437.04,125.4,1,74,1,0,0,0.875,0.062,41,88,0.009,0.0,Benign,0
221,UDP,HTTPS,14514,62,1931,65924.92,8733.6,1476,184,0,507,0,0.883,0.017,219,216,0.704,0.0,DoS_DDoS,1
4890,TCP,IRC,377,10401,10,2204.04,2.04,1,9,1,0,0,0.677,0.488,32,17,0.123,0.036,Botnet_C2,1
27,TCP,OTHER,113,0,3,4169.74,110.7,3,0,0,0,0,0.175,0.916,222,13,0.734,0.514,PortScan,1
41,TCP,OTHER,109,0,1,2652.07,24.33,1,0,0,0,0,0.095,0.878,236,14,0.891,0.534,PortScan,1
2915,TCP,SSH,1075,367,56,494.67,19.21,4,52,1,3,8,0.939,0.051,17,15,0.05,0.241,BruteForce,1
309,TCP,HTTP,2096,1123,18,10414.11,58.23,1,18,1,0,0,0.843,0.148,36,71,0.0,0.024,Benign,0
5080,TCP,HTTPS,953,8865,12,1932.64,2.36,1,11,1,0,0,0.645,0.155,9,15,0.114,0.024,Botnet_C2,1
4220,TCP,HTTPS,3120,4450,26,1793.8,6.16,1,26,1,0,0,0.778,0.137,29,80,0.006,0.004,Benign,0
6,TCP,OTHER,106,0,1,17377.05,163.93,1,0,0,0,0,0.018,0.815,248,4,0.679,0.407,PortScan,1
14,TCP,OTHER,85,0,2,6028.37,141.84,2,0,0,0,0,0.085,0.722,215,9,0.65,0.468,PortScan,1
883,UDP,HTTP,3493,146,1571,4120.71,1778.96,1265,44,0,531,0,0.993,0.079,238,244,0.922,0.164,DoS_DDoS,1
8,TCP,HTTP,55,0,3,6790.12,370.37,3,0,0,0,0,0.175,0.866,251,10,0.607,0.597,PortScan,1
1069,TCP,HTTPS,20077,12845,40,30794.13,37.41,1,40,1,0,0,0.885,0.042,37,78,0.033,0.026,Benign,0
92,TCP,HTTP,17962,480,445,200238.87,4831.7,419,38,0,161,0,0.956,0.001,210,204,0.853,0.168,DoS_DDoS,1
905,TCP,HTTP,907,1405,67,2554.41,74.02,1,67,1,0,0,0.916,0.064,27,98,0.034,0.008,Benign,0
4316,TCP,HTTP,214,18786,47,4402.12,10.89,1,47,1,1,0,0.755,0.045,10,48,0.016,0.019,Benign,0
1894,UDP,HTTPS,488,44219,31,23603.29,16.37,1,31,1,0,0,0.957,0.051,14,93,0.036,0.028,Benign,0
3863,TCP,HTTP,1719,1196,22,754.58,5.69,1,22,2,0,0,0.908,0.129,23,58,0.025,0.018,Benign,0
57,TCP,HTTP,9753,11,1540,170998.25,26970.23,1220,120,0,408,0,0.914,0.029,227,241,0.776,0.035,DoS_DDoS,1
365,TCP,SSH,392,2185,276,7058.34,755.96,1,276,1,0,0,0.803,0.125,25,44,0.028,0.012,Benign,0
847,TCP,SSH,486,367,33,1006.96,38.96,4,29,1,3,8,0.917,0.05,76,39,0.164,0.599,BruteForce,1
2189,TCP,HTTPS,1373,273,7,751.91,3.2,1,7,1,0,0,0.934,0.038,32,74,0.037,0.022,Benign,0
3354,UDP,HTTPS,5716,4253,11,2972.18,3.28,2,11,1,0,0,0.948,0.089,24,31,0.002,0.026,Benign,0
5205,TCP,IRC,324,7424,11,1488.54,2.11,1,10,1,0,0,0.633,0.206,47,28,0.059,0.023,Botnet_C2,1
6871,TCP,SSH,713,693,56,204.63,8.15,2,54,1,3,6,0.839,0.072,23,6,0.16,0.582,BruteForce,1
6,TCP,DNS,3545,319,464,633442.62,76065.57,423,41,0,111,0,0.977,0.003,210,161,0.703,0.033,DoS_DDoS,1
2530,UDP,HTTP,964,14126,31,5964.19,12.25,1,31,1,0,0,0.953,0.021,28,71,0.016,0.037,Benign,0
1425,TCP,HTTPS,4362,260,20,3243.28,14.03,1,20,1,0,0,0.935,0.024,2,16,0.023,0.012,Benign,0
36,TCP,SSH,82,0,1,2271.47,27.7,1,0,0,0,0,0.033,0.769,214,6,0.715,0.375,PortScan,1
1336,UDP,HTTPS,9751,8867,26,13934.59,19.46,1,26,1,0,0,0.818,0.084,17,84,0.021,0.007,Benign,0
8,TCP,OTHER,86,0,3,10617.28,370.37,3,0,0,0,0,0.064,0.771,224,14,0.807,0.678,PortScan,1
587,TCP,HTTPS,37814,4569,88,72190.43,149.89,1,88,1,0,0,0.77,0.144,16,90,0.016,0.022,Benign,0
19587,TCP,SSH,1299,1035,54,119.16,2.76,5,49,1,1,12,0.86,0.078,42,7,0.246,0.35,BruteForce,1
52,TCP,HTTP,78253,76,1649,1503435.7,31650.67,1335,104,0,611,0,0.944,0.005,198,205,0.864,0.057,DoS_DDoS,1
1419,UDP,SSH,1565,21724,33,16411.11,23.25,1,33,1,0,0,0.925,0.038,20,41,0.024,0.034,Benign,0
327,TCP,HTTP,12947,12,396,39617.85,1210.64,344,1,0,131,0,0.955,0.004,206,240,0.821,0.032,DoS_DDoS,1
796,TCP,HTTPS,1646,34323,26,45181.51,32.66,1,26,1,0,0,0.774,0.06,19,69,0.05,0.029,Benign,0
50,TCP,HTTP,1871,96,537,39261.48,10718.56,510,18,0,183,0,0.901,0.05,201,163,0.909,0.014,DoS_DDoS,1
50,TCP,HTTP,11067,8982,17,400179.64,339.32,1,17,1,0,0,0.782,0.06,29,36,0.007,0.009,Benign,0
644,TCP,HTTP,4002,5203,80,14291.26,124.2,1,80,1,0,0,0.885,0.116,11,35,0.006,0.033,Benign,0
976,TCP,HTTPS,626,728,19,1387.15,19.47,2,19,1,0,0,0.909,0.118,45,68,0.001,0.012,Benign,0
550,TCP,HTTP,98452,29,1078,179023.81,1959.64,891,84,0,277,0,0.904,0.03,240,158,0.821,0.165,DoS_DDoS,1
1282,TCP,DNS,1498,3926,14,4230.56,10.92,1,14,1,0,0,0.825,0.049,16,67,0.01,0.01,Benign,0
2608,TCP,HTTP,7311,819,12,3117.21,4.6,1,12,1,0,0,0.817,0.146,31,66,0.01,0.038,Benign,0
68,UDP,HTTP,10883,16,446,160044.05,6549.19,396,8,0,74,0,0.857,0.053,227,172,0.845,0.18,DoS_DDoS,1
29,TCP,OTHER,50,0,3,1718.21,103.09,3,0,0,0,0,0.108,0.732,233,14,0.776,0.36,PortScan,1
1603,TCP,SMTP,1451,1656,18,1938.12,11.23,1,18,1,0,0,0.887,0.148,34,96,0.015,0.036,Benign,0
1102,TCP,FTP,1200,1266,58,2237.55,52.63,5,53,1,2,7,0.998,0.016,25,9,0.043,0.348,BruteForce,1
2489,TCP,HTTP,2437,2089,52,1818.33,20.89,2,52,1,0,0,0.868,0.06,12,73,0.041,0.024,Benign,0
10996,TCP,FTP,1794,534,56,211.71,5.09,5,51,1,1,12,0.923,0.066,65,30,0.066,0.276,BruteForce,1
454,UDP,HTTP,31889,233,728,70737.72,1603.17,605,67,0,103,0,0.932,0.002,187,240,0.987,0.195,DoS_DDoS,1
177,UDP,DNS,922,16759,18,99836.25,101.64,2,18,1,1,0,0.885,0.077,14,92,0.009,0.02,Benign,0
2513,TCP,DNS,11502,269,10,4683.86,3.98,1,10,1,0,0,0.824,0.08,49,69,0.025,0.004,Benign,0
5742,UDP,SSH,461,3466,14,683.9,2.44,1,14,1,0,0,0.827,0.001,21,84,0.004,0.015,Benign,0
156,TCP,HTTP,23244,49,197,149218.45,1262.01,165,17,0,50,0,0.87,0.008,181,180,0.885,0.189,DoS_DDoS,1
5244,UDP,HTTP,3011,13682,11,3183.2,2.1,1,11,2,0,0,0.765,0.082,25,99,0.049,0.003,Benign,0
2111,UDP,HTTPS,828,5576,22,3033.49,10.42,1,22,1,0,0,0.826,0.029,36,71,0.036,0.039,Benign,0
1518,TCP,HTTPS,14993,6943,90,14449.64,59.28,1,90,1,0,0,0.999,0.145,38,39,0.021,0.013,Benign,0
89,TCP,HTTPS,233,27710,6,313613.92,67.34,1,6,1,0,0,0.754,0.093,23,89,0.038,0.039,Benign,0
93,TCP,HTTPS,51840,71,361,557583.24,3877.55,325,12,0,118,0,0.938,0.022,183,240,0.984,0.043,DoS_DDoS,1
19,UDP,HTTP,52811,62,1316,2768219.9,68900.52,1104,43,0,473,0,0.943,0.049,187,191,0.796,0.087,DoS_DDoS,1
536,TCP,HTTPS,2335,2230,15,8515.2,27.98,2,15,1,0,0,0.862,0.067,26,29,0.013,0.029,Benign,0
107,TCP,DNS,3315,91,2404,31802.05,22446.31,2044,88,0,321,0,0.901,0.004,241,209,0.797,0.076,DoS_DDoS,1
1243,TCP,HTTP,451,5034,31,4412.36,24.94,1,31,1,0,0,0.887,0.014,21,49,0.027,0.024,Benign,0
356,TCP,DNS,2100,4944,34,19780.96,95.48,2,34,1,0,0,0.765,0.029,14,85,0.037,0.0,Benign,0
73,TCP,HTTP,29914,51,518,409917.92,7086.18,481,10,0,126,0,0.936,0.014,226,179,0.929,0.073,DoS_DDoS,1
33,TCP,OTHER,42,0,2,1268.88,60.42,2,0,0,0,0,0.091,0.839,223,5,0.557,0.566,PortScan,1
86,TCP,DNS,8233,126,309,97084.79,3588.85,279,18,0,118,0,0.928,0.038,218,184,0.934,0.018,DoS_DDoS,1
529,TCP,HTTPS,2146,17578,36,37278.4,68.04,1,36,1,0,0,0.841,0.119,7,52,0.037,0.032,Benign,0
4090,TCP,HTTPS,1813,58224,74,14678.61,18.09,2,74,1,0,0,0.777,0.144,45,77,0.009,0.033,Benign,0
729,UDP,HTTP,1132,3311,32,6093.81,43.89,1,32,1,0,0,0.865,0.126,17,85,0.049,0.02,Benign,0
18546,TCP,SSH,892,620,24,81.53,1.29,5,19,1,1,8,0.926,0.081,46,37,0.221,0.318,BruteForce,1
51,TCP,DNS,21688,17,1224,424755.38,23953.03,997,20,0,474,0,0.927,0.041,202,222,0.951,0.058,DoS_DDoS,1
542,TCP,DNS,3277,944,41,7786.39,75.63,1,41,1,0,0,0.985,0.023,2,60,0.012,0.033,Benign,0
2193,UDP,DNS,1112,14793,6,7252.29,2.74,1,6,2,0,0,0.783,0.031,37,41,0.003,0.011,Benign,0
433,TCP,DNS,40892,8,676,94435.47,1560.84,574,40,0,199,0,0.936,0.032,193,202,0.959,0.155,DoS_DDoS,1
191,UDP,DNS,5320,2007,11,38341.18,57.56,1,11,1,0,0,0.919,0.055,20,23,0.019,0.016,Benign,0
772,TCP,HTTPS,307,38535,14,50306.96,18.13,1,14,1,0,0,0.772,0.031,47,71,0.001,0.005,Benign,0
1412,TCP,TELNET,649,502,50,815.1,35.41,2,48,1,2,13,0.801,0.046,28,37,0.206,0.358,BruteForce,1
4123,TCP,HTTP,9198,19394,19,6934.59,4.61,1,19,1,0,0,0.843,0.048,23,80,0.017,0.023,Benign,0
707,TCP,HTTP,423,8961,28,13271.11,39.6,1,28,1,0,0,0.913,0.048,26,76,0.025,0.001,Benign,0
1010,TCP,HTTPS,3517,1023,19,4494.6,18.81,1,19,1,0,0,0.993,0.07,29,41,0.007,0.039,Benign,0
33,TCP,OTHER,72,0,2,2175.23,60.42,2,0,0,0,0,0.09,0.851,248,9,0.566,0.699,PortScan,1
2464,TCP,HTTPS,1966,62,16,823.02,6.49,1,16,1,0,0,0.79,0.086,37,63,0.046,0.022,Benign,0
87,TCP,DNS,1211,15579,42,192766.93,482.2,1,42,1,0,0,0.776,0.0,8,44,0.028,0.024,Benign,0
2499,TCP,SSH,1049,507,41,622.62,16.41,3,38,1,1,7,0.869,0.073,24,27,0.172,0.37,BruteForce,1
1993,TCP,SSH,3665,4699,32,4196.48,16.06,1,32,1,0,0,0.818,0.044,42,49,0.045,0.019,Benign,0
1621,UDP,DNS,415,1965,30,1468.14,18.51,1,30,1,0,0,0.92,0.091,2,85,0.011,0.027,Benign,0
670,TCP,HTTPS,823,617,30,2148.93,44.77,1,30,1,0,0,0.786,0.074,9,74,0.043,0.031,Benign,0
1366,TCP,DNS,2722,82241,17,62193.84,12.44,1,17,1,0,0,0.972,0.052,31,91,0.016,0.002,Benign,0
1681,TCP,HTTP,7586,37197,77,26639.11,45.8,1,77,1,0,0,0.816,0.083,13,29,0.015,0.009,Benign,0
285,TCP,HTTPS,389,6292,21,23433.88,73.66,1,21,1,0,0,0.945,0.118,29,48,0.014,0.011,Benign,0
971,TCP,HTTPS,1823,3955,12,5949.95,12.36,1,12,1,0,0,0.801,0.03,40,49,0.011,0.029,Benign,0
2148,TCP,FTP,1430,1684,38,1449.65,17.69,3,35,1,3,13,0.829,0.054,49,19,0.004,0.234,BruteForce,1
382,UDP,DNS,4853,6,3423,12716.57,8958.39,2769,162,0,900,0,0.969,0.049,250,233,0.762,0.001,DoS_DDoS,1
4,TCP,OTHER,116,55,1,41707.32,243.9,1,0,0,1,0,0.162,0.95,249,10,0.764,0.778,PortScan,1
4284,TCP,HTTPS,265,4839,21,1191.38,4.9,1,20,1,0,0,0.709,0.28,29,26,0.058,0.097,Botnet_C2,1
73,UDP,HTTPS,3637,60090,11,871778.39,150.48,1,11,1,0,0,0.909,0.028,41,54,0.027,0.008,Benign,0
292,UDP,HTTPS,2328,12836,33,51913.73,112.98,1,33,1,0,0,0.962,0.125,42,54,0.046,0.002,Benign,0
4741,TCP,DNS,390,4209,9,970.03,1.9,1,8,1,0,0,0.844,0.472,45,12,0.088,0.054,Botnet_C2,1
55,TCP,HTTP,12312,74,214,224791.29,3883.85,202,3,0,79,0,0.917,0.034,216,185,0.728,0.109,DoS_DDoS,1
2039,TCP,HTTPS,8754,10051,5,9222.21,2.45,1,5,1,0,0,0.879,0.089,26,34,0.032,0.007,Benign,0
1139,TCP,HTTPS,7470,9578,20,14966.2,17.56,1,20,1,0,0,0.972,0.078,6,14,0.028,0.016,Benign,0
40,TCP,HTTP,52,0,1,1296.76,24.94,1,0,0,0,0,0.125,0.948,216,8,0.699,0.515,PortScan,1
539,TCP,HTTPS,427,25494,9,48081.99,16.69,1,9,1,0,0,0.799,0.065,18,95,0.045,0.01,Benign,0
4942,TCP,HTTPS,284,24895,13,5094.8,2.63,1,12,1,0,0,0.456,0.178,20,6,0.084,0.075,Botnet_C2,1
375,UDP,HTTP,166,3776,35,10509.2,93.31,2,35,1,0,0,0.983,0.016,34,63,0.026,0.023,Benign,0
113,TCP,HTTPS,32342,79,1594,286657.82,14093.72,1433,27,0,242,0,0.882,0.027,213,188,0.877,0.197,DoS_DDoS,1
1613,TCP,HTTPS,3027,84202,11,54075.38,6.82,1,11,1,0,0,0.975,0.086,9,54,0.029,0.008,Benign,0
350,TCP,HTTPS,627,320,28,2704.94,79.98,1,28,2,0,0,0.909,0.134,49,58,0.034,0.021,Benign,0
1130,TCP,HTTPS,16322,267036,18,250737.1,15.93,1,18,1,0,0,0.995,0.021,35,84,0.02,0.02,Benign,0
685,TCP,DNS,3802,237,10,5895.49,14.6,1,10,1,0,0,0.883,0.038,12,37,0.028,0.036,Benign,0
334,TCP,HTTPS,8380,2559,8,32741.69,23.94,2,8,1,0,0,0.853,0.083,4,96,0.003,0.038,Benign,0
2604,TCP,HTTPS,17695,1511,51,7375.29,19.58,2,51,1,1,0,0.811,0.001,44,76,0.018,0.022,Benign,0
11,TCP,HTTP,6397,38,409,579729.73,36846.85,304,5,0,73,0,0.961,0.036,223,218,0.7,0.19,DoS_DDoS,1
1013,TCP,SSH,211,347,33,550.78,32.57,3,30,1,1,9,0.934,0.079,48,33,0.032,0.376,BruteForce,1
10,TCP,HTTPS,6019,17,1106,597623.76,109504.95,792,18,0,177,0,0.914,0.005,252,226,0.702,0.064,DoS_DDoS,1
615,UDP,DNS,12818,23,590,20876.28,959.19,486,36,0,136,0,0.899,0.003,226,219,0.753,0.09,DoS_DDoS,1
164,TCP,HTTPS,13410,100,501,82327.85,3053.02,419,3,0,59,0,0.871,0.017,202,189,0.761,0.05,DoS_DDoS,1
922,TCP,HTTP,2968,3464,15,6975.38,16.27,1,15,1,0,0,0.818,0.02,27,89,0.05,0.013,Benign,0
967,TCP,HTTP,777,18031,9,19447.83,9.31,1,9,1,0,0,0.887,0.002,21,79,0.035,0.003,Benign,0
1899,TCP,SSH,1676,6960,37,4547.42,19.48,2,37,1,0,0,0.915,0.089,7,61,0.016,0.001,Benign,0
1997,TCP,SSH,1699,1131,55,1417.05,27.54,5,50,1,2,4,0.805,0.007,12,38,0.149,0.403,BruteForce,1
10,TCP,OTHER,54,0,2,5346.53,198.02,2,0,0,0,0,0.15,0.821,218,4,0.577,0.5,PortScan,1
1416,TCP,HTTPS,4983,1380,83,4493.33,58.61,1,83,1,0,0,0.854,0.058,39,71,0.01,0.033,Benign,0
16,TCP,OTHER,86,0,1,5341.61,62.11,1,0,0,0,0,0.062,0.746,224,5,0.681,0.652,PortScan,1
2771,UDP,HTTP,3664,67199,6,25572.16,2.17,1,6,1,0,0,0.782,0.058,45,61,0.044,0.026,Benign,0
64,TCP,HTTP,3054,138,4,49797.19,62.4,1,4,1,0,0,0.788,0.055,10,64,0.042,0.013,Benign,0
3917,TCP,HTTPS,6030,166,35,1581.78,8.94,1,35,1,0,0,0.934,0.11,18,18,0.048,0.009,Benign,0
1717,TCP,FTP,1104,1387,17,1450.7,9.9,2,15,1,2,3,0.939,0.021,66,12,0.244,0.338,BruteForce,1
2130,TCP,HTTP,21130,429,14,10121.12,6.57,1,14,1,0,0,0.899,0.089,6,94,0.006,0.039,Benign,0
894,TCP,SSH,684,2534,50,3599.15,55.92,4,46,1,2,8,0.839,0.027,25,19,0.221,0.576,BruteForce,1
1420,UDP,SSH,10150,21323,28,22162.52,19.72,1,28,1,0,0,0.924,0.11,23,35,0.041,0.018,Benign,0
4676,UDP,IRC,582,3444,17,860.97,3.64,1,16,1,0,0,0.417,0.155,16,29,0.032,0.005,Botnet_C2,1
1431,TCP,HTTP,10022,1149,19,7805.88,13.28,1,19,1,0,0,0.772,0.055,39,87,0.02,0.035,Benign,0
3317,TCP,SSH,1277,2078,24,1011.43,7.24,4,20,1,2,8,0.942,0.027,38,9,0.083,0.238,BruteForce,1
102,UDP,HTTP,11194,5184,114,160411.36,1116.55,1,114,1,0,0,0.75,0.143,9,43,0.033,0.038,Benign,0
745,TCP,HTTPS,21515,20539,4,56440.75,5.37,1,4,1,0,0,0.893,0.092,19,55,0.021,0.01,Benign,0
1447,ICMP,HTTPS,8754,996,8,6737.61,5.53,1,8,1,0,0,0.893,0.047,42,72,0.03,0.027,Benign,0
3555,TCP,HTTPS,616,29566,43,8489.78,12.1,1,43,1,0,0,0.812,0.006,41,88,0.007,0.021,Benign,0
845,UDP,HTTPS,1007,569,36,1864.87,42.6,1,36,2,0,0,0.845,0.075,26,97,0.028,0.019,Benign,0
20,TCP,OTHER,104,0,1,5174.13,49.75,1,0,0,0,0,0.02,0.763,201,2,0.512,0.344,PortScan,1
1050,TCP,SMTP,337,40530,21,38917.25,20.0,1,21,1,0,0,0.809,0.033,20,67,0.041,0.01,Benign,0
1000,TCP,HTTP,373,950,19,1322.87,19.0,1,19,1,0,0,0.782,0.132,21,62,0.041,0.032,Benign,0
950,UDP,HTTPS,2724,351,32,3236.5,33.68,1,32,1,0,0,0.889,0.121,34,65,0.041,0.032,Benign,0
979,TCP,DNS,7766,58869,9,68057.4,9.19,1,9,1,0,0,0.869,0.129,47,72,0.043,0.007,Benign,0
58,TCP,HTTPS,6002,2229,7,141669.54,120.48,1,7,1,0,0,0.863,0.07,24,62,0.049,0.027,Benign,0
825,TCP,DNS,974,3132,9,4976.37,10.91,1,9,1,0,0,0.877,0.036,23,92,0.004,0.021,Benign,0
2482,TCP,SSH,950,1306,45,908.91,18.13,2,43,1,3,5,0.918,0.076,73,37,0.14,0.356,BruteForce,1
145,TCP,HTTPS,3267,13688,91,116850.45,627.15,1,91,1,0,0,0.805,0.138,12,96,0.037,0.032,Benign,0
34,TCP,HTTPS,55924,61,505,1641788.86,14809.38,421,42,0,66,0,0.854,0.065,207,247,0.726,0.019,DoS_DDoS,1
97,UDP,HTTPS,8441,220,479,89196.7,4933.06,361,28,0,120,0,0.947,0.015,221,165,0.888,0.036,DoS_DDoS,1
39,TCP,OTHER,102,0,3,2608.7,76.73,3,0,0,0,0,0.027,0.735,226,10,0.536,0.409,PortScan,1
1050,UDP,HTTP,9472,7300,14,15971.81,13.33,1,14,1,0,0,0.854,0.053,30,59,0.006,0.023,Benign,0
3983,UDP,SSH,173,2643,59,706.99,14.81,1,59,2,0,0,0.955,0.017,41,43,0.017,0.008,Benign,0
11,UDP,DNS,11744,932,869,1141981.98,78288.29,809,6,0,292,0,0.946,0.059,205,198,0.785,0.135,DoS_DDoS,1
119,TCP,HTTP,21277,28,582,178883.29,4886.65,455,32,0,230,0,0.913,0.034,191,164,0.755,0.149,DoS_DDoS,1
272,UDP,DNS,35150,127,1057,129647.19,3884.6,833,82,0,406,0,0.885,0.004,214,253,0.765,0.184,DoS_DDoS,1
1070,TCP,HTTPS,1093,3305,7,4109.9,6.54,1,7,1,0,0,0.912,0.019,25,30,0.015,0.031,Benign,0
1780,TCP,SSH,712,766,55,830.29,30.9,5,50,1,1,4,0.999,0.093,56,28,0.201,0.424,BruteForce,1
597,TCP,HTTPS,4133,630,13,7976.89,21.77,2,13,1,0,0,0.852,0.042,37,47,0.006,0.0,Benign,0
1050,TCP,FTP,1126,381,26,1435.1,24.76,4,22,1,2,6,0.832,0.007,15,34,0.185,0.252,BruteForce,1
170,TCP,HTTPS,2338,8560,8,64068.2,47.03,1,8,1,0,0,0.858,0.131,1,58,0.048,0.001,Benign,0
145,TCP,HTTP,68,991,10,7298.41,68.92,1,10,2,0,0,0.955,0.051,22,97,0.0,0.025,Benign,0
1991,TCP,HTTPS,1874,12245,15,7091.06,7.53,1,15,1,0,0,0.763,0.011,13,68,0.015,0.009,Benign,0
127,UDP,DNS,2988,16,2516,23634.93,19795.44,2143,76,0,814,0,0.896,0.07,216,169,0.872,0.104,DoS_DDoS,1
34,TCP,OTHER,105,0,1,3079.18,29.33,1,0,0,0,0,0.117,0.804,222,7,0.905,0.634,PortScan,1
1417,TCP,HTTPS,1206,129035,25,91906.71,17.64,2,25,1,0,0,0.938,0.073,17,72,0.016,0.039,Benign,0
524,TCP,DNS,2380,6048,19,16080.9,36.25,1,19,2,0,0,0.9,0.148,16,41,0.008,0.029,Benign,0
772,TCP,HTTPS,763,1389,9,2787.2,11.66,1,9,1,0,0,0.96,0.018,46,81,0.002,0.006,Benign,0
1302,UDP,HTTPS,6897,1439,13,6401.97,9.98,2,13,1,0,0,0.987,0.049,42,61,0.044,0.028,Benign,0
81,TCP,HTTP,1601,3221,14,59457.46,172.63,1,14,1,0,0,0.864,0.017,33,58,0.011,0.007,Benign,0
67,TCP,HTTPS,1020,5761,20,101058.12,298.06,1,20,1,0,0,0.847,0.033,8,83,0.026,0.019,Benign,0
2175,UDP,DNS,1160,328835,85,151714.86,39.08,1,85,1,0,0,0.848,0.049,5,33,0.001,0.034,Benign,0
571,TCP,HTTP,10276,78,364,18129.92,637.37,318,12,0,134,0,0.938,0.045,249,247,0.872,0.011,DoS_DDoS,1
770,TCP,DNS,551,298,22,1102.45,28.57,1,22,1,0,0,0.9,0.022,30,53,0.026,0.023,Benign,0
2564,TCP,HTTP,2692,16297,30,7405.72,11.7,2,30,1,0,0,0.822,0.12,35,85,0.002,0.036,Benign,0
17,TCP,OTHER,111,52,2,9532.16,116.96,2,0,0,1,0,0.166,0.928,249,9,0.536,0.55,PortScan,1
427,TCP,HTTP,3966,2710,21,15631.0,49.17,2,21,1,0,0,0.858,0.003,19,97,0.032,0.004,Benign,0
314,UDP,DNS,69763,111,605,222457.82,1926.14,455,56,0,161,0,0.875,0.059,180,163,0.752,0.006,DoS_DDoS,1
25,TCP,OTHER,94,0,1,3745.02,39.84,1,0,0,0,0,0.143,0.869,228,1,0.799,0.592,PortScan,1
20,TCP,SSH,110,0,3,5472.64,149.25,3,0,0,0,0,0.077,0.979,250,6,0.817,0.678,PortScan,1
78,TCP,DNS,9541,75,259,123124.2,3316.26,190,13,0,92,0,0.902,0.038,232,211,0.894,0.022,DoS_DDoS,1
18,TCP,OTHER,60,0,1,3314.92,55.25,1,0,0,0,0,0.193,0.813,223,10,0.912,0.372,PortScan,1
20,TCP,HTTP,74,0,1,3681.59,49.75,1,0,0,0,0,0.067,0.882,229,11,0.655,0.318,PortScan,1
186,TCP,DNS,258,9649,85,53234.82,456.74,1,85,1,0,0,0.903,0.012,7,63,0.031,0.008,Benign,0
10,TCP,OTHER,60,0,3,5940.59,297.03,3,0,0,0,0,0.13,0.789,236,7,0.695,0.759,PortScan,1
361,TCP,HTTPS,2821,30373,16,91924.67,44.31,1,16,2,0,0,0.792,0.043,8,35,0.006,0.015,Benign,0
3635,TCP,HTTPS,5165,3029,27,2254.13,7.43,1,27,1,0,0,0.797,0.033,2,48,0.018,0.027,Benign,0
15,TCP,HTTPS,4523,2115,77,439602.65,5099.34,1,77,1,0,0,0.994,0.096,20,42,0.015,0.009,Benign,0
1740,TCP,SMTP,2284,5057,53,4218.72,30.46,1,53,1,0,0,0.855,0.111,46,66,0.016,0.032,Benign,0
442,TCP,HTTPS,717,10658,6,25729.47,13.57,1,6,1,0,0,0.901,0.015,14,49,0.022,0.034,Benign,0
3180,TCP,TELNET,1111,811,24,604.38,7.55,5,19,1,3,9,0.801,0.08,72,24,0.007,0.383,BruteForce,1
41,TCP,HTTPS,67807,170,1497,1653941.61,36423.36,1283,87,0,566,0,0.95,0.028,195,216,0.724,0.198,DoS_DDoS,1
1621,TCP,HTTP,1405,5033,22,3971.38,13.57,1,22,1,0,0,0.979,0.054,6,31,0.045,0.02,Benign,0
1614,UDP,DNS,2223,230182,30,143984.26,18.59,1,30,1,0,0,0.801,0.143,38,46,0.005,0.019,Benign,0
658,TCP,DNS,495,6156,64,10106.37,97.25,1,64,1,0,0,0.951,0.015,36,85,0.035,0.036,Benign,0
1910,TCP,HTTP,3187,271753,11,143940.11,5.76,2,11,1,0,0,0.911,0.09,7,72,0.008,0.035,Benign,0
22,TCP,HTTP,52,0,3,2352.94,135.75,3,0,0,0,0,0.005,0.955,239,8,0.827,0.746,PortScan,1
2715,TCP,HTTPS,646,141151,8,52225.33,2.95,1,8,1,0,0,0.839,0.012,3,45,0.013,0.034,Benign,0
1022,UDP,HTTPS,2129,4957,167,6932.79,163.39,1,167,1,0,0,0.836,0.069,34,41,0.011,0.011,Benign,0
21,TCP,HTTPS,15955,91,1149,760473.93,54454.98,959,4,0,211,0,0.871,0.042,188,243,0.955,0.031,DoS_DDoS,1
2017,UDP,HTTP,650,8820,26,4694.86,12.89,1,26,1,0,0,0.965,0.018,34,93,0.016,0.01,Benign,0
783,TCP,HTTP,323,2677,27,3830.93,34.48,1,27,1,0,0,0.851,0.131,42,92,0.002,0.022,Benign,0
571,TCP,HTTP,2197,241,17,4268.95,29.77,1,17,1,0,0,0.763,0.057,21,85,0.018,0.004,Benign,0
979,TCP,HTTPS,284,324,29,620.98,29.62,1,29,1,0,0,0.961,0.091,45,99,0.028,0.021,Benign,0
169,ICMP,HTTPS,10862,9170,11,118462.45,65.05,1,11,1,0,0,0.967,0.02,33,43,0.018,0.035,Benign,0
42,UDP,DNS,14099,10,351,335130.64,8337.29,268,22,0,52,0,0.92,0.052,218,165,0.777,0.193,DoS_DDoS,1
2410,TCP,HTTPS,268,7998,36,3429.73,14.94,1,36,2,0,0,0.908,0.091,3,84,0.024,0.034,Benign,0
5746,UDP,IRC,353,52533,20,9203.81,3.48,1,19,1,0,0,0.618,0.342,22,28,0.025,0.008,Botnet_C2,1
3765,TCP,SSH,1908,897,59,745.0,15.67,3,56,1,3,7,0.894,0.051,64,13,0.065,0.579,BruteForce,1
142,UDP,DNS,632,3058,52,25967.63,365.94,1,52,1,0,0,0.945,0.133,45,95,0.012,0.017,Benign,0
1307,TCP,TELNET,452,1641,16,1601.25,12.24,2,14,1,2,5,0.881,0.05,56,14,0.169,0.459,BruteForce,1
31,TCP,SSH,82,0,1,2636.66,32.15,1,0,0,0,0,0.011,0.986,249,10,0.625,0.605,PortScan,1
948,UDP,HTTPS,27667,6127,32,35643.92,33.75,2,32,1,0,0,0.859,0.053,33,60,0.033,0.035,Benign,0
229,TCP,HTTPS,3473,52,391,15386.29,1706.68,369,25,0,119,0,0.926,0.066,224,165,0.841,0.029,DoS_DDoS,1
14,TCP,HTTP,13366,93,952,954539.01,67517.73,677,50,0,256,0,0.916,0.04,230,164,0.826,0.194,DoS_DDoS,1
4752,UDP,IRC,247,1798,12,430.34,2.53,1,11,1,0,0,0.427,0.202,12,16,0.036,0.057,Botnet_C2,1
781,UDP,HTTPS,17067,3818,26,26737.93,33.29,1,26,1,0,0,0.839,0.078,3,35,0.007,0.01,Benign,0
572,TCP,SSH,1662,480,32,3744.1,55.93,2,30,1,2,5,0.995,0.056,42,10,0.243,0.444,BruteForce,1
197,TCP,HTTPS,7196,7631,12,75225.77,60.88,1,12,1,0,0,0.827,0.009,12,58,0.013,0.04,Benign,0
12113,TCP,SSH,1185,476,28,137.12,2.31,4,24,1,1,14,0.929,0.045,22,10,0.114,0.33,BruteForce,1
1805,TCP,HTTP,1993,2533,14,2507.34,7.76,1,14,1,0,0,0.873,0.025,34,42,0.047,0.001,Benign,0
96,TCP,HTTP,6024,2249,81,86087.41,842.87,1,81,1,0,0,0.965,0.016,24,97,0.018,0.025,Benign,0
1882,UDP,SSH,12350,6810,97,10180.12,51.54,1,97,2,0,0,0.91,0.114,37,90,0.032,0.039,Benign,0
9132,TCP,HTTPS,969,8586,14,1046.31,1.53,1,14,1,0,0,0.919,0.149,47,66,0.048,0.025,Benign,0
1531,TCP,SSH,838,1063,26,1241.59,16.98,3,23,1,3,14,0.913,0.088,69,19,0.212,0.511,BruteForce,1
4893,TCP,IRC,489,3051,18,723.47,3.68,1,17,1,0,0,0.667,0.45,12,23,0.01,0.056,Botnet_C2,1
335,TCP,HTTPS,10040,3288,27,39773.2,80.57,1,27,1,0,0,0.803,0.055,24,81,0.037,0.017,Benign,0
5082,TCP,IRC,179,1576,22,345.33,4.33,1,21,1,0,0,0.402,0.212,44,8,0.081,0.076,Botnet_C2,1
3285,TCP,HTTPS,733,7017,47,2359.14,14.31,1,47,1,0,0,0.848,0.073,34,94,0.032,0.038,Benign,0
3074,TCP,HTTPS,5202,12796,85,5854.72,27.65,1,85,1,1,0,0.912,0.051,14,65,0.009,0.032,Benign,0
1040,TCP,HTTP,7730,4525,52,11782.52,50.0,1,52,1,0,0,0.8,0.087,2,75,0.05,0.001,Benign,0
9,TCP,OTHER,94,0,2,10329.67,219.78,2,0,0,0,0,0.154,0.877,200,5,0.638,0.513,PortScan,1
109,TCP,SMTP,115,1323,18,13180.57,164.99,1,18,1,0,0,0.93,0.032,45,65,0.046,0.011,Benign,0
22,TCP,HTTP,3961,6,1096,179502.26,49592.76,994,61,0,142,0,0.922,0.066,206,210,0.964,0.003,DoS_DDoS,1
672,TCP,HTTPS,403,2381,36,4142.24,53.56,2,36,1,0,0,0.781,0.102,47,94,0.043,0.012,Benign,0
107,TCP,HTTP,20376,78,456,190980.39,4257.7,428,36,0,104,0,0.85,0.003,183,204,0.904,0.164,DoS_DDoS,1
875,TCP,HTTP,1106,5513,72,7563.71,82.28,1,72,1,0,0,0.998,0.043,12,14,0.031,0.025,Benign,0
252,TCP,HTTPS,2160,6079,31,32681.48,122.97,1,31,1,0,0,0.752,0.028,27,64,0.043,0.032,Benign,0
41,TCP,OTHER,108,0,2,2627.74,48.66,2,0,0,0,0,0.084,0.795,252,7,0.596,0.777,PortScan,1
1487,TCP,DNS,1309,1726,17,2040.88,11.43,1,17,1,0,0,0.815,0.096,16,53,0.034,0.037,Benign,0
6946,TCP,DNS,11196,147,15,1633.0,2.16,1,15,1,1,0,0.96,0.017,4,42,0.001,0.022,Benign,0
2391,TCP,HTTPS,3972,9714,18,5723.73,7.53,1,18,1,0,0,0.789,0.13,6,84,0.039,0.023,Benign,0
3364,TCP,HTTPS,6459,888,7,2183.94,2.08,1,7,1,0,0,0.946,0.039,38,38,0.034,0.021,Benign,0
45,TCP,HTTPS,2529,180,1555,60066.52,34478.94,1463,135,0,196,0,0.918,0.056,243,161,0.993,0.068,DoS_DDoS,1
33,TCP,OTHER,56,21,3,2326.28,90.63,3,0,0,1,0,0.003,0.921,244,8,0.625,0.391,PortScan,1
5141,TCP,IRC,375,9207,23,1863.8,4.47,1,22,1,0,0,0.562,0.21,23,28,0.008,0.028,Botnet_C2,1
427,TCP,HTTP,22793,17,1487,53406.7,3481.62,1047,43,0,344,0,0.853,0.026,246,151,0.935,0.094,DoS_DDoS,1
831,TCP,HTTPS,1636,2552,22,5039.1,26.47,1,22,1,0,0,0.811,0.05,36,62,0.034,0.019,Benign,0
70,TCP,DNS,4088,186958,10,2725335.24,142.65,1,10,1,0,0,0.892,0.026,29,61,0.048,0.033,Benign,0
400,TCP,SMTP,149,4754,51,12254.44,127.47,1,51,1,0,0,0.968,0.009,19,26,0.016,0.02,Benign,0
789,UDP,DNS,584,511,15,1387.66,19.01,1,15,1,0,0,0.954,0.06,22,31,0.028,0.005,Benign,0
1484,TCP,HTTPS,2568,7215,6,6591.87,4.04,1,6,1,0,0,0.858,0.056,16,21,0.018,0.014,Benign,0
2293,TCP,HTTP,2288,18919,8,9248.18,3.49,1,8,2,0,0,0.895,0.025,46,56,0.011,0.025,Benign,0
21,TCP,OTHER,80,0,1,3791.47,47.39,1,0,0,0,0,0.001,0.845,226,3,0.908,0.336,PortScan,1
45,ICMP,HTTP,13985,379,711,318492.24,15764.97,507,5,0,97,0,0.856,0.078,182,204,0.935,0.141,DoS_DDoS,1
500,TCP,HTTP,892,373,6,2529.49,12.0,1,6,1,0,0,0.756,0.028,18,71,0.05,0.031,Benign,0
2972,TCP,HTTPS,1735,1844,17,1204.2,5.72,1,17,1,0,0,0.763,0.149,32,44,0.05,0.015,Benign,0
42,TCP,HTTP,1638,1117,33,65439.43,783.85,1,33,1,0,0,0.932,0.001,2,5,0.008,0.004,Benign,0
5501,TCP,HTTPS,2118,7781,70,1799.46,12.72,2,70,1,0,0,0.852,0.025,45,84,0.032,0.033,Benign,0
735,UDP,DNS,5994,62,35,8238.33,47.61,1,35,1,0,0,0.907,0.096,27,85,0.026,0.036,Benign,0
1474,TCP,HTTP,595,600,40,810.66,27.14,1,40,1,0,0,0.858,0.006,49,80,0.027,0.027,Benign,0
2895,TCP,HTTP,1116,14499,8,5393.6,2.76,1,8,1,0,0,0.784,0.104,18,79,0.012,0.014,Benign,0
449,TCP,HTTPS,10615,26479,30,82596.3,66.8,1,30,1,1,0,0.804,0.093,15,99,0.022,0.011,Benign,0
622,TCP,HTTPS,2426,358,13,4475.16,20.9,2,13,1,0,0,0.77,0.094,9,36,0.034,0.001,Benign,0
181,TCP,HTTP,15798,107,1740,87824.41,9607.95,1317,57,0,642,0,0.874,0.067,218,174,0.845,0.1,DoS_DDoS,1
342,TCP,HTTP,2080,714,42,8167.2,122.77,1,42,1,0,0,0.75,0.019,26,86,0.002,0.021,Benign,0
787,UDP,HTTPS,3448,30449,116,43065.68,147.38,2,116,1,0,0,0.995,0.106,37,56,0.002,0.015,Benign,0
255,TCP,HTTP,6000,8005,53,54900.04,207.76,1,53,1,0,0,0.995,0.092,40,82,0.031,0.011,Benign,0
2288,TCP,HTTPS,5255,5280,47,4604.26,20.54,1,47,1,0,0,0.841,0.04,49,61,0.032,0.028,Benign,0
15,TCP,FTP,107,0,2,7086.09,132.45,2,0,0,0,0,0.184,0.765,212,13,0.859,0.385,PortScan,1
2048,TCP,SSH,513,842,50,661.59,24.41,2,48,1,2,5,0.973,0.088,21,34,0.103,0.325,BruteForce,1
1355,TCP,HTTPS,828,1456,9,1685.48,6.64,2,9,1,0,0,0.973,0.106,26,30,0.025,0.009,Benign,0
1097,TCP,HTTPS,2117,289,33,2193.05,30.08,1,33,1,0,0,0.868,0.134,7,43,0.042,0.021,Benign,0
327,TCP,HTTP,3419,7,616,10473.86,1883.22,504,20,0,114,0,0.917,0.039,248,245,0.864,0.157,DoS_DDoS,1
38,ICMP,DNS,3673,48582,11,1371522.31,288.71,1,11,1,0,0,0.976,0.143,34,91,0.044,0.022,Benign,0
2611,TCP,HTTPS,431,22494,19,8779.82,7.28,1,19,2,0,0,0.848,0.006,31,77,0.033,0.021,Benign,0
3513,TCP,SSH,1120,493,40,459.14,11.39,5,35,1,1,14,0.833,0.03,18,35,0.235,0.472,BruteForce,1
2305,TCP,HTTPS,1639,17769,15,8419.59,6.51,2,15,1,0,0,0.896,0.096,44,61,0.049,0.016,Benign,0
314,UDP,HTTP,4477,115,1051,14619.55,3346.07,967,5,0,333,0,0.884,0.079,251,167,0.701,0.185,DoS_DDoS,1
328,TCP,HTTPS,851,4644,7,16747.94,21.33,1,7,1,0,0,0.905,0.09,22,68,0.026,0.017,Benign,0
1359,TCP,TELNET,1108,1305,43,1775.44,31.64,2,41,1,1,3,0.902,0.034,53,21,0.161,0.294,BruteForce,1
4144,TCP,DNS,12571,16967,185,7127.72,44.64,1,185,1,0,0,0.958,0.139,11,84,0.02,0.01,Benign,0
18,TCP,OTHER,75,0,1,4143.65,55.25,1,0,0,0,0,0.038,0.945,230,1,0.763,0.321,PortScan,1
1117,TCP,HTTPS,5510,14867,28,18240.98,25.06,1,28,1,0,0,0.997,0.045,8,18,0.037,0.039,Benign,0
1407,TCP,HTTP,814,9559,9,7371.9,6.4,1,9,1,0,0,0.854,0.024,45,92,0.022,0.032,Benign,0
1755,TCP,HTTPS,9315,1054,55,5907.93,31.34,1,55,1,0,0,0.864,0.062,41,63,0.04,0.013,Benign,0
479,UDP,HTTP,2618,23685,20,54900.86,41.74,1,20,1,0,0,0.915,0.06,38,53,0.04,0.015,Benign,0
213,TCP,HTTP,22150,123,4331,104519.01,20323.79,3499,365,0,1177,0,0.945,0.079,202,207,0.906,0.021,DoS_DDoS,1
258,TCP,HTTPS,1693,3429,16,19845.02,61.99,2,16,1,0,0,0.901,0.037,33,94,0.004,0.013,Benign,0
52,TCP,HTTP,28276,193,1131,546429.94,21708.25,917,55,0,334,0,0.869,0.066,209,152,0.862,0.038,DoS_DDoS,1
81,ICMP,HTTPS,21556,29,2028,266152.9,25006.17,1689,11,0,399,0,0.929,0.056,184,236,0.939,0.18,DoS_DDoS,1
12,UDP,HTTPS,8987,10144,29,1581074.38,2396.69,2,29,1,0,0,0.88,0.049,37,47,0.027,0.012,Benign,0
692,TCP,SSH,2591,2263,13,7013.44,18.78,1,13,1,0,0,0.869,0.001,34,73,0.023,0.039,Benign,0
89,TCP,DNS,1065,2937,37,44915.82,415.26,1,37,1,1,0,0.768,0.067,49,95,0.042,0.025,Benign,0
2086,TCP,HTTPS,385,19288,7,9430.52,3.36,1,7,1,0,0,0.888,0.036,2,94,0.019,0.006,Benign,0
43,TCP,HTTPS,4524,205,806,109721.58,18700.7,678,66,0,167,0,0.853,0.004,251,222,0.854,0.001,DoS_DDoS,1
4884,TCP,OTHER,347,3206,21,727.46,4.3,1,20,1,0,0,0.444,0.419,32,8,0.041,0.025,Botnet_C2,1
762,TCP,HTTPS,4366,2831,13,9443.64,17.06,1,13,2,0,0,0.786,0.066,14,94,0.049,0.017,Benign,0
214,TCP,HTTPS,184,815,78,4666.04,364.32,1,78,1,0,0,0.825,0.094,38,97,0.006,0.038,Benign,0
610,TCP,SSH,1931,3133,13,8300.28,21.31,1,13,1,0,0,0.826,0.015,27,69,0.046,0.025,Benign,0
159,TCP,DNS,1768,1271,33,19101.19,207.42,1,33,1,0,0,0.999,0.114,44,92,0.032,0.0,Benign,0
115,TCP,HTTP,6100,22,600,53188.53,5212.86,488,43,0,207,0,0.916,0.08,231,155,0.756,0.15,DoS_DDoS,1
2374,TCP,HTTP,12980,7175,98,8489.53,41.28,1,98,1,0,0,0.86,0.121,5,81,0.028,0.017,Benign,0
939,TCP,DNS,5987,3847,9,10471.73,9.58,1,9,1,0,0,0.941,0.045,14,44,0.008,0.025,Benign,0
880,TCP,HTTPS,1236,3931,16,5870.92,18.18,2,16,2,0,0,0.808,0.066,40,69,0.019,0.002,Benign,0
2269,UDP,HTTP,1040,14801,16,6981.18,7.05,1,16,1,0,0,0.954,0.104,8,41,0.002,0.027,Benign,0
679,TCP,HTTPS,542,33386,10,49960.24,14.73,2,10,1,0,0,0.834,0.07,42,82,0.002,0.005,Benign,0
22,TCP,OTHER,50,0,2,2262.44,90.5,2,0,0,0,0,0.007,0.807,224,8,0.568,0.797,PortScan,1
1714,TCP,SSH,662,683,22,784.67,12.83,2,20,1,2,7,0.942,0.091,58,21,0.011,0.248,BruteForce,1
73,TCP,HTTP,15907,18,260,217852.26,3556.77,201,6,0,26,0,0.99,0.063,199,164,0.743,0.02,DoS_DDoS,1
21,TCP,SSH,115,0,3,5450.24,142.18,3,0,0,0,0,0.142,0.946,251,9,0.519,0.718,PortScan,1
1903,TCP,HTTPS,2729,7459,24,5353.37,12.61,1,24,1,0,0,0.82,0.05,2,15,0.035,0.015,Benign,0
1671,TCP,SMTP,285,592,5,524.8,2.99,1,5,1,0,0,0.922,0.049,16,62,0.016,0.039,Benign,0
1414,TCP,HTTP,1002,6324,45,5180.68,31.82,1,45,1,0,0,0.94,0.099,1,75,0.032,0.006,Benign,0
1028,TCP,HTTPS,299,4830,25,4988.81,24.32,1,25,1,0,0,0.988,0.05,46,98,0.029,0.039,Benign,0
781,TCP,SSH,694,1103,54,2300.6,69.13,5,49,1,1,9,0.962,0.071,25,17,0.2,0.425,BruteForce,1
369,UDP,HTTPS,7498,27084,14,93692.77,37.93,1,14,2,0,0,0.893,0.092,20,92,0.001,0.01,Benign,0
2563,TCP,SSH,1124,603,49,673.79,19.12,2,47,1,2,7,0.981,0.057,62,34,0.181,0.392,BruteForce,1
466,TCP,HTTP,2228,32605,29,74732.89,62.22,1,29,2,0,0,0.845,0.042,38,99,0.049,0.025,Benign,0
1958,UDP,HTTP,1393,6409,29,3984.47,14.81,1,29,1,0,0,0.801,0.029,20,73,0.023,0.013,Benign,0
154,UDP,HTTP,1938,2169,50,26651.52,324.46,1,50,1,0,0,0.945,0.108,35,75,0.027,0.003,Benign,0
38,UDP,HTTP,35939,18,339,943753.28,8897.64,261,24,0,43,0,0.903,0.049,241,197,0.713,0.1,DoS_DDoS,1
1654,TCP,HTTP,7244,38644,21,27741.97,12.7,1,21,1,0,0,0.837,0.121,29,45,0.045,0.037,Benign,0
149,TCP,HTTP,159,340,28,3346.75,187.79,2,28,2,0,0,0.815,0.126,8,94,0.034,0.036,Benign,0
274,TCP,HTTPS,16770,813,20,64148.12,72.97,1,20,1,0,0,0.79,0.049,44,87,0.03,0.022,Benign,0
395,TCP,HTTPS,2819,5825,38,21878.01,96.18,1,38,1,0,0,0.879,0.124,34,78,0.038,0.022,Benign,0
4767,UDP,DNS,152,1284,18,301.23,3.78,1,17,1,0,0,0.485,0.292,13,6,0.027,0.056,Botnet_C2,1
58,UDP,HTTP,32162,8,1061,553700.52,18261.62,853,105,0,140,0,0.878,0.041,235,243,0.956,0.055,DoS_DDoS,1
76,TCP,HTTP,16731,46,309,220459.92,4060.45,253,0,0,76,0,0.864,0.071,248,176,0.948,0.072,DoS_DDoS,1
5286,UDP,DNS,252,2732,18,564.5,3.41,1,17,1,0,0,0.83,0.163,33,29,0.062,0.042,Botnet_C2,1
978,TCP,DNS,3504,7738,17,11493.71,17.38,2,17,1,0,0,0.974,0.041,8,26,0.031,0.018,Benign,0
4049,TCP,HTTPS,13669,31228,45,11088.14,11.11,1,45,1,0,0,0.933,0.111,48,77,0.04,0.033,Benign,0
181,TCP,DNS,467,1586,20,11336.28,110.44,2,20,1,0,0,0.926,0.055,24,66,0.013,0.016,Benign,0
3258,UDP,SSH,8682,2228,149,3348.58,45.73,1,149,1,0,0,0.972,0.113,24,86,0.02,0.016,Benign,0
914,TCP,HTTP,10897,1424,29,13478.83,31.73,2,29,1,0,0,0.904,0.001,3,67,0.011,0.015,Benign,0
3,TCP,OTHER,44,53,2,31290.32,645.16,2,0,0,1,0,0.087,0.828,226,14,0.618,0.659,PortScan,1
1633,UDP,HTTPS,4654,1968,24,4054.86,14.7,1,24,1,0,0,0.862,0.052,36,73,0.04,0.005,Benign,0
39,TCP,OTHER,79,0,1,2020.46,25.58,1,0,0,0,0,0.183,0.742,252,3,0.934,0.449,PortScan,1
717,UDP,HTTPS,5731,178,145,8240.13,202.2,1,145,1,0,0,0.779,0.138,18,97,0.045,0.028,Benign,0
30,UDP,HTTP,18494,36,2241,615614.62,74451.83,1664,198,0,278,0,0.853,0.057,201,245,0.96,0.124,DoS_DDoS,1
99,TCP,HTTPS,28879,38,2106,291796.17,21251.26,1909,150,0,733,0,0.972,0.039,180,218,0.74,0.041,DoS_DDoS,1
3878,TCP,SSH,1457,681,21,551.3,5.42,4,17,1,3,10,0.925,0.061,76,39,0.174,0.502,BruteForce,1
28,TCP,SSH,40,0,2,1423.49,71.17,2,0,0,0,0,0.055,0.78,218,9,0.529,0.339,PortScan,1
668,UDP,HTTPS,58802,10,1303,88028.74,1950.31,1095,128,0,413,0,0.869,0.027,189,176,0.957,0.122,DoS_DDoS,1
8,TCP,FTP,97,0,2,11975.31,246.91,2,0,0,0,0,0.162,0.719,214,5,0.923,0.67,PortScan,1
197,UDP,HTTPS,30224,57,723,153632.67,3668.19,670,66,0,129,0,0.999,0.021,228,175,0.823,0.066,DoS_DDoS,1
98,TCP,DNS,15223,15,4694,155331.29,47849.13,3750,315,0,1406,0,0.896,0.015,224,156,0.734,0.164,DoS_DDoS,1
2054,TCP,HTTPS,74,8252,16,4053.36,7.79,1,16,2,0,0,0.88,0.105,49,97,0.013,0.01,Benign,0
293,TCP,HTTP,9722,6798,13,56363.02,44.35,1,13,1,0,0,0.763,0.067,14,35,0.04,0.039,Benign,0
256,TCP,HTTPS,119,16120,8,63408.82,31.24,1,8,1,0,0,0.896,0.009,36,46,0.003,0.031,Benign,0
2934,TCP,HTTP,2998,319,27,1130.5,9.2,1,27,1,0,0,0.927,0.027,21,58,0.019,0.018,Benign,0
353,UDP,HTTPS,776,6137,42,19578.02,118.95,1,42,1,0,0,0.884,0.106,16,20,0.012,0.031,Benign,0
344,UDP,HTTPS,360,17694,13,52467.31,37.78,1,13,2,0,0,0.821,0.055,13,88,0.049,0.007,Benign,0
263,TCP,HTTP,4357,104,882,16955.53,3352.34,791,55,0,210,0,0.959,0.069,244,240,0.709,0.119,DoS_DDoS,1
1148,TCP,TELNET,1085,452,56,1338.73,48.78,5,51,1,2,5,0.867,0.012,39,22,0.113,0.377,BruteForce,1
672,UDP,HTTPS,4441,50212,13,81316.77,19.34,1,13,2,0,0,0.843,0.004,42,58,0.048,0.024,Benign,0
222,UDP,HTTP,518,678,88,5384.96,396.22,2,88,1,0,0,0.757,0.056,1,18,0.049,0.006,Benign,0
60,TCP,DNS,1404,2270,12,61131.45,199.67,1,12,1,0,0,0.983,0.022,1,92,0.012,0.037,Benign,0
4196,TCP,HTTPS,2403,7408,13,2338.12,3.1,1,13,2,0,0,0.893,0.042,44,48,0.009,0.013,Benign,0
1065,TCP,HTTPS,870,2580,56,3239.13,52.58,1,56,2,0,0,0.82,0.017,25,46,0.042,0.017,Benign,0
64,UDP,HTTP,1568,24201,28,402012.48,436.82,1,28,1,0,0,0.838,0.094,20,38,0.025,0.013,Benign,0
682,TCP,DNS,10071,3503,55,19900.31,80.63,1,55,1,0,0,0.952,0.037,43,52,0.024,0.006,Benign,0
393,UDP,HTTPS,1578,987,26,6525.06,66.14,1,26,1,0,0,0.92,0.074,46,98,0.047,0.005,Benign,0
1204,TCP,HTTPS,1589,3868,14,4532.02,11.63,1,14,1,0,0,0.931,0.018,46,99,0.011,0.033,Benign,0
248,UDP,HTTP,4107,10,1748,16594.12,7045.55,1500,14,0,381,0,0.906,0.043,187,190,0.995,0.063,DoS_DDoS,1
114,UDP,DNS,223043,118,1773,1955836.99,15539.0,1342,11,0,575,0,0.892,0.044,227,222,0.945,0.129,DoS_DDoS,1
586,UDP,HTTP,3998,6607,18,18094.18,30.71,2,18,1,0,0,0.853,0.075,41,45,0.004,0.021,Benign,0
465,ICMP,SMTP,926,7167,41,17400.56,88.15,1,41,1,0,0,0.986,0.065,46,49,0.014,0.019,Benign,0
1012,UDP,HTTPS,1865,111521,17,112030.43,16.8,2,17,1,0,0,0.758,0.039,35,96,0.048,0.006,Benign,0
192,TCP,HTTP,49003,7,1191,255127.54,6199.9,931,13,0,195,0,0.957,0.049,207,225,0.845,0.159,DoS_DDoS,1
1062,UDP,HTTPS,1186,8641,17,9252.42,16.01,1,17,1,0,0,0.955,0.023,14,17,0.031,0.011,Benign,0
1534,TCP,SSH,854,791,49,1072.29,31.94,4,45,1,1,7,0.989,0.059,63,10,0.154,0.394,BruteForce,1
148,TCP,HTTP,1159,3648,104,32457.8,702.23,1,104,1,0,0,0.903,0.099,47,65,0.028,0.034,Benign,0
1878,TCP,HTTPS,2468,17520,16,10642.67,8.52,1,16,1,0,0,0.879,0.067,25,52,0.042,0.019,Benign,0
766,TCP,SSH,586,5700,12,8205.2,15.66,1,12,1,0,0,0.822,0.102,31,32,0.026,0.003,Benign,0
2500,TCP,SSH,10093,40503,17,20237.59,6.8,1,17,1,0,0,0.915,0.012,34,59,0.004,0.008,Benign,0
2582,UDP,HTTPS,1135,69044,19,27179.04,7.36,1,19,1,0,0,0.791,0.147,48,52,0.042,0.013,Benign,0
12,TCP,OTHER,43,0,2,3553.72,165.29,2,0,0,0,0,0.121,0.818,213,7,0.778,0.488,PortScan,1
2,TCP,OTHER,93,0,2,44285.71,952.38,2,0,0,0,0,0.102,0.882,243,2,0.826,0.314,PortScan,1
502,TCP,HTTP,3392,5508,80,17725.55,159.33,1,80,1,0,0,0.911,0.119,11,41,0.038,0.02,Benign,0
22,UDP,HTTP,21209,44,466,961674.21,21085.97,401,7,0,184,0,0.883,0.02,243,153,0.934,0.024,DoS_DDoS,1
949,TCP,HTTP,951,31920,22,34633.86,23.18,1,22,1,1,0,0.89,0.027,32,59,0.038,0.009,Benign,0
340,TCP,HTTP,14188,256,9854,42469.86,28973.83,7779,690,0,3013,0,0.936,0.005,245,242,0.712,0.144,DoS_DDoS,1
139,UDP,SSH,2915,59369,46,447764.2,330.7,1,46,1,0,0,0.769,0.01,18,42,0.022,0.036,Benign,0
18,TCP,SSH,69,25,3,5193.37,165.75,3,0,0,1,0,0.043,0.831,226,9,0.556,0.481,PortScan,1
18644,TCP,SSH,695,1430,59,113.98,3.16,2,57,1,1,10,0.953,0.048,56,39,0.215,0.486,BruteForce,1
13,TCP,DNS,6981,246,778,551679.39,59389.31,639,27,0,229,0,0.949,0.006,253,220,0.737,0.102,DoS_DDoS,1
485,TCP,DNS,8853,14847,17,48855.91,35.04,1,17,1,0,0,0.987,0.086,20,36,0.004,0.02,Benign,0
1385,TCP,SSH,953,926,42,1356.58,30.32,4,38,1,1,3,0.992,0.056,53,23,0.161,0.527,BruteForce,1
8437,TCP,FTP,1053,620,28,198.29,3.32,5,23,1,2,9,0.905,0.09,76,13,0.235,0.366,BruteForce,1
392,TCP,HTTP,3362,948,11,10992.09,28.05,1,11,1,0,0,0.951,0.063,3,30,0.007,0.014,Benign,0
4847,TCP,IRC,407,2053,8,507.52,1.65,1,7,1,0,0,0.684,0.352,19,21,0.088,0.083,Botnet_C2,1
5,TCP,DNS,22180,24,950,4353725.49,186274.51,871,3,0,102,0,0.998,0.054,216,239,0.792,0.197,DoS_DDoS,1
32,TCP,OTHER,102,0,1,3177.57,31.15,1,0,0,0,0,0.188,0.704,229,4,0.815,0.634,PortScan,1
2111,UDP,HTTPS,607,18318,10,8964.52,4.74,2,10,1,0,0,0.866,0.024,18,76,0.02,0.016,Benign,0
136,TCP,DNS,6227,92,268,46429.1,1969.14,231,2,0,33,0,0.935,0.032,192,181,0.867,0.077,DoS_DDoS,1
2020,TCP,HTTPS,4272,966,24,2592.94,11.88,1,24,2,0,0,0.842,0.02,10,87,0.046,0.012,Benign,0
967,UDP,HTTPS,1156,697,28,1916.04,28.95,1,28,1,0,0,0.829,0.009,15,16,0.04,0.03,Benign,0
7617,TCP,SSH,791,332,37,147.43,4.86,5,32,1,1,7,0.936,0.044,43,18,0.107,0.271,BruteForce,1
1189,TCP,HTTPS,2086,184,54,1909.01,45.41,1,54,1,0,0,0.756,0.129,43,76,0.045,0.024,Benign,0
1296,UDP,HTTPS,579,3695,23,3297.59,17.75,1,23,2,0,0,0.953,0.012,16,98,0.044,0.012,Benign,0
293,TCP,HTTPS,1775,2555,6,14773.11,20.47,1,6,2,0,0,0.973,0.111,41,57,0.024,0.04,Benign,0
320,TCP,SSH,6779,2742,36,29743.83,112.46,1,36,1,0,0,0.846,0.053,36,49,0.043,0.015,Benign,0
687,TCP,HTTP,2268,28778,29,45184.11,42.21,1,29,1,0,0,0.894,0.131,10,83,0.013,0.009,Benign,0
1252,TCP,HTTP,2223,50161,13,41836.91,10.38,1,13,1,0,0,0.908,0.01,16,17,0.025,0.019,Benign,0
18,UDP,HTTPS,9139,52,152,507790.06,8397.79,126,2,0,59,0,0.974,0.051,233,205,0.973,0.063,DoS_DDoS,1
241,TCP,DNS,5794,29,309,24151.8,1281.63,265,0,0,105,0,0.984,0.08,242,251,0.869,0.173,DoS_DDoS,1
88,TCP,HTTP,11896,4,323,135073.78,3666.29,298,1,0,71,0,0.96,0.025,247,225,0.869,0.199,DoS_DDoS,1
1394,UDP,HTTPS,19535,101,11,14085.07,7.89,1,11,1,0,0,0.983,0.088,7,18,0.039,0.007,Benign,0
1139,UDP,SSH,4405,21987,62,23169.17,54.43,1,62,1,0,0,0.844,0.106,18,30,0.034,0.031,Benign,0
4577,TCP,HTTPS,315,19984,23,4434.9,5.03,1,22,1,0,0,0.545,0.413,37,29,0.106,0.011,Botnet_C2,1
394,TCP,HTTPS,4233,2773,9,17777.21,22.84,1,9,1,0,0,0.988,0.131,26,76,0.017,0.017,Benign,0
662,TCP,HTTP,449,135932,25,205982.48,37.76,1,25,1,0,0,0.84,0.033,22,50,0.008,0.006,Benign,0
1283,TCP,HTTP,2219,2459,32,3645.86,24.94,1,32,1,0,0,0.766,0.133,31,67,0.017,0.026,Benign,0
25,TCP,FTP,67,0,3,2669.32,119.52,3,0,0,0,0,0.05,0.829,207,9,0.596,0.52,PortScan,1
123,TCP,HTTPS,1090,6303,32,60056.86,259.95,2,32,2,0,0,0.924,0.133,29,89,0.032,0.016,Benign,0
21,UDP,HTTP,2332,314,644,125402.84,30521.33,550,26,0,72,0,0.895,0.074,238,234,0.884,0.181,DoS_DDoS,1
66,TCP,HTTP,28582,332,3410,437428.14,51588.5,2670,132,0,792,0,0.906,0.061,205,230,0.957,0.066,DoS_DDoS,1
242,TCP,HTTPS,2356,1044,13,14043.78,53.7,1,13,1,0,0,0.985,0.144,39,48,0.006,0.034,Benign,0
549,TCP,DNS,2196,8777,23,19983.61,41.89,1,23,1,0,0,0.776,0.021,7,94,0.004,0.014,Benign,0
1504,TCP,FTP,675,581,47,835.05,31.25,5,42,1,2,14,0.871,0.011,19,10,0.247,0.398,BruteForce,1
5069,UDP,DNS,412,34203,23,6828.63,4.54,1,22,1,0,0,0.423,0.476,5,15,0.132,0.049,Botnet_C2,1
29,TCP,OTHER,108,0,3,3711.34,103.09,3,0,0,0,0,0.176,0.934,245,10,0.631,0.436,PortScan,1
2906,TCP,HTTPS,2324,3119,14,1872.96,4.82,1,14,1,0,0,0.985,0.119,21,27,0.011,0.018,Benign,0
1581,UDP,HTTPS,6601,3960,16,6679.53,10.12,1,16,1,0,0,0.832,0.005,35,86,0.013,0.002,Benign,0
1629,TCP,HTTP,4452,1345,21,3558.41,12.89,2,21,1,0,0,0.809,0.073,18,73,0.038,0.018,Benign,0
756,UDP,HTTPS,5363,11443,20,22227.22,26.45,1,20,1,0,0,0.87,0.093,6,52,0.033,0.025,Benign,0
5261,TCP,HTTPS,416,3236,8,694.15,1.52,1,7,1,0,0,0.442,0.446,17,17,0.109,0.063,Botnet_C2,1
75,TCP,SSH,15044,13871,22,385019.97,292.94,1,22,1,0,0,0.967,0.113,6,99,0.04,0.035,Benign,0
199,TCP,HTTP,2414,9170,8,58181.82,40.18,2,8,1,0,0,0.761,0.03,35,57,0.043,0.007,Benign,0
815,TCP,HTTPS,2482,22182,7,30258.86,8.59,1,7,1,0,0,0.974,0.134,48,78,0.048,0.027,Benign,0
103,TCP,HTTP,6531,48,1146,63811.83,11115.42,955,102,0,356,0,0.962,0.076,185,213,0.722,0.18,DoS_DDoS,1
116,UDP,DNS,18886,270,394,164995.69,3393.63,320,26,0,134,0,0.976,0.02,246,210,0.708,0.16,DoS_DDoS,1
18,TCP,HTTP,92,0,1,5082.87,55.25,1,0,0,0,0,0.139,0.837,221,6,0.886,0.386,PortScan,1
585,TCP,DNS,1502,5709,37,12324.39,63.24,1,37,1,0,0,0.975,0.05,28,28,0.039,0.036,Benign,0
429,TCP,DNS,635,1914,17,5940.34,39.62,1,17,1,0,0,0.901,0.129,22,83,0.024,0.005,Benign,0
1,TCP,OTHER,64,0,1,58181.82,909.09,1,0,0,0,0,0.037,0.809,229,14,0.829,0.684,PortScan,1
962,TCP,HTTP,1366,7464,22,9177.84,22.87,1,22,1,0,0,0.775,0.001,44,63,0.038,0.033,Benign,0
188,TCP,HTTPS,5537,61293,19,355289.74,101.01,1,19,1,0,0,0.887,0.035,36,48,0.019,0.0,Benign,0
80,TCP,HTTP,1057,6188,18,90449.44,224.72,2,18,1,0,0,0.772,0.146,2,22,0.024,0.001,Benign,0
25,TCP,SSH,49,31,2,3187.25,79.68,2,0,0,1,0,0.186,0.741,228,11,0.755,0.561,PortScan,1
379,TCP,DNS,27462,261,1137,73128.46,2999.21,959,69,0,320,0,0.98,0.011,204,245,0.943,0.061,DoS_DDoS,1
273,UDP,HTTPS,2948,35009,12,138985.72,43.94,1,12,1,0,0,0.864,0.044,14,37,0.038,0.028,Benign,0
642,TCP,DNS,1020,5473,52,10112.13,80.98,1,52,1,0,0,0.988,0.012,29,69,0.049,0.013,Benign,0
2566,TCP,HTTPS,1491,17011,40,7210.16,15.59,1,40,1,0,0,0.832,0.021,45,91,0.008,0.028,Benign,0
258,TCP,DNS,40409,19,866,156636.96,3355.29,782,59,0,215,0,0.983,0.053,213,209,0.713,0.152,DoS_DDoS,1
3717,TCP,HTTPS,1474,3908,13,1447.9,3.5,1,13,1,0,0,0.985,0.005,48,57,0.042,0.011,Benign,0
258,TCP,HTTP,7490,121,1816,29488.57,7036.03,1592,53,0,691,0,0.971,0.017,236,194,0.986,0.177,DoS_DDoS,1
4342,ICMP,SSH,1726,1313,44,699.89,10.13,1,44,2,0,0,0.892,0.11,3,44,0.011,0.002,Benign,0
1367,TCP,FTP,906,817,46,1260.33,33.65,4,42,1,1,3,0.871,0.035,73,30,0.009,0.478,BruteForce,1
35,TCP,OTHER,85,54,2,3960.11,56.98,2,0,0,1,0,0.111,0.745,250,2,0.829,0.606,PortScan,1
52,TCP,HTTPS,2351,1353,42,71094.05,806.14,1,42,1,0,0,0.881,0.024,39,80,0.009,0.014,Benign,0
67,TCP,HTTP,1435,523,14,29180.33,208.64,1,14,1,0,0,0.796,0.121,38,63,0.007,0.004,Benign,0
6106,TCP,HTTP,385,26596,9,4418.7,1.47,1,9,2,0,0,0.821,0.049,34,68,0.038,0.002,Benign,0
16,TCP,SSH,55,0,2,3416.15,124.22,2,0,0,0,0,0.2,0.909,254,2,0.75,0.377,PortScan,1
781,TCP,HTTPS,502,1286,15,2289.08,19.2,1,15,1,0,0,0.876,0.033,37,55,0.045,0.04,Benign,0
3617,TCP,HTTP,1030,45189,34,12777.92,9.4,1,34,1,0,0,0.814,0.054,12,17,0.002,0.006,Benign,0
23,TCP,OTHER,49,0,1,2121.21,43.29,1,0,0,0,0,0.055,0.875,233,5,0.913,0.618,PortScan,1
1498,UDP,HTTPS,715,2854,7,2382.35,4.67,1,7,1,0,0,0.88,0.088,23,65,0.045,0.02,Benign,0
348,TCP,HTTP,2651,5982,17,24800.34,48.84,1,17,1,0,0,0.918,0.096,27,58,0.024,0.017,Benign,0
2782,TCP,HTTPS,717,3765,35,1611.01,12.58,1,35,1,0,0,0.751,0.048,30,54,0.011,0.008,Benign,0
4893,TCP,DNS,496,3588,24,834.64,4.9,1,23,1,0,0,0.625,0.492,11,6,0.015,0.081,Botnet_C2,1
22,TCP,OTHER,73,0,1,3303.17,45.25,1,0,0,0,0,0.101,0.784,210,4,0.827,0.317,PortScan,1
526,TCP,HTTP,1374,5378,20,12834.06,38.02,1,20,1,0,0,0.864,0.112,32,57,0.001,0.001,Benign,0
1770,TCP,HTTP,516,6355,34,3881.7,19.21,1,34,1,0,0,0.809,0.021,27,71,0.023,0.024,Benign,0
4818,UDP,HTTPS,11087,686,47,2443.49,9.75,1,47,1,0,0,0.918,0.044,3,91,0.006,0.019,Benign,0
1106,UDP,DNS,1439,350,6,1617.39,5.42,1,6,1,0,0,0.915,0.048,26,97,0.023,0.028,Benign,0
61,UDP,DNS,84597,3,452,1384615.38,7397.71,378,18,0,148,0,0.933,0.066,235,185,0.946,0.164,DoS_DDoS,1
34,UDP,HTTP,2921,378,11,96744.87,322.58,1,11,1,0,0,0.756,0.048,28,48,0.003,0.01,Benign,0
37,TCP,OTHER,42,0,1,1132.08,26.95,1,0,0,0,0,0.022,0.953,208,8,0.501,0.455,PortScan,1
192,TCP,HTTPS,4883,78,856,25825.09,4456.01,706,64,0,290,0,0.992,0.057,193,151,0.729,0.025,DoS_DDoS,1
869,TCP,HTTPS,556,11899,4,14330.92,4.6,1,4,1,0,0,0.792,0.052,10,70,0.04,0.032,Benign,0
346,TCP,HTTPS,1365,58643,62,173383.42,179.14,1,62,1,0,0,0.785,0.086,41,99,0.015,0.024,Benign,0
1152,TCP,HTTPS,751,333009,36,289697.07,31.25,1,36,1,0,0,0.927,0.088,23,97,0.029,0.022,Benign,0
93,UDP,HTTP,5064,27,277,54683.14,2975.3,239,15,0,91,0,0.959,0.057,191,231,0.909,0.148,DoS_DDoS,1
293,UDP,HTTPS,429,18253,17,63739.34,58.0,1,17,1,0,0,0.819,0.085,43,76,0.001,0.028,Benign,0
72,TCP,HTTP,11383,30,181,158294.04,2510.4,153,13,0,30,0,0.973,0.003,203,229,0.89,0.058,DoS_DDoS,1
3045,TCP,HTTPS,679,4588,48,1729.66,15.76,1,48,1,0,0,0.886,0.121,48,75,0.041,0.007,Benign,0
5098,TCP,OTHER,230,47611,24,9384.08,4.71,1,23,1,0,0,0.492,0.305,48,8,0.134,0.06,Botnet_C2,1
279,TCP,DNS,13078,6717,24,70924.4,85.99,2,24,1,1,0,0.917,0.043,6,61,0.007,0.002,Benign,0
44,TCP,HTTP,65,0,1,1473.92,22.68,1,0,0,0,0,0.092,0.898,211,5,0.532,0.633,PortScan,1
1879,TCP,HTTPS,1630,4125,37,3062.64,19.69,1,37,1,0,0,0.919,0.042,28,42,0.006,0.01,Benign,0
12,TCP,OTHER,99,0,3,8181.82,247.93,3,0,0,0,0,0.023,0.784,212,14,0.88,0.684,PortScan,1
2120,TCP,HTTP,1161,9171,12,4873.36,5.66,1,12,2,0,0,0.906,0.098,30,43,0.043,0.007,Benign,0
456,TCP,HTTP,296,1099,40,3058.54,87.7,2,40,2,0,0,0.929,0.091,28,36,0.013,0.028,Benign,0
83,TCP,HTTPS,2166,35,532,26486.16,6401.93,413,51,0,203,0,0.947,0.072,230,189,0.804,0.121,DoS_DDoS,1
18,TCP,HTTP,4404,51,625,246132.6,34530.39,556,6,0,218,0,0.85,0.071,230,180,0.862,0.048,DoS_DDoS,1
15,TCP,OTHER,81,42,2,8145.7,132.45,2,0,0,1,0,0.07,0.802,201,11,0.642,0.311,PortScan,1
270,TCP,DNS,277,1232,44,5586.82,162.9,1,44,1,0,0,0.912,0.131,14,90,0.038,0.006,Benign,0
35,TCP,HTTP,46083,65,766,1314757.83,21823.36,558,69,0,138,0,0.883,0.005,215,232,0.807,0.098,DoS_DDoS,1
334,TCP,HTTP,14226,5691,19,59613.89,56.87,1,19,2,0,0,0.765,0.11,3,32,0.011,0.031,Benign,0
2087,TCP,HTTP,1269,1448,43,1301.81,20.6,1,43,1,0,0,0.849,0.086,1,77,0.027,0.04,Benign,0
1074,UDP,DNS,437,934,18,1276.42,16.76,1,18,1,1,0,0.955,0.026,29,73,0.041,0.036,Benign,0
496,UDP,HTTP,45750,150,347,92521.67,699.46,289,9,0,81,0,0.915,0.023,225,253,0.823,0.11,DoS_DDoS,1
697,TCP,HTTPS,715,18663,73,27798.02,104.72,2,73,1,0,0,0.944,0.084,5,27,0.006,0.005,Benign,0
583,UDP,HTTPS,1376,19520,41,35836.05,70.31,1,41,2,0,0,0.874,0.065,12,99,0.01,0.012,Benign,0
1200,ICMP,DNS,3586,10219,22,11503.21,18.33,1,22,2,0,0,0.833,0.128,20,55,0.047,0.02,Benign,0
1603,UDP,HTTP,1881,20514,29,13969.81,18.09,1,29,1,0,0,0.898,0.008,18,85,0.047,0.026,Benign,0
1247,TCP,HTTPS,377,10075,25,8381.04,20.05,1,25,1,0,0,0.87,0.064,43,74,0.048,0.019,Benign,0
2771,TCP,FTP,1259,607,17,673.38,6.13,4,13,1,1,7,0.809,0.041,53,17,0.033,0.576,BruteForce,1
2568,UDP,HTTP,647,1936,28,1005.8,10.9,1,28,1,0,0,0.904,0.103,48,60,0.027,0.021,Benign,0
1773,TCP,SSH,259,8626,49,5011.0,27.64,2,49,1,0,0,0.942,0.022,5,51,0.012,0.035,Benign,0
155,UDP,HTTP,28099,363,512,183507.41,3301.1,445,9,0,96,0,0.925,0.065,227,247,0.832,0.191,DoS_DDoS,1
938,TCP,HTTP,863,33826,11,36977.93,11.73,1,11,1,0,0,0.752,0.119,9,60,0.04,0.025,Benign,0
654,UDP,DNS,256,1283,27,2352.85,41.28,1,27,1,0,0,0.781,0.054,10,62,0.005,0.026,Benign,0
669,TCP,HTTPS,843,3619,14,6668.66,20.92,1,14,1,0,0,0.756,0.124,18,27,0.031,0.033,Benign,0
1269,TCP,HTTPS,217,7604,27,6162.63,21.27,1,27,1,0,0,0.893,0.061,5,63,0.033,0.039,Benign,0
1155,TCP,DNS,492,23331,110,20624.19,95.23,1,110,2,0,0,0.993,0.1,32,66,0.042,0.011,Benign,0
182,UDP,DNS,8338,21,263,45903.35,1444.26,238,11,0,55,0,0.992,0.001,254,247,0.99,0.155,DoS_DDoS,1
1742,TCP,SSH,1373,3099,9,2567.02,5.17,1,9,2,0,0,0.97,0.099,44,45,0.037,0.021,Benign,0
754,UDP,HTTP,4153,69898,10,98197.85,13.26,1,10,1,0,0,0.952,0.069,49,80,0.013,0.007,Benign,0
373,UDP,HTTP,3098,5055,5,21852.05,13.4,1,5,2,0,0,0.922,0.035,18,90,0.001,0.002,Benign,0
104,TCP,HTTPS,13778,28786,14,408876.08,134.49,2,14,1,0,0,0.837,0.078,42,48,0.037,0.023,Benign,0
2003,UDP,HTTPS,1306,10755,11,6021.17,5.49,1,11,2,0,0,0.777,0.13,19,38,0.012,0.019,Benign,0
215,UDP,HTTP,1675,4878,7,30464.9,32.54,2,7,2,0,0,0.832,0.046,40,82,0.034,0.012,Benign,0
2170,UDP,HTTPS,1419,157743,45,73343.16,20.74,1,45,1,0,0,0.772,0.102,9,20,0.027,0.028,Benign,0
21,TCP,HTTPS,3651,10,220,173507.11,10426.54,154,3,0,44,0,0.914,0.032,228,224,0.944,0.083,DoS_DDoS,1
30,TCP,OTHER,101,0,2,3355.48,66.45,2,0,0,0,0,0.139,0.883,243,9,0.69,0.798,PortScan,1
124,TCP,HTTP,7762,9996,20,143094.28,161.16,1,20,1,0,0,0.795,0.054,46,91,0.03,0.007,Benign,0
5674,TCP,SSH,792,508,19,229.11,3.35,2,17,1,2,10,0.967,0.008,14,12,0.231,0.256,BruteForce,1
262,TCP,HTTP,631,1452,16,7947.35,61.05,1,16,1,0,0,0.884,0.032,29,72,0.03,0.035,Benign,0
123,TCP,HTTPS,817,24608,9,206539.4,73.11,1,9,1,0,0,0.803,0.06,8,76,0.042,0.011,Benign,0
483,TCP,HTTPS,2030,6507,15,17671.29,31.05,2,15,1,1,0,0.961,0.128,13,99,0.02,0.033,Benign,0
242,TCP,HTTPS,8333,43,2864,34597.27,11829.82,2534,157,0,642,0,0.875,0.073,222,235,0.772,0.048,DoS_DDoS,1
58,TCP,DNS,21639,456,1835,380292.6,31583.48,1696,69,0,319,0,0.936,0.033,182,174,0.918,0.007,DoS_DDoS,1
254,UDP,DNS,17038,30,2556,67170.41,10059.03,2405,196,0,560,0,0.915,0.012,250,212,0.834,0.052,DoS_DDoS,1
786,TCP,HTTPS,1129,4659,30,7362.93,38.16,1,30,1,0,0,0.78,0.024,28,97,0.046,0.031,Benign,0
1672,TCP,HTTPS,5665,5632,7,6756.17,4.19,1,7,1,0,0,0.907,0.086,26,38,0.03,0.013,Benign,0
5836,TCP,SSH,1363,421,45,305.68,7.71,3,42,1,3,14,0.808,0.037,47,18,0.207,0.513,BruteForce,1
1272,TCP,DNS,1146,890,9,1600.5,7.07,1,9,1,0,0,0.951,0.072,49,73,0.021,0.001,Benign,0
199,TCP,HTTP,948,13135,10,70733.3,50.23,1,10,1,0,0,0.977,0.04,48,72,0.04,0.003,Benign,0
24,UDP,HTTPS,2901,8385,22,468298.76,912.86,1,22,1,0,0,0.839,0.138,4,38,0.035,0.01,Benign,0
35,TCP,HTTPS,4280,12269,19,471481.48,541.31,2,19,1,0,0,0.751,0.032,35,97,0.038,0.006,Benign,0
8579,TCP,SSH,605,618,44,142.56,5.13,2,42,1,2,6,0.984,0.067,27,17,0.025,0.482,BruteForce,1
393,TCP,HTTPS,3325,6740,32,25604.17,81.4,1,32,1,1,0,0.918,0.048,39,87,0.013,0.022,Benign,0
3099,TCP,SSH,567,1189,23,566.62,7.42,2,21,1,3,3,0.843,0.021,43,5,0.177,0.545,BruteForce,1
3286,UDP,DNS,4321,9315,47,4149.6,14.3,1,47,1,0,0,0.949,0.145,18,50,0.028,0.038,Benign,0
34,TCP,OTHER,61,0,1,1788.86,29.33,1,0,0,0,0,0.144,0.986,210,11,0.535,0.608,PortScan,1
455,UDP,HTTPS,2089,5591,105,16875.41,230.72,2,105,1,0,0,0.869,0.023,24,72,0.027,0.039,Benign,0
291,UDP,HTTPS,24527,14010,39,132384.06,133.97,1,39,1,0,0,0.979,0.092,23,94,0.03,0.027,Benign,0
238,TCP,DNS,1721,2809,8,19025.62,33.6,1,8,1,0,0,0.767,0.113,32,43,0.013,0.026,Benign,0
774,TCP,HTTP,4382,2775,34,9245.58,43.92,1,34,1,1,0,0.903,0.026,14,60,0.026,0.034,Benign,0
46,TCP,HTTPS,671,8888,14,207353.58,303.69,2,14,1,0,0,0.818,0.097,8,34,0.048,0.005,Benign,0
871,TCP,TELNET,1260,460,40,1974.51,45.92,4,36,1,1,8,0.842,0.085,28,36,0.214,0.293,BruteForce,1
67,TCP,DNS,5747,79,2741,86825.63,40849.48,2583,48,0,351,0,0.998,0.044,196,223,0.819,0.133,DoS_DDoS,1
998,TCP,HTTPS,860,518,48,1380.62,48.09,2,48,1,0,0,0.876,0.019,28,92,0.03,0.036,Benign,0
148,UDP,HTTP,7529,32,833,51053.34,5624.58,748,23,0,210,0,0.901,0.062,212,210,0.989,0.08,DoS_DDoS,1
868,TCP,HTTPS,764,4881,55,6502.71,63.36,1,55,1,0,0,0.836,0.142,25,57,0.024,0.024,Benign,0
142,TCP,HTTPS,1659,7315,4,63152.71,28.15,1,4,1,0,0,0.838,0.04,44,77,0.042,0.035,Benign,0
186,TCP,SSH,4586,38487,6,231450.83,32.24,1,6,1,0,0,0.754,0.087,21,43,0.035,0.016,Benign,0
441,UDP,DNS,2746,12547,30,34670.14,68.01,1,30,1,1,0,0.863,0.019,37,45,0.032,0.018,Benign,0
38,TCP,HTTPS,4815,189,554,131338.58,14540.68,412,51,0,143,0,0.995,0.028,209,230,0.948,0.05,DoS_DDoS,1
150,TCP,HTTPS,2292,3694,8,39880.08,53.3,1,8,1,0,0,0.857,0.05,5,74,0.003,0.001,Benign,0
306,TCP,HTTP,3409,3260,25,21787.0,81.67,1,25,1,1,0,0.938,0.024,25,67,0.003,0.034,Benign,0
2,TCP,SSH,104,0,1,49523.81,476.19,1,0,0,0,0,0.167,0.709,249,9,0.901,0.541,PortScan,1
320,TCP,HTTPS,1013,7137,10,25460.79,31.24,1,10,1,0,0,0.802,0.102,29,67,0.007,0.014,Benign,0
2466,UDP,HTTPS,3749,13389,14,6949.43,5.68,1,14,1,0,0,0.775,0.134,16,19,0.045,0.034,Benign,0
186,TCP,HTTPS,19508,65,14007,105174.64,75265.99,10917,965,0,2600,0,0.919,0.069,218,184,0.859,0.097,DoS_DDoS,1
211,TCP,HTTP,20658,802,995,101657.98,4713.41,733,41,0,195,0,0.97,0.058,235,192,0.947,0.082,DoS_DDoS,1
187,UDP,HTTP,6300,30,1959,33832.18,10470.34,1618,105,0,366,0,0.873,0.062,197,184,0.777,0.127,DoS_DDoS,1
6,TCP,HTTP,21140,58,483,3475081.97,79180.33,424,26,0,60,0,0.991,0.057,232,178,0.772,0.041,DoS_DDoS,1
576,UDP,DNS,4250,51,754,7465.72,1308.8,574,39,0,265,0,0.933,0.08,199,240,0.875,0.114,DoS_DDoS,1
12,TCP,OTHER,107,0,3,8842.98,247.93,3,0,0,0,0,0.087,0.772,217,11,0.613,0.428,PortScan,1
80,TCP,HTTPS,13029,124,512,164207.24,6392.01,367,43,0,193,0,0.934,0.056,243,182,0.831,0.176,DoS_DDoS,1
466,TCP,HTTPS,184,4226,34,9461.49,72.95,1,34,1,0,0,0.996,0.082,4,92,0.019,0.007,Benign,0
733,UDP,HTTPS,75,1618,22,2309.37,30.01,2,22,1,0,0,0.982,0.149,38,87,0.037,0.023,Benign,0
1308,UDP,DNS,11136,3723,6,11359.22,4.59,1,6,1,0,0,0.887,0.014,1,72,0.003,0.001,Benign,0
1463,TCP,HTTP,1634,4752,10,4364.71,6.83,1,10,1,0,0,0.841,0.09,17,49,0.026,0.027,Benign,0
52,TCP,HTTP,41993,24,234,806468.33,4491.36,217,2,0,77,0,0.959,0.026,209,150,0.896,0.06,DoS_DDoS,1
3313,UDP,HTTP,701,1269,25,594.61,7.55,1,25,1,0,0,0.912,0.093,30,35,0.003,0.04,Benign,0
2089,UDP,DNS,1389,3041,21,2120.53,10.05,1,21,1,0,0,0.985,0.008,24,36,0.014,0.01,Benign,0
456,TCP,HTTPS,22446,8952,15,68840.17,32.89,1,15,1,0,0,0.979,0.083,46,97,0.05,0.011,Benign,0
601,TCP,HTTP,1428,19454,14,34739.64,23.29,1,14,1,1,0,0.841,0.023,35,72,0.029,0.013,Benign,0
7,TCP,DNS,5627,85,654,804507.04,92112.68,606,46,0,216,0,0.868,0.008,231,157,0.798,0.041,DoS_DDoS,1
258,UDP,DNS,16464,6052,39,87237.5,151.1,1,39,1,0,0,0.809,0.132,7,96,0.047,0.026,Benign,0
111,UDP,DNS,4728,117,253,43609.36,2277.23,212,19,0,64,0,0.972,0.072,213,170,0.876,0.094,DoS_DDoS,1
5415,TCP,DNS,528,23353,21,4410.08,3.88,1,20,1,0,0,0.765,0.319,39,16,0.04,0.057,Botnet_C2,1
1337,UDP,HTTP,5433,1267,7,5010.84,5.24,1,7,2,0,0,0.999,0.073,47,81,0.025,0.002,Benign,0
3707,TCP,HTTP,1176,13249,34,3891.18,9.17,1,34,1,0,0,0.887,0.102,15,79,0.02,0.011,Benign,0
2079,TCP,HTTPS,2923,1989,35,2362.56,16.83,1,35,1,1,0,0.794,0.085,30,43,0.048,0.034,Benign,0
249,TCP,HTTPS,19317,101,1218,77952.63,4889.6,1024,58,0,434,0,0.878,0.013,191,159,0.961,0.015,DoS_DDoS,1
77,UDP,DNS,58054,27,2424,753320.36,31439.69,2294,142,0,740,0,0.968,0.008,231,191,0.893,0.074,DoS_DDoS,1
1570,TCP,HTTPS,429,284939,48,181751.48,30.57,2,48,1,0,0,0.75,0.08,27,71,0.029,0.011,Benign,0
2202,TCP,TELNET,922,380,17,591.25,7.72,5,12,1,1,11,0.99,0.038,69,16,0.18,0.587,BruteForce,1
198,ICMP,DNS,542,3254,69,19162.04,348.31,1,69,1,0,0,0.937,0.007,26,88,0.042,0.007,Benign,0
1679,UDP,HTTPS,924,2858,21,2252.4,12.51,1,21,1,1,0,0.76,0.077,8,19,0.007,0.024,Benign,0
303,UDP,HTTPS,3332,21298,63,81260.31,207.85,1,63,1,0,0,0.798,0.041,34,68,0.01,0.028,Benign,0
876,TCP,HTTP,451,31574,15,36554.05,17.12,1,15,2,0,0,0.927,0.012,4,16,0.006,0.025,Benign,0
2166,TCP,DNS,1030,19583,22,9516.18,10.16,1,22,1,0,0,0.911,0.013,5,6,0.039,0.008,Benign,0
168,UDP,HTTPS,7427,96,198,44753.12,1177.87,143,3,0,76,0,0.94,0.038,240,220,0.758,0.147,DoS_DDoS,1
3017,UDP,HTTPS,1109,1766,44,952.9,14.58,1,44,1,0,0,0.902,0.051,34,82,0.02,0.013,Benign,0
387,TCP,DNS,1618,4008,14,14533.71,36.17,1,14,1,0,0,0.962,0.089,7,9,0.019,0.038,Benign,0
820,TCP,HTTPS,1000,42849,9,53467.87,10.97,1,9,1,0,0,0.796,0.1,7,73,0.041,0.027,Benign,0
28,TCP,FTP,71,0,2,2526.69,71.17,2,0,0,0,0,0.001,0.857,219,3,0.687,0.552,PortScan,1
582,UDP,HTTP,43582,44,515,74945.89,884.73,472,43,0,108,0,0.88,0.064,242,181,0.987,0.008,DoS_DDoS,1
3112,UDP,HTTP,3990,1048,22,1618.84,7.07,1,22,1,0,0,0.871,0.093,19,65,0.01,0.02,Benign,0
4624,TCP,IRC,499,13459,20,3018.53,4.33,1,19,1,0,0,0.699,0.434,47,17,0.056,0.094,Botnet_C2,1
203,TCP,HTTPS,876,48687,6,244032.5,29.54,1,6,1,0,0,0.834,0.082,6,62,0.004,0.006,Benign,0
2825,TCP,SSH,1119,621,34,615.91,12.03,4,30,1,1,11,0.837,0.035,73,25,0.139,0.329,BruteForce,1
192,TCP,DNS,1989,22512,20,127542.95,104.11,1,20,1,0,0,0.855,0.134,33,49,0.041,0.011,Benign,0
42,TCP,OTHER,67,0,1,1591.45,23.75,1,0,0,0,0,0.079,0.971,207,5,0.826,0.672,PortScan,1
3794,TCP,HTTPS,4250,5886,13,2671.52,3.43,1,13,1,0,0,0.975,0.124,3,43,0.041,0.027,Benign,0
395,TCP,HTTP,5244,351680,59,903376.36,149.33,2,59,1,0,0,0.812,0.114,15,84,0.031,0.017,Benign,0
5277,TCP,IRC,435,24869,8,4795.06,1.52,1,7,1,0,0,0.804,0.2,5,26,0.093,0.004,Botnet_C2,1
187,UDP,HTTPS,611,19330,27,106579.37,144.31,1,27,1,0,0,0.757,0.102,37,95,0.03,0.034,Benign,0
3161,UDP,HTTP,3135,37838,25,12961.63,7.91,1,25,1,0,0,0.781,0.071,28,84,0.028,0.026,Benign,0
49,TCP,SSH,1464,211,11,34114.05,224.03,1,11,1,0,0,0.955,0.119,27,84,0.011,0.038,Benign,0
4386,UDP,DNS,229,1211,21,328.31,4.79,1,21,1,0,0,0.878,0.099,36,53,0.014,0.032,Benign,0
232,UDP,DNS,18723,74,4348,80986.64,18733.3,3405,374,0,1554,0,0.86,0.028,204,205,0.84,0.045,DoS_DDoS,1
764,UDP,HTTPS,7836,1213,43,11842.69,56.28,1,43,1,0,0,0.766,0.048,44,57,0.013,0.023,Benign,0
96,UDP,HTTPS,1589,1439,18,31508.84,187.3,1,18,1,1,0,0.792,0.049,10,93,0.009,0.028,Benign,0
342,UDP,HTTP,405,33967,21,100473.55,61.39,1,21,1,0,0,0.944,0.05,37,95,0.031,0.017,Benign,0
81,TCP,HTTP,27172,54,306,335709.0,3773.12,235,10,0,36,0,0.964,0.067,181,246,0.925,0.026,DoS_DDoS,1
11,UDP,HTTPS,1672,89,751,158648.65,67657.66,643,72,0,160,0,0.919,0.04,210,158,0.863,0.044,DoS_DDoS,1
8,UDP,HTTP,3576,148,101,459753.09,12469.14,77,1,0,34,0,0.878,0.035,186,230,0.913,0.0,DoS_DDoS,1
25,ICMP,HTTP,7579,38,114,303466.14,4541.83,88,11,0,38,0,0.995,0.03,201,167,0.982,0.035,DoS_DDoS,1
5498,TCP,HTTPS,905,60319,9,11135.48,1.64,1,9,1,0,0,0.918,0.097,45,48,0.011,0.025,Benign,0
4971,TCP,IRC,264,2902,20,636.88,4.02,1,19,1,0,0,0.604,0.258,43,26,0.149,0.062,Botnet_C2,1
1961,TCP,HTTPS,623,164,56,401.31,28.56,1,56,2,0,0,0.751,0.062,45,66,0.033,0.008,Benign,0
686,TCP,DNS,2211,3231,8,7931.79,11.66,1,8,1,0,0,0.88,0.022,30,71,0.036,0.022,Benign,0
4930,TCP,HTTPS,450,11745,15,2473.58,3.04,1,14,1,0,0,0.478,0.232,15,23,0.024,0.062,Botnet_C2,1
1028,TCP,HTTPS,1020,4146,24,5024.8,23.34,1,24,1,0,0,0.767,0.084,10,68,0.012,0.04,Benign,0
425,TCP,HTTPS,2906,8061,17,25798.64,39.99,1,17,2,0,0,0.931,0.078,32,53,0.021,0.026,Benign,0
330,UDP,SSH,1980,954,17,8888.22,51.5,2,17,2,0,0,0.961,0.078,6,27,0.004,0.03,Benign,0
214,TCP,HTTPS,1086,9775,13,50728.63,60.72,1,13,1,0,0,0.988,0.04,7,30,0.001,0.033,Benign,0
2869,UDP,HTTPS,7481,359,49,2732.56,17.08,1,49,1,0,0,0.926,0.037,19,57,0.022,0.01,Benign,0
1185,TCP,HTTPS,11045,1467,9,10557.76,7.59,1,9,1,0,0,0.796,0.056,6,13,0.022,0.002,Benign,0
114,TCP,HTTP,2362,3753,39,53593.34,341.81,1,39,1,0,0,0.813,0.056,47,67,0.042,0.012,Benign,0
38,UDP,HTTPS,732,10002,22,281732.28,577.43,1,22,1,0,0,0.958,0.04,49,49,0.019,0.015,Benign,0
278,TCP,HTTPS,1438,6831,30,29733.91,107.87,1,30,1,0,0,0.884,0.145,12,64,0.012,0.028,Benign,0
538,TCP,SMTP,2928,480,44,6333.4,81.77,2,44,1,0,0,0.782,0.11,23,42,0.022,0.035,Benign,0
876,TCP,HTTP,1737,507,27,2561.35,30.82,2,27,1,0,0,0.907,0.123,12,92,0.022,0.005,Benign,0
621,TCP,HTTPS,1115,795,27,3075.19,43.47,1,27,1,0,0,0.763,0.141,21,75,0.016,0.006,Benign,0
415,TCP,HTTP,7796,730,19,20539.63,45.77,1,19,1,0,0,0.763,0.064,12,29,0.001,0.006,Benign,0
37,TCP,OTHER,42,0,3,1132.08,80.86,3,0,0,0,0,0.075,0.984,240,5,0.861,0.533,PortScan,1
1725,UDP,HTTPS,2869,1634,34,2610.28,19.71,1,34,1,0,0,0.97,0.089,38,82,0.03,0.02,Benign,0
6784,TCP,TELNET,1984,1261,40,478.32,5.9,5,35,1,3,7,0.835,0.033,61,18,0.156,0.274,BruteForce,1
38,TCP,OTHER,97,0,2,2545.93,52.49,2,0,0,0,0,0.127,0.858,244,12,0.618,0.791,PortScan,1
13,UDP,HTTP,11148,22,502,852671.76,38320.61,407,47,0,109,0,0.886,0.036,196,220,0.8,0.165,DoS_DDoS,1
44,TCP,FTP,49,0,3,1111.11,68.03,3,0,0,0,0,0.113,0.906,205,1,0.617,0.402,PortScan,1
4846,UDP,IRC,469,1790,15,466.15,3.1,1,14,1,0,0,0.781,0.297,17,18,0.049,0.07,Botnet_C2,1
1261,UDP,HTTPS,871,20017,8,16563.32,6.34,2,8,1,0,0,0.911,0.135,21,75,0.004,0.002,Benign,0
962,UDP,HTTP,1957,15951,14,18613.45,14.55,1,14,1,0,0,0.852,0.07,38,40,0.03,0.024,Benign,0
4729,UDP,HTTP,165,4239,16,931.26,3.38,1,16,1,0,0,0.977,0.118,2,26,0.006,0.024,Benign,0
23,TCP,HTTPS,17868,44,903,775411.26,39090.91,759,9,0,140,0,0.938,0.051,203,161,0.747,0.177,DoS_DDoS,1
4716,TCP,IRC,473,3102,16,758.04,3.39,1,15,1,0,0,0.73,0.282,16,2,0.137,0.031,Botnet_C2,1
743,TCP,HTTPS,1877,1183,24,4117.88,32.3,2,24,1,0,0,0.882,0.081,15,82,0.039,0.021,Benign,0
4398,TCP,HTTP,356,6374,26,1530.21,5.91,1,26,1,0,0,0.826,0.01,41,69,0.012,0.019,Benign,0
1811,TCP,DNS,1669,11553,18,7300.54,9.94,1,18,1,0,0,0.957,0.022,25,31,0.032,0.02,Benign,0
163,ICMP,HTTPS,1739,11861,23,83384.43,141.02,2,23,1,0,0,0.791,0.115,6,57,0.027,0.019,Benign,0
242,TCP,HTTP,10242,33,393,42441.14,1623.3,350,37,0,142,0,0.976,0.033,211,171,0.933,0.05,DoS_DDoS,1
1238,TCP,HTTPS,1630,1323,79,2385.11,63.81,1,79,2,0,0,0.921,0.015,45,91,0.009,0.021,Benign,0
5781,TCP,HTTPS,278,5500,10,999.46,1.73,1,9,1,0,0,0.471,0.19,12,3,0.112,0.034,Botnet_C2,1
3420,TCP,DNS,1975,2948,34,1439.43,9.94,1,34,2,0,0,0.784,0.042,44,48,0.005,0.008,Benign,0
118,TCP,HTTPS,58841,141,6675,499424.22,56519.9,5137,55,0,1733,0,0.917,0.004,195,213,0.732,0.085,DoS_DDoS,1
1256,TCP,SSH,432,623,37,839.9,29.46,3,34,1,2,7,0.9,0.053,27,31,0.008,0.509,BruteForce,1
3999,TCP,SSH,635,568,36,300.82,9.0,4,32,1,1,7,0.991,0.063,72,16,0.049,0.524,BruteForce,1
400,TCP,SSH,1466,1330,40,6988.25,99.98,2,40,1,0,0,0.774,0.063,27,84,0.044,0.034,Benign,0
2352,TCP,HTTPS,1845,4269,7,2599.38,2.98,1,7,1,0,0,0.861,0.05,29,38,0.033,0.006,Benign,0
1625,TCP,HTTPS,2120,8652,15,6628.52,9.23,1,15,1,0,0,0.878,0.048,32,45,0.037,0.025,Benign,0
1671,UDP,HTTPS,2634,12585,15,9107.17,8.98,1,15,1,0,0,0.951,0.143,25,83,0.008,0.036,Benign,0
1878,UDP,HTTP,980,1205,20,1163.41,10.65,1,20,1,0,0,0.925,0.013,6,53,0.036,0.013,Benign,0
460,TCP,DNS,2688,377,22,6661.6,47.82,2,22,1,0,0,0.818,0.012,47,67,0.026,0.013,Benign,0
219,TCP,HTTP,27573,5328,48,150164.31,219.08,1,48,1,0,0,0.896,0.031,43,81,0.023,0.025,Benign,0
97,TCP,SSH,4930,241967,13,2542708.55,133.88,1,13,1,0,0,0.834,0.078,1,94,0.0,0.019,Benign,0
87,TCP,HTTP,5436,60,375,63099.89,4305.4,315,18,0,139,0,0.984,0.019,203,151,0.996,0.066,DoS_DDoS,1
1038,TCP,DNS,7579,3933,24,11089.49,23.12,1,24,1,0,0,0.924,0.109,42,64,0.001,0.013,Benign,0
924,TCP,DNS,4879,1153,26,6527.43,28.14,1,26,1,0,0,0.966,0.029,11,60,0.04,0.03,Benign,0
3,TCP,SSH,107,56,1,52580.65,322.58,1,0,0,1,0,0.031,0.706,201,1,0.899,0.697,PortScan,1
22,TCP,HTTP,26270,50,333,1190950.23,15067.87,261,16,0,129,0,0.911,0.048,232,163,0.741,0.078,DoS_DDoS,1
428,UDP,HTTPS,2507,8211,10,25036.21,23.36,1,10,1,0,0,0.959,0.142,34,60,0.019,0.032,Benign,0
1046,UDP,HTTPS,1190,9434,31,10155.82,29.63,2,31,1,0,0,0.785,0.062,16,53,0.02,0.021,Benign,0
23,TCP,HTTP,5348,53,151,233809.52,6536.8,111,13,0,25,0,0.957,0.034,243,179,0.91,0.025,DoS_DDoS,1
2458,TCP,HTTPS,1687,1011,30,1097.6,12.2,1,30,1,0,0,0.863,0.148,42,80,0.018,0.019,Benign,0
1788,UDP,HTTPS,10960,4608,12,8706.45,6.71,1,12,1,0,0,0.793,0.113,26,97,0.034,0.006,Benign,0
2192,UDP,HTTPS,341,2394,32,1247.66,14.6,1,32,1,0,0,0.927,0.137,14,35,0.021,0.026,Benign,0
270,TCP,SSH,2610,8266,29,40266.57,107.37,2,29,1,0,0,0.976,0.035,44,92,0.017,0.027,Benign,0
2105,TCP,SMTP,1488,2068,22,1689.23,10.45,1,22,2,0,0,0.875,0.066,49,75,0.036,0.011,Benign,0
3019,TCP,HTTP,3102,9947,22,4322.15,7.29,1,22,1,0,0,0.813,0.018,3,53,0.017,0.014,Benign,0
1562,UDP,DNS,9056,78480,29,56037.39,18.56,2,29,1,1,0,0.897,0.031,34,45,0.036,0.031,Benign,0
666,TCP,HTTPS,831,6930,6,11651.4,9.01,1,6,1,0,0,0.966,0.122,8,17,0.023,0.03,Benign,0
109,ICMP,HTTP,4555,37,1241,42089.83,11374.89,927,16,0,488,0,0.891,0.061,206,202,0.839,0.113,DoS_DDoS,1
2351,TCP,HTTPS,1997,24420,9,11236.02,3.83,1,9,1,0,0,0.933,0.013,32,89,0.045,0.002,Benign,0
939,TCP,HTTPS,8003,80632,12,94382.92,12.78,1,12,2,0,0,0.907,0.092,37,67,0.021,0.015,Benign,0
373,TCP,HTTPS,5689,21913,15,73980.17,40.2,2,15,1,0,0,0.982,0.009,9,24,0.036,0.011,Benign,0
44,UDP,HTTP,51984,175,3275,1182743.76,74263.04,2867,311,0,1039,0,0.867,0.057,215,217,0.851,0.105,DoS_DDoS,1
939,UDP,HTTP,6814,17208,12,25579.81,12.78,1,12,1,0,0,0.774,0.01,10,78,0.043,0.019,Benign,0
225,ICMP,HTTPS,26258,128,5409,117219.01,24029.32,4742,103,0,1961,0,0.972,0.021,191,240,0.788,0.073,DoS_DDoS,1
984,TCP,DNS,1248,1089,15,2374.76,15.24,2,15,1,0,0,0.751,0.103,11,47,0.016,0.024,Benign,0
1061,TCP,HTTP,1929,6912,13,8331.92,12.25,1,13,1,0,0,0.961,0.026,45,54,0.002,0.001,Benign,0
1422,UDP,DNS,451,1400,31,1301.6,21.8,2,31,1,0,0,0.879,0.019,6,67,0.009,0.037,Benign,0
56,TCP,HTTP,14284,87,678,256167.56,12085.56,636,39,0,202,0,0.979,0.069,218,177,0.729,0.02,DoS_DDoS,1
185,UDP,HTTP,6365,235,707,35656.4,3819.56,502,22,0,80,0,0.991,0.014,199,239,0.892,0.092,DoS_DDoS,1
3236,TCP,SSH,765,731,56,462.28,17.3,3,53,1,2,8,0.934,0.072,76,38,0.113,0.451,BruteForce,1
1784,TCP,HTTPS,931,1657,18,1450.59,10.09,1,18,1,0,0,0.878,0.088,14,49,0.033,0.017,Benign,0
294,TCP,HTTP,1859,5355,21,24529.07,71.4,1,21,1,0,0,0.827,0.08,35,63,0.022,0.022,Benign,0
38,TCP,DNS,2222,249,4157,64855.64,109107.61,3328,293,0,451,0,0.976,0.028,193,185,0.756,0.078,DoS_DDoS,1
119,UDP,HTTP,7239,32,712,61049.54,5978.17,580,45,0,118,0,0.973,0.02,201,239,0.872,0.097,DoS_DDoS,1
119,UDP,HTTPS,20015,25,107,168261.96,898.4,84,1,0,31,0,0.954,0.078,180,195,0.938,0.012,DoS_DDoS,1
1571,TCP,HTTPS,500,2205,25,1721.72,15.91,1,25,1,0,0,0.815,0.088,33,78,0.049,0.012,Benign,0
1043,UDP,HTTP,1239,1381,24,2511.74,23.01,1,24,1,0,0,0.755,0.12,40,68,0.016,0.004,Benign,0
5206,TCP,HTTPS,290,12071,18,2374.33,3.46,1,17,1,0,0,0.704,0.25,46,9,0.08,0.081,Botnet_C2,1
5304,UDP,DNS,361,19668,12,3776.14,2.26,1,11,1,0,0,0.556,0.168,19,18,0.013,0.046,Botnet_C2,1
34,TCP,SSH,69,0,2,2023.46,58.65,2,0,0,0,0,0.031,0.867,251,6,0.923,0.597,PortScan,1
5587,TCP,DNS,590,8723,16,1666.88,2.86,1,15,1,0,0,0.46,0.179,49,17,0.08,0.006,Botnet_C2,1
396,UDP,HTTP,21953,169,4441,55849.53,11211.82,3585,126,0,1150,0,0.905,0.068,253,245,0.901,0.089,DoS_DDoS,1
1612,TCP,HTTPS,578,9345,13,6155.33,8.06,1,13,2,0,0,0.861,0.019,14,78,0.02,0.001,Benign,0
184,UDP,HTTP,4832,138,1294,26996.2,7028.79,1148,101,0,329,0,0.882,0.047,219,194,0.88,0.132,DoS_DDoS,1
1905,UDP,HTTPS,286,647,18,489.74,9.45,1,18,1,0,0,0.901,0.035,7,57,0.005,0.034,Benign,0
501,TCP,FTP,867,718,17,3163.04,33.93,4,13,1,1,14,0.83,0.046,71,21,0.238,0.551,BruteForce,1
872,UDP,HTTP,4501,8656,19,15086.57,21.79,1,19,1,0,0,0.778,0.052,39,93,0.044,0.02,Benign,0
446,TCP,HTTP,28947,266,3644,65485.32,8168.57,3035,78,0,372,0,0.907,0.045,216,176,0.899,0.162,DoS_DDoS,1
5,TCP,OTHER,101,38,3,27254.9,588.24,3,0,0,1,0,0.048,0.842,245,11,0.921,0.345,PortScan,1
33,TCP,OTHER,61,0,3,1842.9,90.63,3,0,0,0,0,0.015,0.809,253,2,0.939,0.331,PortScan,1
40,TCP,HTTP,75,0,2,1870.32,49.88,2,0,0,0,0,0.017,0.808,253,13,0.797,0.419,PortScan,1
15,TCP,DNS,9442,137,833,634370.86,55165.56,782,67,0,318,0,0.892,0.043,231,244,0.874,0.16,DoS_DDoS,1
516,TCP,HTTPS,49,3890,48,7632.24,93.01,1,48,2,0,0,0.82,0.098,33,77,0.045,0.022,Benign,0
4894,TCP,DNS,177,14844,21,3069.21,4.29,1,20,1,0,0,0.573,0.425,39,6,0.064,0.057,Botnet_C2,1
51,TCP,DNS,135507,81,360,2653385.52,7045.01,316,4,0,112,0,0.988,0.007,186,222,0.867,0.009,DoS_DDoS,1
660,UDP,HTTP,8764,136,884,13482.81,1339.19,779,0,0,94,0,0.954,0.022,180,196,0.909,0.186,DoS_DDoS,1
48,TCP,HTTP,39398,21,1741,819521.83,36195.43,1484,147,0,611,0,0.875,0.052,187,234,0.785,0.078,DoS_DDoS,1
53,UDP,SSH,15909,3309,23,361920.9,433.15,1,23,1,0,0,0.892,0.042,40,91,0.033,0.028,Benign,0
37,TCP,OTHER,114,0,2,3072.78,53.91,2,0,0,0,0,0.193,0.738,237,10,0.8,0.336,PortScan,1
127,TCP,HTTP,14517,26,501,114421.72,3941.78,379,5,0,197,0,0.885,0.042,235,223,0.871,0.1,DoS_DDoS,1
2473,TCP,HTTPS,3141,3986,26,2881.81,10.51,1,26,1,0,0,0.899,0.12,23,53,0.048,0.013,Benign,0
5752,UDP,HTTPS,268,5141,9,940.35,1.56,1,8,1,0,0,0.713,0.434,27,16,0.087,0.03,Botnet_C2,1
354,TCP,HTTP,2159,6490,21,24425.3,59.31,1,21,2,0,0,0.781,0.07,41,75,0.03,0.004,Benign,0
830,TCP,SSH,4191,5914,10,12173.23,12.05,1,10,1,0,0,0.943,0.022,13,90,0.025,0.016,Benign,0
5850,TCP,SSH,2427,487,40,498.11,6.84,5,35,1,2,7,0.927,0.011,30,22,0.197,0.262,BruteForce,1
376,ICMP,DNS,58620,8,1973,155884.07,5245.95,1550,184,0,764,0,0.916,0.049,241,157,0.886,0.106,DoS_DDoS,1
149,TCP,HTTPS,11225,3419,12,98215.96,80.48,1,12,1,0,0,0.971,0.045,10,54,0.012,0.031,Benign,0
19,TCP,OTHER,76,0,2,3979.06,104.71,2,0,0,0,0,0.054,0.892,238,9,0.678,0.613,PortScan,1
171,TCP,DNS,182,9493,24,56545.88,140.27,1,24,1,0,0,0.954,0.105,19,50,0.036,0.016,Benign,0
2157,UDP,DNS,951,975,47,892.87,21.79,1,47,1,0,0,0.896,0.105,10,97,0.001,0.035,Benign,0
184,UDP,HTTPS,4372,44,1232,23986.96,6692.02,1056,84,0,491,0,0.914,0.032,212,226,0.73,0.102,DoS_DDoS,1
366,TCP,HTTP,2504,793,18,9005.74,49.17,1,18,1,0,0,0.828,0.094,2,87,0.048,0.001,Benign,0
559,TCP,SSH,632,660,19,2310.86,33.98,3,16,1,3,13,0.926,0.091,14,37,0.04,0.276,BruteForce,1
74,TCP,HTTP,914,4038,51,66828.61,688.26,1,51,1,0,0,0.972,0.057,27,50,0.024,0.04,Benign,0
717,TCP,SSH,589,658,24,1738.95,33.47,3,21,1,3,9,0.805,0.065,36,33,0.066,0.447,BruteForce,1
1905,UDP,HTTP,2234,3615,20,3070.18,10.5,1,20,1,0,0,0.778,0.139,12,50,0.038,0.014,Benign,0
2528,TCP,SSH,960,1001,25,775.68,9.89,3,22,1,1,5,0.994,0.028,41,30,0.196,0.328,BruteForce,1
3895,TCP,DNS,4065,5611,23,2484.15,5.9,1,23,2,0,0,0.804,0.109,28,66,0.011,0.024,Benign,0
2959,TCP,FTP,987,439,28,481.9,9.46,4,24,1,3,14,0.928,0.01,27,34,0.092,0.416,BruteForce,1
25,TCP,OTHER,109,0,2,4342.63,79.68,2,0,0,0,0,0.035,0.89,233,5,0.872,0.683,PortScan,1
36,TCP,HTTP,28420,33781,10,1723019.39,277.01,1,10,1,0,0,0.864,0.074,20,53,0.009,0.014,Benign,0
2506,TCP,TELNET,1574,466,16,814.01,6.38,3,13,1,3,12,0.925,0.03,51,10,0.057,0.259,BruteForce,1
981,TCP,HTTPS,2051,6519,15,8735.09,15.29,1,15,1,0,0,0.813,0.054,24,32,0.034,0.004,Benign,0
4902,TCP,SSH,2071,514,52,527.33,10.61,3,49,1,2,9,0.98,0.095,79,21,0.014,0.461,BruteForce,1
89,TCP,DNS,4495,32,602,50808.08,6756.45,571,26,0,179,0,0.875,0.068,207,250,0.96,0.197,DoS_DDoS,1
2245,TCP,HTTP,2368,2475,41,2157.14,18.26,1,41,1,0,0,0.915,0.058,38,96,0.02,0.035,Benign,0
744,TCP,HTTP,4668,11325,8,21493.08,10.75,1,8,1,0,0,0.956,0.123,38,72,0.018,0.015,Benign,0
745,TCP,HTTPS,900,11424,30,16540.06,40.26,1,30,1,0,0,0.844,0.083,43,63,0.011,0.013,Benign,0
270,ICMP,DNS,37150,5943,16,159544.61,59.24,1,16,1,0,0,0.968,0.101,29,54,0.048,0.037,Benign,0
1554,TCP,HTTPS,1064,11950,12,8373.98,7.72,1,12,1,0,0,0.927,0.005,47,62,0.018,0.028,Benign,0
1916,UDP,HTTPS,759,3692,7,2322.95,3.65,1,7,1,0,0,0.966,0.061,32,79,0.003,0.025,Benign,0
11,TCP,HTTP,6669,40,966,604414.41,87027.03,770,80,0,136,0,0.948,0.076,220,155,0.905,0.194,DoS_DDoS,1
1357,TCP,HTTPS,337,1003,67,987.4,49.37,2,67,1,0,0,0.923,0.105,41,94,0.014,0.006,Benign,0
1325,TCP,DNS,1384,18265,19,14828.31,14.34,1,19,1,0,0,0.77,0.048,37,80,0.025,0.034,Benign,0
4497,TCP,IRC,483,2887,18,749.37,4.0,1,17,1,0,0,0.753,0.451,14,28,0.091,0.089,Botnet_C2,1
741,TCP,HTTP,351,28249,17,38591.28,22.94,1,17,1,0,0,0.761,0.061,14,43,0.01,0.026,Benign,0
4707,TCP,DNS,472,67283,15,14394.21,3.19,1,14,1,0,0,0.414,0.27,45,5,0.084,0.019,Botnet_C2,1
34,TCP,OTHER,53,36,3,2609.97,87.98,3,0,0,1,0,0.192,0.75,238,8,0.548,0.438,PortScan,1
117,TCP,DNS,42704,30,1246,364935.95,10640.48,1166,18,0,251,0,0.998,0.048,220,213,0.965,0.138,DoS_DDoS,1
894,TCP,SSH,747,175,22,1031.2,24.61,2,20,1,2,6,0.856,0.072,13,20,0.109,0.205,BruteForce,1
161,TCP,HTTP,1213,4167,5,33395.41,31.04,2,5,1,0,0,0.994,0.096,21,69,0.044,0.009,Benign,0
175,TCP,HTTPS,5524,1498,22,40102.8,125.64,1,22,1,0,0,0.773,0.052,8,79,0.04,0.037,Benign,0
1088,TCP,HTTPS,6332,16696,25,21163.5,22.98,1,25,1,0,0,0.752,0.117,48,93,0.05,0.016,Benign,0
28,TCP,HTTP,84,0,3,2989.32,106.76,3,0,0,0,0,0.039,0.885,206,9,0.862,0.751,PortScan,1
173,ICMP,HTTPS,14888,23480,19,221652.22,109.76,1,19,1,0,0,0.76,0.097,38,66,0.004,0.007,Benign,0
153,UDP,HTTP,212704,35,201,1389542.78,1312.87,143,3,0,30,0,0.99,0.075,199,239,0.7,0.027,DoS_DDoS,1
1404,TCP,HTTPS,2404,24747,15,19336.94,10.68,1,15,2,0,0,0.788,0.129,34,45,0.042,0.012,Benign,0
100,TCP,SSH,615,686,32,12997.0,319.68,1,32,1,0,0,0.852,0.147,23,78,0.04,0.013,Benign,0
1966,TCP,HTTPS,333,3215,15,1804.59,7.63,1,15,1,0,0,0.947,0.125,49,49,0.004,0.028,Benign,0
70,TCP,DNS,3359,6236,52,136875.89,741.8,1,52,1,0,0,0.883,0.008,25,88,0.042,0.014,Benign,0
19,UDP,DNS,23190,99,711,1219319.37,37225.13,660,42,0,199,0,0.868,0.053,233,235,0.829,0.136,DoS_DDoS,1
3880,TCP,SSH,672,346,39,262.36,10.05,5,34,1,1,12,0.99,0.055,47,9,0.164,0.433,BruteForce,1
1658,UDP,HTTPS,365,7668,30,4844.7,18.09,1,30,1,0,0,0.917,0.114,45,91,0.022,0.003,Benign,0
563,UDP,DNS,1492,666,81,3832.36,143.85,1,81,2,0,0,0.937,0.027,10,74,0.004,0.03,Benign,0
28,UDP,DNS,20490,361,910,742028.47,32384.34,770,81,0,148,0,0.887,0.074,197,165,0.714,0.158,DoS_DDoS,1
259,TCP,HTTPS,1978,2004,22,15368.58,84.91,1,22,1,0,0,0.837,0.052,22,91,0.049,0.013,Benign,0
848,TCP,HTTPS,17230,4885,42,26075.93,49.52,1,42,1,0,0,0.855,0.09,1,13,0.001,0.031,Benign,0
27,TCP,OTHER,40,0,1,1476.01,36.9,1,0,0,0,0,0.111,0.882,248,7,0.86,0.711,PortScan,1
832,TCP,HTTP,690,1993,23,3224.37,27.64,1,23,1,0,0,0.928,0.025,14,92,0.007,0.033,Benign,0
186,UDP,HTTPS,683,25443,13,140386.89,69.85,1,13,1,0,0,0.81,0.042,40,80,0.032,0.021,Benign,0
683,ICMP,HTTP,6435,5243,23,17095.59,33.67,1,23,1,0,0,0.824,0.063,31,74,0.024,0.026,Benign,0
3402,TCP,HTTPS,4246,454,29,1381.5,8.52,1,29,1,0,0,0.894,0.04,18,45,0.006,0.021,Benign,0
254,UDP,DNS,4246,245,1742,17674.14,6855.57,1352,5,0,345,0,0.994,0.064,226,229,0.704,0.134,DoS_DDoS,1
19,TCP,HTTP,62,50,3,5863.87,157.07,3,0,0,1,0,0.197,0.935,232,14,0.501,0.457,PortScan,1
217,TCP,HTTPS,21772,4254,45,119880.24,207.28,1,45,2,0,0,0.914,0.033,16,20,0.022,0.007,Benign,0
593,TCP,HTTPS,1137,367,60,2535.83,101.16,2,60,1,0,0,0.983,0.103,43,94,0.017,0.033,Benign,0
76,UDP,DNS,10114,83,2637,133994.74,34651.77,2271,144,0,880,0,0.856,0.006,250,247,0.787,0.118,DoS_DDoS,1
790,UDP,HTTPS,410,642,65,1331.48,82.27,2,65,1,0,0,0.844,0.006,7,22,0.021,0.027,Benign,0
2747,UDP,HTTP,3165,16334,34,7098.03,12.38,1,34,1,0,0,0.906,0.023,8,71,0.003,0.029,Benign,0
33,TCP,OTHER,55,40,3,2870.09,90.63,3,0,0,1,0,0.089,0.807,228,8,0.767,0.784,PortScan,1
220,UDP,HTTP,25668,10,595,116665.15,2703.32,442,12,0,136,0,0.955,0.062,248,249,0.708,0.124,DoS_DDoS,1
8,TCP,OTHER,88,35,3,15185.19,370.37,3,0,0,1,0,0.018,0.905,226,14,0.908,0.687,PortScan,1
4815,UDP,HTTPS,314,20861,20,4397.62,4.15,1,19,1,0,0,0.779,0.18,33,26,0.074,0.045,Botnet_C2,1
5940,UDP,HTTP,440,12627,14,2199.79,2.36,1,14,1,0,0,0.954,0.054,16,76,0.048,0.01,Benign,0
193,TCP,HTTP,17235,32,653,89419.99,3381.67,538,42,0,110,0,0.985,0.016,186,155,0.868,0.04,DoS_DDoS,1
892,TCP,HTTPS,1727,6009,75,8671.67,84.07,1,75,1,0,0,0.967,0.003,39,87,0.025,0.018,Benign,0
982,UDP,HTTPS,7729,43266,9,51924.45,9.16,1,9,1,0,0,0.904,0.064,27,96,0.042,0.007,Benign,0
1090,TCP,HTTPS,8144,3112,22,10325.66,20.18,1,22,1,0,0,0.911,0.024,31,77,0.006,0.014,Benign,0
32,TCP,OTHER,44,28,2,2242.99,62.31,2,0,0,1,0,0.134,0.934,213,6,0.947,0.764,PortScan,1
2165,ICMP,HTTPS,486,66028,13,30720.98,6.0,1,13,2,0,0,0.826,0.077,23,34,0.014,0.039,Benign,0
1009,TCP,HTTPS,7446,3555,12,10901.79,11.89,1,12,1,0,0,0.925,0.025,42,59,0.001,0.038,Benign,0
10,TCP,SSH,65,0,3,6435.64,297.03,3,0,0,0,0,0.072,0.783,233,7,0.891,0.469,PortScan,1
36,TCP,OTHER,65,28,3,2576.18,83.1,3,0,0,1,0,0.022,0.919,234,6,0.578,0.423,PortScan,1
541,TCP,HTTP,11742,68,497,21825.91,918.5,382,36,0,57,0,0.9,0.037,210,204,0.754,0.034,DoS_DDoS,1
582,TCP,HTTP,16491,206,477,28684.07,819.45,423,37,0,157,0,0.987,0.047,188,231,0.978,0.071,DoS_DDoS,1
3168,TCP,SSH,411,1136,56,488.31,17.68,3,53,1,2,11,0.902,0.004,15,17,0.067,0.394,BruteForce,1
3338,TCP,HTTPS,5040,159772,34,49373.0,10.19,1,34,1,0,0,0.937,0.047,38,77,0.042,0.003,Benign,0
832,TCP,HTTPS,3999,4669,111,10417.02,133.4,1,111,1,0,0,0.985,0.093,35,81,0.035,0.01,Benign,0
370,TCP,HTTPS,1879,1161,10,8214.0,27.02,1,10,1,0,0,0.77,0.009,38,66,0.004,0.021,Benign,0
483,TCP,SSH,1487,1014,23,5176.98,47.61,2,23,1,0,0,0.782,0.122,17,57,0.023,0.02,Benign,0
128,TCP,HTTPS,877,7110,13,62349.73,101.48,1,13,1,0,0,0.824,0.108,14,75,0.016,0.009,Benign,0
31,TCP,HTTP,40,0,1,1286.17,32.15,1,0,0,0,0,0.139,0.807,200,10,0.723,0.501,PortScan,1
307,UDP,HTTPS,11987,70,999,39260.83,3253.01,848,19,0,182,0,0.94,0.011,225,220,0.973,0.191,DoS_DDoS,1
903,UDP,DNS,1518,353,28,2071.75,31.0,1,28,2,0,0,0.753,0.017,21,41,0.002,0.001,Benign,0
246,ICMP,HTTPS,15629,8,1484,63539.21,6030.07,1148,10,0,389,0,0.872,0.045,207,226,0.83,0.176,DoS_DDoS,1
1698,UDP,HTTPS,2611,1399,43,2361.46,25.32,1,43,1,0,0,0.986,0.032,18,39,0.045,0.034,Benign,0
233,TCP,HTTP,14883,19,1570,63929.64,6735.31,1484,63,0,477,0,0.987,0.012,225,211,0.813,0.164,DoS_DDoS,1
4412,TCP,HTTPS,2477,12956,16,3497.88,3.63,1,16,1,0,0,0.805,0.104,36,91,0.045,0.039,Benign,0
1584,TCP,HTTP,775,4520,33,3342.59,20.83,1,33,1,0,0,0.884,0.015,16,27,0.017,0.027,Benign,0
19,TCP,FTP,114,46,3,8376.96,157.07,3,0,0,1,0,0.075,0.876,202,6,0.592,0.318,PortScan,1
30,TCP,OTHER,113,0,1,3754.15,33.22,1,0,0,0,0,0.018,0.711,209,1,0.687,0.653,PortScan,1
1047,TCP,FTP,378,403,31,745.87,29.61,3,28,1,2,6,0.951,0.056,19,27,0.073,0.365,BruteForce,1
14,TCP,OTHER,52,32,3,5957.45,212.77,3,0,0,1,0,0.064,0.842,253,14,0.629,0.441,PortScan,1
24,TCP,OTHER,49,0,1,2033.2,41.49,1,0,0,0,0,0.091,0.833,212,5,0.927,0.341,PortScan,1
12,UDP,HTTP,9252,129,274,775289.26,22644.63,240,24,0,82,0,0.916,0.021,233,253,0.824,0.163,DoS_DDoS,1
537,TCP,HTTPS,717,1486,7,4101.66,13.03,1,7,2,0,0,0.938,0.113,18,73,0.001,0.002,Benign,0
2499,TCP,HTTPS,2189,1137,28,1330.88,11.2,1,28,1,0,0,0.791,0.048,3,86,0.04,0.034,Benign,0
406,TCP,HTTP,81422,10,1785,200522.04,4395.47,1404,70,0,613,0,0.882,0.069,239,180,0.961,0.179,DoS_DDoS,1
197,TCP,HTTP,6842,54,427,34987.32,2166.41,371,10,0,116,0,0.889,0.017,182,213,0.944,0.043,DoS_DDoS,1
2613,TCP,DNS,2916,6476,23,3594.2,8.8,2,23,1,0,0,0.957,0.02,39,50,0.019,0.032,Benign,0
121,TCP,HTTP,4178,37400,22,343336.09,181.67,1,22,1,0,0,0.871,0.017,47,48,0.0,0.011,Benign,0
14,TCP,OTHER,62,0,1,4397.16,70.92,1,0,0,0,0,0.047,0.73,217,3,0.754,0.385,PortScan,1
980,TCP,HTTP,609,5953,25,6695.24,25.51,1,25,1,1,0,0.86,0.017,14,20,0.044,0.003,Benign,0
588,TCP,HTTPS,2540,5622,28,13878.59,47.61,1,28,1,0,0,0.849,0.047,17,58,0.022,0.014,Benign,0
220,UDP,DNS,3346,16213,24,88864.15,109.04,1,24,1,0,0,0.917,0.108,20,46,0.042,0.002,Benign,0
2813,UDP,HTTP,595,1167,41,626.36,14.57,1,41,2,0,0,0.956,0.139,39,99,0.006,0.014,Benign,0
25,UDP,HTTP,69151,106,578,2759243.03,23027.89,526,2,0,146,0,0.958,0.022,180,210,0.811,0.055,DoS_DDoS,1
1490,TCP,HTTPS,1556,1213,19,1858.26,12.75,1,19,1,0,0,0.942,0.15,25,40,0.049,0.038,Benign,0
994,TCP,DNS,6179,897,31,7118.0,31.18,1,31,1,0,0,0.809,0.003,10,41,0.008,0.04,Benign,0
1819,UDP,HTTPS,10483,1006,49,6315.76,26.94,1,49,1,0,0,0.792,0.145,32,43,0.021,0.008,Benign,0
208,UDP,HTTPS,1565,140,741,8193.18,3560.79,529,4,0,210,0,0.922,0.04,197,188,0.755,0.119,DoS_DDoS,1
128,UDP,HTTPS,1443,1069,43,19609.68,335.68,1,43,1,0,0,0.84,0.053,32,74,0.001,0.006,Benign,0
681,TCP,SSH,1146,443,23,2332.99,33.77,2,21,1,3,14,0.991,0.071,18,17,0.143,0.495,BruteForce,1
5097,TCP,SSH,1230,737,25,385.91,4.9,2,23,1,1,5,0.96,0.067,26,12,0.092,0.562,BruteForce,1
2472,TCP,HTTP,314,1690,12,810.65,4.85,1,12,1,0,0,0.975,0.1,35,86,0.033,0.033,Benign,0
1012,UDP,HTTP,1021,13308,8,14157.69,7.9,1,8,1,1,0,0.97,0.112,3,16,0.023,0.007,Benign,0
21,TCP,OTHER,81,0,2,3838.86,94.79,2,0,0,0,0,0.178,0.738,211,5,0.932,0.599,PortScan,1
5224,UDP,HTTPS,283,10836,12,2128.4,2.3,1,11,1,0,0,0.777,0.442,10,15,0.023,0.076,Botnet_C2,1
387,TCP,HTTPS,2966,7566,19,27207.44,49.08,1,19,1,0,0,0.878,0.101,19,46,0.0,0.016,Benign,0
46,TCP,HTTPS,2324,2118,69,96355.75,1496.75,2,69,1,0,0,0.776,0.132,37,99,0.041,0.034,Benign,0
4632,UDP,HTTPS,372,29758,13,6504.61,2.81,1,12,1,0,0,0.786,0.446,16,19,0.087,0.007,Botnet_C2,1
531,TCP,HTTP,1597,30874,22,61139.15,41.42,1,22,1,0,0,0.922,0.01,39,44,0.043,0.009,Benign,0
572,TCP,HTTP,574,3016,59,6275.13,103.13,1,59,1,0,0,0.788,0.146,44,91,0.036,0.006,Benign,0
734,TCP,FTP,1333,935,20,3089.5,27.24,4,16,1,3,8,0.984,0.025,67,32,0.2,0.211,BruteForce,1
2133,UDP,HTTPS,3415,7945,22,5325.58,10.31,1,22,1,0,0,0.879,0.126,11,89,0.018,0.026,Benign,0
3902,TCP,HTTPS,852,2029,13,738.32,3.33,1,13,1,0,0,0.783,0.026,27,50,0.026,0.028,Benign,0
286,UDP,HTTPS,746,6126,57,24019.57,199.23,1,57,1,0,0,0.969,0.019,48,61,0.047,0.003,Benign,0
159,TCP,HTTP,44389,174,136,280094.28,854.81,122,3,0,39,0,0.921,0.071,183,220,0.873,0.105,DoS_DDoS,1
1952,TCP,HTTPS,746,1031,61,910.3,31.25,1,61,1,0,0,0.829,0.12,17,69,0.036,0.025,Benign,0
2078,TCP,HTTP,3741,5531,18,4461.77,8.66,1,18,1,0,0,0.836,0.125,38,97,0.002,0.015,Benign,0
323,UDP,SSH,649,2323,19,9198.39,58.81,1,19,1,0,0,0.78,0.066,2,98,0.036,0.026,Benign,0
38,TCP,HTTPS,3536,27,165,93517.06,4330.71,122,7,0,37,0,0.999,0.048,198,242,0.983,0.1,DoS_DDoS,1
44,TCP,HTTP,110,0,3,2494.33,68.03,3,0,0,0,0,0.024,0.843,216,14,0.692,0.772,PortScan,1
865,TCP,HTTP,7749,919,38,10019.65,43.93,1,38,1,0,0,0.793,0.091,19,88,0.036,0.025,Benign,0
2400,TCP,DNS,4323,776,15,2124.49,6.25,1,15,1,0,0,0.976,0.03,42,77,0.001,0.025,Benign,0
818,TCP,HTTP,2122,24165,40,32131.77,48.89,1,40,1,0,0,0.947,0.125,7,66,0.028,0.025,Benign,0
1136,TCP,HTTPS,832,3802,14,4078.87,12.32,1,14,1,0,0,0.782,0.044,2,28,0.01,0.014,Benign,0
428,UDP,SSH,3495,328,38,8930.16,88.76,1,38,1,0,0,0.773,0.041,36,61,0.019,0.001,Benign,0
1745,TCP,HTTPS,7846,4537,62,7095.87,35.53,1,62,1,0,0,0.77,0.142,14,34,0.016,0.038,Benign,0
559,TCP,DNS,10995,284,15,20173.49,26.83,1,15,1,0,0,0.904,0.023,42,97,0.038,0.026,Benign,0
654,TCP,DNS,5930,3536,25,14471.79,38.22,1,25,2,0,0,0.879,0.087,16,89,0.037,0.02,Benign,0
39,TCP,OTHER,100,0,3,2557.54,76.73,3,0,0,0,0,0.109,0.831,220,5,0.505,0.398,PortScan,1
34,TCP,OTHER,61,0,3,1788.86,87.98,3,0,0,0,0,0.184,0.966,212,1,0.928,0.762,PortScan,1
1893,TCP,HTTP,12283,1287,10,7168.14,5.28,1,10,1,0,0,0.914,0.111,28,89,0.0,0.003,Benign,0
769,TCP,HTTP,156,13270,5,17456.77,6.5,1,5,1,0,0,0.976,0.033,4,50,0.019,0.007,Benign,0
279,TCP,HTTPS,44499,1080,26,163307.06,93.16,1,26,1,0,0,0.975,0.044,32,33,0.005,0.036,Benign,0
9,TCP,OTHER,45,20,1,7142.86,109.89,1,0,0,1,0,0.107,0.947,201,8,0.944,0.77,PortScan,1
883,TCP,HTTPS,3130,17861,11,23769.68,12.46,1,11,1,0,0,0.855,0.017,18,74,0.027,0.007,Benign,0
5,TCP,OTHER,85,0,2,16666.67,392.16,2,0,0,0,0,0.136,0.781,237,14,0.587,0.422,PortScan,1
1964,TCP,HTTPS,2496,2673,11,2631.74,5.6,1,11,1,0,0,0.786,0.054,19,48,0.018,0.0,Benign,0
67,TCP,HTTP,5036,2357,9,110178.84,134.13,1,9,1,0,0,0.751,0.053,14,93,0.013,0.026,Benign,0
775,TCP,SSH,9973,9517,13,25145.14,16.77,1,13,2,0,0,0.817,0.009,45,59,0.031,0.039,Benign,0
327,TCP,HTTPS,1050,3343,8,13430.14,24.46,1,8,1,0,0,0.989,0.022,49,70,0.001,0.035,Benign,0
10,TCP,HTTPS,94275,13,1146,9335445.54,113465.35,1058,36,0,329,0,0.935,0.079,186,233,0.75,0.012,DoS_DDoS,1
1116,TCP,HTTPS,46510,525,12,42142.28,10.75,1,12,1,0,0,0.927,0.065,42,86,0.031,0.038,Benign,0
2304,UDP,HTTPS,3101,1428,91,1965.63,39.49,1,91,1,0,0,0.962,0.062,43,69,0.036,0.034,Benign,0
410,TCP,HTTPS,8468,9756,25,44437.94,60.96,1,25,1,0,0,0.9,0.134,30,45,0.0,0.028,Benign,0
2701,UDP,HTTPS,1193,14614,10,5852.06,3.7,1,10,1,0,0,0.85,0.103,4,34,0.002,0.035,Benign,0
50,TCP,HTTPS,1907,16481,18,367025.95,359.28,1,18,1,1,0,0.756,0.118,30,92,0.046,0.006,Benign,0
2071,TCP,HTTPS,2673,30107,52,15827.34,25.11,1,52,1,0,0,0.946,0.09,16,29,0.008,0.017,Benign,0
2133,TCP,DNS,1635,2019,27,1713.0,12.66,1,27,1,0,0,0.841,0.132,24,46,0.031,0.012,Benign,0
31,TCP,HTTP,108,0,2,3472.67,64.31,2,0,0,0,0,0.01,0.721,206,11,0.892,0.664,PortScan,1
320,TCP,HTTP,6449,9,362,20174.95,1130.9,287,24,0,67,0,0.884,0.074,209,228,0.718,0.15,DoS_DDoS,1
2512,TCP,SSH,322,918,46,493.61,18.31,3,43,1,3,8,0.882,0.049,77,8,0.023,0.29,BruteForce,1
1341,TCP,HTTPS,86,761,15,631.57,11.18,1,15,1,1,0,0.818,0.1,18,93,0.03,0.039,Benign,0
5,UDP,HTTP,436,14,524,88235.29,102745.1,373,27,0,74,0,0.976,0.024,192,175,0.963,0.02,DoS_DDoS,1
10,TCP,HTTP,49,0,2,4851.49,198.02,2,0,0,0,0,0.049,0.975,240,4,0.614,0.401,PortScan,1
2882,UDP,HTTPS,5336,15343,8,7174.98,2.78,1,8,1,0,0,0.9,0.079,9,26,0.048,0.007,Benign,0
1642,UDP,SMTP,626,3929,13,2773.89,7.92,1,13,1,0,0,0.78,0.007,26,66,0.009,0.031,Benign,0
740,UDP,HTTPS,16723,11640,35,38323.2,47.29,1,35,1,1,0,0.916,0.068,45,60,0.027,0.007,Benign,0
116,UDP,HTTP,847,1222,58,17820.84,499.57,1,58,1,0,0,0.783,0.026,1,62,0.013,0.001,Benign,0
133,UDP,HTTP,19885,19,462,149541.7,3471.07,360,20,0,163,0,0.96,0.025,216,245,0.844,0.119,DoS_DDoS,1
52,TCP,HTTP,2542,89185,42,1760595.01,806.14,1,42,2,0,0,0.927,0.009,46,80,0.04,0.009,Benign,0
227,TCP,DNS,1850,1238,11,13597.53,48.44,1,11,1,0,0,0.773,0.022,11,28,0.046,0.034,Benign,0
4,TCP,SSH,70,0,3,17073.17,731.71,3,0,0,0,0,0.048,0.977,200,14,0.68,0.456,PortScan,1
331,TCP,HTTPS,1521,9895,34,34479.01,102.69,1,34,1,0,0,0.985,0.12,24,48,0.017,0.037,Benign,0
393,TCP,HTTPS,2991,2250,11,13332.49,27.98,1,11,1,0,0,0.846,0.049,19,66,0.033,0.011,Benign,0
2159,TCP,SSH,640,320,44,444.63,20.38,5,39,1,2,6,0.958,0.034,18,38,0.01,0.453,BruteForce,1
1111,TCP,HTTPS,18107,12632,8,27665.38,7.2,1,8,1,0,0,0.981,0.058,15,99,0.027,0.009,Benign,0
4955,TCP,HTTPS,744,7988,10,1762.22,2.02,1,9,1,0,0,0.663,0.241,32,24,0.144,0.028,Botnet_C2,1
3275,TCP,FTP,1139,2274,21,1042.11,6.41,3,18,1,2,12,0.877,0.056,29,14,0.194,0.579,BruteForce,1
266,UDP,HTTPS,492,7316,16,29342.35,60.13,2,16,1,0,0,0.984,0.148,16,51,0.03,0.031,Benign,0
80,UDP,HTTPS,88,21835,63,273695.38,786.52,1,63,1,0,0,0.928,0.101,28,69,0.048,0.018,Benign,0
1060,TCP,SSH,399,1083,37,1397.98,34.9,3,34,1,2,6,0.957,0.095,60,17,0.235,0.381,BruteForce,1
56,UDP,HTTPS,12390,6,283,220962.57,5044.56,247,24,0,93,0,0.851,0.008,220,212,0.735,0.015,DoS_DDoS,1
24,UDP,HTTP,4821,56,1453,202365.15,60290.46,1157,65,0,221,0,0.94,0.01,189,229,0.8,0.17,DoS_DDoS,1
1193,TCP,SSH,976,477,20,1217.84,16.76,4,16,1,1,4,0.945,0.09,47,26,0.148,0.29,BruteForce,1
1592,TCP,HTTPS,233,23883,16,15147.29,10.05,2,16,1,0,0,0.967,0.042,32,40,0.028,0.003,Benign,0
98,TCP,HTTPS,6789,28,830,69490.32,8460.75,751,4,0,196,0,0.957,0.028,224,216,0.927,0.085,DoS_DDoS,1
1,TCP,OTHER,104,0,1,94545.45,909.09,1,0,0,0,0,0.042,0.953,244,7,0.811,0.5,PortScan,1
3491,TCP,HTTP,1586,2993,146,1311.62,41.82,1,146,2,0,0,0.996,0.071,26,97,0.039,0.001,Benign,0
2756,TCP,HTTPS,5807,1122,14,2514.06,5.08,1,14,1,0,0,0.886,0.069,6,68,0.033,0.017,Benign,0
4567,TCP,TELNET,1232,798,28,444.48,6.13,4,24,1,1,12,0.831,0.029,37,35,0.194,0.39,BruteForce,1
662,TCP,HTTP,748,58942,18,90152.54,27.19,1,18,1,0,0,0.842,0.147,43,76,0.043,0.019,Benign,0
14,TCP,OTHER,101,0,2,7163.12,141.84,2,0,0,0,0,0.194,0.821,218,10,0.621,0.662,PortScan,1
492,UDP,HTTPS,294,2949,22,6590.12,44.71,2,22,1,0,0,0.892,0.078,38,80,0.011,0.008,Benign,0
1306,TCP,SSH,1094,7915,9,6897.63,6.89,2,9,1,0,0,0.763,0.095,43,44,0.025,0.004,Benign,0
92,UDP,HTTPS,4564,10219,73,160510.31,792.62,1,73,1,0,0,0.8,0.025,21,57,0.041,0.027,Benign,0
22,TCP,HTTP,31248,25,2306,1415067.87,104343.89,2060,188,0,834,0,0.94,0.022,201,184,0.851,0.021,DoS_DDoS,1
26,TCP,OTHER,76,0,2,2911.88,76.63,2,0,0,0,0,0.051,0.73,221,11,0.539,0.797,PortScan,1
709,TCP,DNS,1322,9075,14,14662.25,19.74,1,14,1,0,0,0.934,0.132,9,68,0.037,0.04,Benign,0
918,UDP,DNS,952,1738,21,2929.96,22.87,2,21,1,0,0,0.814,0.142,38,59,0.026,0.021,Benign,0
33,UDP,HTTPS,6465,16420,48,691389.73,1450.15,1,48,1,0,0,0.984,0.024,19,74,0.042,0.004,Benign,0
4982,UDP,HTTPS,1250,25570,30,5383.27,6.02,1,30,1,0,0,0.824,0.032,2,64,0.013,0.0,Benign,0
4846,TCP,DNS,459,14965,17,3182.77,3.51,1,16,1,0,0,0.624,0.209,26,14,0.019,0.086,Botnet_C2,1
522,UDP,HTTPS,31880,3036,14,66876.08,26.81,1,14,1,0,0,0.79,0.039,17,75,0.011,0.017,Benign,0
592,TCP,HTTPS,1233,1516,45,4642.8,76.0,2,45,2,0,0,0.908,0.098,37,85,0.018,0.005,Benign,0
2331,TCP,HTTPS,1855,29030,5,13249.11,2.14,2,5,1,0,0,0.92,0.14,13,28,0.032,0.005,Benign,0
250,TCP,HTTP,9957,452,335,41619.35,1339.46,316,11,0,95,0,0.925,0.002,186,216,0.726,0.132,DoS_DDoS,1
2181,UDP,DNS,7509,2828,20,4739.35,9.17,1,20,1,0,0,0.951,0.108,9,94,0.029,0.016,Benign,0
1675,UDP,HTTPS,567,190,42,451.91,25.07,1,42,1,0,0,0.777,0.134,4,17,0.037,0.001,Benign,0
1846,TCP,SSH,2393,117618,12,65007.85,6.5,1,12,1,0,0,0.753,0.133,23,96,0.042,0.035,Benign,0
439,TCP,HTTP,23714,9,105,54026.42,239.13,91,5,0,28,0,0.882,0.074,231,170,0.966,0.017,DoS_DDoS,1
4749,TCP,IRC,167,4024,20,882.48,4.21,1,19,1,0,0,0.564,0.283,16,19,0.089,0.088,Botnet_C2,1
383,UDP,HTTP,5340,51,4079,14072.04,10647.35,3327,380,0,1080,0,0.925,0.062,208,216,0.775,0.2,DoS_DDoS,1
737,TCP,HTTPS,1687,4757,24,8742.37,32.56,1,24,1,0,0,0.791,0.018,32,72,0.017,0.017,Benign,0
16565,TCP,SSH,1005,716,26,103.89,1.57,5,21,1,1,3,0.957,0.026,43,35,0.076,0.294,BruteForce,1
281,ICMP,HTTP,7677,72,415,27566.7,1476.34,344,8,0,94,0,0.865,0.008,184,158,0.801,0.031,DoS_DDoS,1
698,UDP,HTTP,5567,3618,45,13157.14,64.46,1,45,1,0,0,0.956,0.11,7,23,0.001,0.019,Benign,0
3792,TCP,HTTP,912,54176,38,14527.04,10.02,1,38,1,0,0,0.955,0.044,19,24,0.029,0.014,Benign,0
19,UDP,DNS,9051,55,353,476753.93,18481.68,302,8,0,65,0,0.881,0.02,229,235,0.909,0.191,DoS_DDoS,1
270,TCP,DNS,377,2190,48,9503.89,177.71,1,48,1,0,0,0.915,0.034,9,25,0.034,0.029,Benign,0
2350,TCP,SSH,1028,1401,18,1033.57,7.66,5,13,1,2,10,0.944,0.093,39,15,0.239,0.459,BruteForce,1
6363,TCP,HTTPS,2256,139,34,376.39,5.34,1,34,1,0,0,0.875,0.061,26,87,0.028,0.01,Benign,0
2305,TCP,SSH,698,11617,8,5342.5,3.47,1,8,1,0,0,0.848,0.118,37,82,0.022,0.019,Benign,0
39,TCP,HTTP,19698,105,839,506470.59,21457.8,594,15,0,233,0,0.92,0.067,221,152,0.989,0.171,DoS_DDoS,1
1142,TCP,HTTPS,7204,8348,57,13617.02,49.91,1,57,1,0,0,0.859,0.022,41,90,0.003,0.038,Benign,0
60,TCP,HTTP,8158,57,825,136688.85,13727.12,668,5,0,238,0,0.853,0.054,239,205,0.947,0.017,DoS_DDoS,1
417,UDP,DNS,7482,856,9,19990.41,21.58,1,9,1,0,0,0.996,0.115,23,52,0.039,0.001,Benign,0
2715,UDP,HTTPS,200,5551,46,2118.15,16.94,1,46,1,0,0,0.806,0.09,8,44,0.04,0.002,Benign,0
439,UDP,HTTPS,1907,717,15,5975.86,34.16,1,15,1,0,0,0.907,0.146,43,56,0.046,0.014,Benign,0
243,TCP,HTTP,22634,1,130,93109.83,534.76,112,2,0,44,0,0.905,0.006,248,217,0.83,0.004,DoS_DDoS,1
909,TCP,HTTPS,7555,50882,7,64280.06,7.7,1,7,1,0,0,0.997,0.084,11,41,0.005,0.039,Benign,0
528,TCP,HTTPS,18465,5726,26,45807.61,49.23,1,26,1,0,0,0.765,0.003,46,83,0.003,0.024,Benign,0
267,UDP,HTTPS,3656,1787,42,20378.14,157.24,1,42,1,0,0,0.986,0.14,38,49,0.018,0.006,Benign,0
571,TCP,HTTP,341,3794,13,7240.41,22.76,1,13,1,0,0,0.866,0.079,28,93,0.045,0.024,Benign,0
149,TCP,HTTP,6812,4,358,45714.29,2401.07,319,8,0,108,0,0.869,0.001,238,210,0.848,0.154,DoS_DDoS,1
1630,TCP,HTTP,3932,10982,41,9149.13,25.15,1,41,1,0,0,0.771,0.079,6,63,0.001,0.039,Benign,0
1554,TCP,SSH,7434,3160,21,6816.81,13.51,1,21,1,0,0,0.927,0.061,7,12,0.044,0.012,Benign,0
13,TCP,FTP,63,35,2,7480.92,152.67,2,0,0,1,0,0.122,0.828,200,10,0.6,0.313,PortScan,1
634,UDP,SMTP,4759,1351,15,9635.7,23.66,1,15,1,0,0,0.977,0.082,41,96,0.039,0.004,Benign,0
385,TCP,HTTPS,2245,256,10,6494.42,25.97,1,10,1,0,0,0.803,0.1,23,69,0.04,0.022,Benign,0
1527,TCP,HTTPS,2642,4448,23,4642.79,15.06,1,23,1,0,0,0.796,0.044,49,90,0.009,0.037,Benign,0
378,TCP,HTTPS,16042,8,703,42449.09,1859.3,570,41,0,264,0,0.891,0.051,199,229,0.894,0.19,DoS_DDoS,1
875,TCP,HTTPS,4750,47258,7,59430.92,8.0,1,7,1,0,0,0.955,0.027,44,44,0.008,0.03,Benign,0
157,UDP,HTTPS,1115,531,7,10477.4,44.56,1,7,1,0,0,0.98,0.056,49,64,0.033,0.002,Benign,0
9,TCP,FTP,91,0,2,10000.0,219.78,2,0,0,0,0,0.089,0.854,231,11,0.647,0.557,PortScan,1
2035,UDP,HTTPS,8069,215,39,4070.56,19.16,1,39,1,0,0,0.879,0.12,48,95,0.013,0.015,Benign,0
163,TCP,DNS,9486,1026,20,64451.26,122.62,1,20,1,0,0,0.949,0.101,33,62,0.011,0.033,Benign,0
218,TCP,HTTP,10240,72,583,47281.06,2673.09,410,7,0,69,0,0.907,0.052,226,242,0.938,0.05,DoS_DDoS,1
62,TCP,HTTP,51821,118,432,836376.81,6956.52,344,15,0,125,0,0.924,0.034,224,225,0.824,0.044,DoS_DDoS,1
2390,TCP,SMTP,965,3247,26,1762.27,10.88,1,26,1,1,0,0.763,0.053,2,85,0.01,0.031,Benign,0
422,TCP,HTTP,5287,21344,14,63091.68,33.17,1,14,1,0,0,0.868,0.07,37,76,0.024,0.006,Benign,0
2469,UDP,HTTPS,605,2774,19,1368.51,7.7,1,19,1,0,0,0.83,0.149,13,40,0.011,0.003,Benign,0
1,TCP,OTHER,64,0,1,58181.82,909.09,1,0,0,0,0,0.153,0.848,245,7,0.886,0.549,PortScan,1
2297,TCP,SMTP,1357,5556,20,3009.45,8.71,1,20,1,0,0,0.951,0.119,14,86,0.016,0.001,Benign,0
671,TCP,FTP,1308,248,56,2318.58,83.45,3,53,1,1,8,0.956,0.058,65,8,0.079,0.583,BruteForce,1
4752,UDP,IRC,271,11362,20,2447.97,4.21,1,19,1,0,0,0.755,0.449,10,13,0.051,0.095,Botnet_C2,1
15,TCP,FTP,84,0,3,5562.91,198.68,3,0,0,0,0,0.197,0.805,245,5,0.894,0.678,PortScan,1
214,UDP,HTTP,10273,324,567,49495.56,2648.3,488,13,0,198,0,0.936,0.063,241,153,0.84,0.188,DoS_DDoS,1
1176,TCP,HTTPS,1922,3921,20,4968.11,17.01,1,20,1,0,0,0.815,0.054,27,43,0.012,0.025,Benign,0
423,TCP,DNS,933,5492,16,15185.54,37.82,1,16,1,0,0,0.796,0.085,37,76,0.014,0.005,Benign,0
2766,TCP,HTTP,6382,3530,7,3583.38,2.53,1,7,1,0,0,0.801,0.134,34,92,0.027,0.017,Benign,0
5335,TCP,IRC,239,35921,19,6777.75,3.56,1,18,1,0,0,0.688,0.488,35,16,0.065,0.056,Botnet_C2,1
81,UDP,HTTPS,6895,246,298,88051.79,3674.48,220,23,0,32,0,0.857,0.041,192,222,0.702,0.138,DoS_DDoS,1
310,UDP,HTTP,4599,61,3068,15027.41,9893.58,2777,204,0,815,0,0.992,0.01,191,214,0.746,0.096,DoS_DDoS,1
33,TCP,HTTP,10132,45,1279,307462.24,38640.48,1082,64,0,380,0,0.892,0.01,240,218,0.758,0.097,DoS_DDoS,1
2454,TCP,HTTPS,3152,1774,11,2007.25,4.48,1,11,2,0,0,0.951,0.097,25,54,0.036,0.006,Benign,0
1509,TCP,FTP,1080,389,30,973.43,19.88,3,27,1,3,10,0.847,0.033,26,22,0.08,0.343,BruteForce,1
35,TCP,OTHER,99,0,1,2820.51,28.49,1,0,0,0,0,0.109,0.741,249,14,0.657,0.401,PortScan,1
1870,TCP,FTP,2395,724,44,1667.83,23.53,3,41,1,3,6,0.903,0.061,20,19,0.213,0.304,BruteForce,1
173,UDP,HTTPS,1676,13,1182,9757.37,6828.42,874,84,0,313,0,0.977,0.074,237,161,0.88,0.064,DoS_DDoS,1
1876,UDP,HTTPS,2592,2935,30,2946.01,15.99,2,30,1,0,0,0.905,0.089,44,95,0.018,0.006,Benign,0
979,TCP,SSH,9075,71,16,9341.23,16.34,1,16,1,1,0,0.889,0.005,44,92,0.022,0.001,Benign,0
879,TCP,HTTPS,9253,2225,32,13056.54,36.4,1,32,1,0,0,0.835,0.053,13,81,0.049,0.036,Benign,0
1877,TCP,HTTPS,1083,1823,11,1548.13,5.86,1,11,1,0,0,0.812,0.117,42,86,0.006,0.032,Benign,0
768,TCP,HTTPS,2511,1462,6,5172.5,7.81,1,6,1,0,0,0.97,0.129,37,52,0.011,0.017,Benign,0
26,UDP,HTTP,2665,186,302,109233.72,11570.88,231,26,0,85,0,0.863,0.055,180,165,0.839,0.144,DoS_DDoS,1
1382,TCP,HTTPS,3549,3735,14,5270.24,10.13,1,14,1,0,0,0.829,0.022,11,20,0.022,0.023,Benign,0
5092,TCP,DNS,188,10326,22,2064.77,4.32,1,21,1,0,0,0.532,0.416,15,27,0.027,0.007,Botnet_C2,1
121,TCP,DNS,37392,92,1082,309529.31,8934.76,930,76,0,402,0,0.869,0.007,184,192,0.961,0.113,DoS_DDoS,1
5085,TCP,HTTPS,328,10258,17,2081.77,3.34,1,16,1,0,0,0.406,0.417,42,16,0.074,0.031,Botnet_C2,1
5346,TCP,FTP,470,485,44,178.63,8.23,2,42,1,3,6,0.987,0.071,72,16,0.029,0.482,BruteForce,1
10158,TCP,SSH,2544,871,40,336.18,3.94,2,38,1,1,4,0.997,0.039,72,36,0.236,0.509,BruteForce,1
49,ICMP,HTTP,7759,65,796,159348.27,16211.81,636,33,0,119,0,0.904,0.072,210,185,0.898,0.194,DoS_DDoS,1
21,TCP,OTHER,45,0,3,2132.7,142.18,3,0,0,0,0,0.025,0.971,208,5,0.722,0.561,PortScan,1
1597,TCP,HTTPS,4171,5899,16,6305.18,10.02,1,16,1,0,0,0.994,0.095,9,61,0.011,0.017,Benign,0
299,TCP,HTTPS,764,2128,10,9669.01,33.43,1,10,1,0,0,0.925,0.098,18,38,0.035,0.039,Benign,0
726,UDP,HTTP,348,1847,14,3023.0,19.28,1,14,1,0,0,0.769,0.025,15,77,0.041,0.037,Benign,0
4270,TCP,HTTPS,413,7190,24,1780.52,5.62,1,23,1,0,0,0.734,0.407,35,18,0.084,0.007,Botnet_C2,1
430,ICMP,DNS,594,11851,26,28935.13,60.45,2,26,1,0,0,0.779,0.022,7,71,0.005,0.014,Benign,0
223,TCP,HTTPS,4051,135,359,18762.89,1609.14,322,12,0,95,0,0.945,0.033,226,251,0.761,0.159,DoS_DDoS,1
11980,TCP,SSH,1100,1513,44,218.11,3.67,2,42,1,3,6,0.874,0.09,17,16,0.056,0.434,BruteForce,1
761,ICMP,HTTPS,2716,35527,7,50247.01,9.2,1,7,1,0,0,0.755,0.063,23,34,0.016,0.018,Benign,0
5411,TCP,HTTP,749,2253,109,554.79,20.14,2,109,1,0,0,0.828,0.086,37,44,0.036,0.019,Benign,0
319,TCP,SSH,5268,57426,31,196471.33,97.15,1,31,1,0,0,0.756,0.062,22,33,0.03,0.036,Benign,0
1968,TCP,HTTPS,10837,959,10,5993.6,5.08,2,10,1,0,0,0.853,0.052,26,88,0.003,0.006,Benign,0
5814,TCP,HTTPS,618,7645,22,1421.2,3.78,1,21,1,0,0,0.61,0.447,27,15,0.103,0.072,Botnet_C2,1
265,UDP,HTTPS,453,686,9,4296.49,33.95,1,9,1,0,0,0.987,0.051,3,70,0.03,0.025,Benign,0
373,TCP,HTTPS,213,9969,18,27290.27,48.24,1,18,1,0,0,0.789,0.095,44,97,0.043,0.038,Benign,0
4665,TCP,DNS,285,7171,18,1598.25,3.86,1,17,1,0,0,0.494,0.395,49,19,0.146,0.098,Botnet_C2,1
275,UDP,DNS,13589,667,50,51821.16,181.75,1,50,1,0,0,0.76,0.125,2,37,0.005,0.038,Benign,0
599,TCP,DNS,833,21455,58,37202.47,96.81,1,58,1,0,0,0.76,0.125,13,92,0.032,0.01,Benign,0
3997,TCP,HTTP,683,2513,14,799.58,3.5,1,14,1,0,0,0.918,0.09,48,50,0.003,0.008,Benign,0
4539,TCP,DNS,309,4374,12,1031.7,2.64,1,11,1,0,0,0.849,0.343,23,15,0.036,0.045,Botnet_C2,1
587,TCP,HTTP,11777,294,7,20560.38,11.92,1,7,1,0,0,0.834,0.07,22,71,0.032,0.021,Benign,0
10,UDP,HTTP,3411,2054,48,541089.11,4752.48,1,48,1,0,0,0.861,0.094,24,70,0.049,0.029,Benign,0
463,TCP,HTTPS,65382,123,1339,141448.93,2891.38,1039,104,0,454,0,0.951,0.003,251,201,0.85,0.12,DoS_DDoS,1
32,TCP,OTHER,105,37,2,4423.68,62.31,2,0,0,1,0,0.153,0.926,227,7,0.608,0.774,PortScan,1
4717,TCP,HTTPS,420,4582,16,1060.4,3.39,1,15,1,0,0,0.749,0.297,30,7,0.115,0.067,Botnet_C2,1
1399,ICMP,HTTP,2359,682,11,2173.54,7.86,1,11,1,0,0,0.793,0.069,22,78,0.017,0.031,Benign,0
4707,TCP,OTHER,279,8747,8,1917.53,1.7,1,7,1,0,0,0.469,0.383,6,28,0.061,0.001,Botnet_C2,1
3668,TCP,SSH,1046,639,8,459.37,2.18,1,8,1,0,0,0.98,0.065,16,72,0.021,0.032,Benign,0
502,TCP,HTTPS,8903,6194,20,30067.72,39.83,2,20,2,0,0,0.946,0.051,3,26,0.045,0.034,Benign,0
2240,ICMP,HTTP,344,1243,21,708.45,9.37,1,21,1,0,0,0.926,0.136,3,12,0.048,0.021,Benign,0
1706,TCP,HTTPS,1016,39529,15,23764.73,8.79,1,15,1,0,0,0.873,0.028,19,73,0.028,0.008,Benign,0
44,TCP,SSH,42,0,3,952.38,68.03,3,0,0,0,0,0.154,0.795,219,10,0.801,0.629,PortScan,1
172,UDP,HTTP,659,220,25,5107.5,145.26,2,25,1,0,0,0.93,0.029,6,47,0.031,0.032,Benign,0
372,ICMP,HTTP,6006,6177,14,32741.2,37.62,1,14,1,0,0,0.851,0.133,11,82,0.039,0.027,Benign,0
141,TCP,DNS,3753,9303,45,92530.12,318.92,2,45,1,0,0,0.89,0.081,6,38,0.022,0.036,Benign,0
41,UDP,HTTP,3098,39,511,76326.03,12433.09,428,49,0,71,0,0.981,0.007,220,155,0.872,0.069,DoS_DDoS,1
43,TCP,HTTP,15919,72,5285,371020.88,122621.81,4490,10,0,1148,0,0.897,0.069,219,232,0.829,0.126,DoS_DDoS,1
4945,TCP,SSH,750,583,22,269.56,4.45,5,17,1,2,3,0.909,0.061,12,26,0.099,0.401,BruteForce,1
1824,TCP,HTTPS,2486,5227,18,4228.39,9.87,1,18,1,0,0,0.75,0.109,41,55,0.044,0.009,Benign,0
1112,TCP,HTTPS,5454,2914,10,7524.5,8.99,1,10,1,0,0,0.845,0.019,41,65,0.024,0.039,Benign,0
13,TCP,SSH,83,0,2,6335.88,152.67,2,0,0,0,0,0.092,0.931,233,13,0.723,0.66,PortScan,1
217,TCP,HTTPS,3607,14142,13,81754.95,59.88,1,13,1,0,0,0.896,0.007,13,73,0.021,0.028,Benign,0
212,UDP,HTTP,9272,65,567,44021.69,2673.27,487,50,0,146,0,0.99,0.015,202,165,0.77,0.158,DoS_DDoS,1
38,TCP,SSH,95,0,3,2493.44,78.74,3,0,0,0,0,0.146,0.935,222,2,0.672,0.578,PortScan,1
6279,TCP,FTP,984,319,22,207.51,3.5,5,17,1,2,13,0.896,0.067,31,26,0.146,0.363,BruteForce,1
790,TCP,HTTP,5637,3474,9,11531.45,11.39,1,9,1,0,0,0.864,0.05,36,67,0.028,0.026,Benign,0
142,TCP,DNS,2308,261,28,18078.82,197.04,1,28,1,0,0,0.766,0.066,21,49,0.015,0.005,Benign,0
25,TCP,OTHER,62,0,3,2470.12,119.52,3,0,0,0,0,0.148,0.716,212,7,0.51,0.455,PortScan,1
2408,TCP,HTTPS,214,5107,31,2209.63,12.87,1,31,1,0,0,0.822,0.13,20,51,0.026,0.039,Benign,0
204,UDP,HTTPS,455,15033,18,75884.37,88.19,1,18,1,0,0,0.88,0.096,27,42,0.022,0.04,Benign,0
3137,TCP,SSH,9545,16270,9,8228.94,2.87,2,9,1,0,0,0.797,0.121,37,97,0.013,0.02,Benign,0
117,UDP,DNS,11492,86,1560,98872.76,13321.95,1160,140,0,336,0,0.955,0.046,216,210,0.913,0.158,DoS_DDoS,1
509,TCP,HTTPS,532,11061,56,22771.56,110.0,1,56,1,0,0,0.787,0.13,32,70,0.048,0.033,Benign,0
1472,ICMP,DNS,5463,5921,21,7733.17,14.27,2,21,1,0,0,0.768,0.143,42,94,0.012,0.012,Benign,0
19,UDP,HTTP,6529,57,396,344816.75,20732.98,320,12,0,102,0,0.925,0.038,248,225,0.969,0.124,DoS_DDoS,1
684,TCP,HTTPS,2809,3493,17,9212.1,24.85,1,17,1,0,0,0.758,0.039,41,65,0.019,0.031,Benign,0
54,TCP,HTTPS,19981,172,1837,372513.86,33955.64,1375,81,0,416,0,0.962,0.053,214,165,0.779,0.046,DoS_DDoS,1
352,TCP,DNS,2342,2896,16,14876.46,45.44,1,16,1,0,0,0.764,0.098,17,69,0.019,0.035,Benign,0
147,TCP,HTTP,1730,557,48,15547.25,326.31,1,48,1,0,0,0.908,0.057,19,97,0.041,0.001,Benign,0
938,TCP,HTTPS,2783,2696,12,5840.53,12.79,1,12,1,0,0,0.988,0.113,30,65,0.022,0.016,Benign,0
4921,UDP,HTTPS,248,1971,9,450.92,1.83,1,8,1,0,0,0.753,0.301,9,7,0.111,0.053,Botnet_C2,1
85,TCP,HTTP,913,5027,11,69800.24,129.26,1,11,1,0,0,0.973,0.046,7,91,0.037,0.032,Benign,0
309,TCP,HTTPS,6059,2437,59,27486.25,190.88,1,59,1,1,0,0.81,0.129,2,23,0.041,0.026,Benign,0
528,TCP,HTTPS,16615,37,556,31531.91,1052.83,489,1,0,186,0,0.958,0.055,236,175,0.976,0.18,DoS_DDoS,1
1740,TCP,HTTPS,2894,471,34,1933.8,19.54,1,34,1,0,0,0.858,0.038,34,98,0.034,0.01,Benign,0
2144,TCP,HTTPS,3095,1170,37,1989.18,17.26,1,37,2,0,0,0.918,0.027,9,48,0.017,0.025,Benign,0
1992,TCP,HTTPS,2406,20869,24,11683.65,12.05,1,24,1,0,0,0.967,0.008,24,72,0.003,0.017,Benign,0
122,TCP,HTTP,6582,1481,70,66036.04,573.3,1,70,2,0,0,0.865,0.089,8,50,0.046,0.017,Benign,0
1750,TCP,HTTPS,2025,3889,11,3379.24,6.29,1,11,1,0,0,0.977,0.061,18,65,0.007,0.037,Benign,0
474,TCP,HTTPS,962,8593,8,20153.98,16.87,1,8,1,0,0,0.769,0.136,3,96,0.014,0.004,Benign,0
13,TCP,SSH,72,0,2,5496.18,152.67,2,0,0,0,0,0.124,0.793,206,4,0.835,0.402,PortScan,1
952,TCP,HTTP,5589,18464,47,25263.1,49.36,1,47,1,0,0,0.858,0.062,18,20,0.022,0.029,Benign,0
29,TCP,HTTPS,21607,63,1414,744673.54,48591.07,1201,37,0,314,0,0.905,0.076,200,192,0.758,0.113,DoS_DDoS,1
2266,UDP,HTTPS,835,1228,57,910.37,25.15,1,57,1,0,0,0.796,0.082,21,60,0.05,0.024,Benign,0
54,TCP,HTTPS,2337,3699,7,111571.16,129.39,1,7,1,0,0,0.821,0.053,47,53,0.042,0.016,Benign,0
35,TCP,HTTPS,924,9425,30,294843.3,854.7,1,30,1,0,0,0.886,0.056,7,35,0.001,0.006,Benign,0
1590,TCP,DNS,2749,17489,19,12727.5,11.95,2,19,1,0,0,0.883,0.107,26,96,0.017,0.03,Benign,0
4065,TCP,SSH,1798,653,39,602.94,9.59,4,35,1,1,10,0.985,0.05,53,24,0.133,0.206,BruteForce,1
95,TCP,DNS,8506,71,271,90189.27,2849.63,240,25,0,90,0,0.931,0.016,253,218,0.828,0.158,DoS_DDoS,1
20,ICMP,HTTPS,4602,127,1709,235273.63,85024.88,1327,72,0,302,0,0.882,0.003,217,219,0.859,0.01,DoS_DDoS,1
37,TCP,HTTP,17493,14,739,471886.79,19919.14,697,62,0,291,0,0.971,0.076,196,178,0.793,0.111,DoS_DDoS,1
1040,TCP,HTTPS,2019,16052,15,17374.29,14.42,1,15,2,0,0,0.962,0.045,14,80,0.013,0.026,Benign,0
838,TCP,HTTPS,446,1173,146,1931.75,174.2,1,146,1,0,0,0.78,0.014,33,99,0.041,0.025,Benign,0
4860,UDP,OTHER,705,14702,10,3170.1,2.06,1,9,1,0,0,0.726,0.473,23,7,0.043,0.09,Botnet_C2,1
228,UDP,HTTP,4550,71,1917,20258.66,8404.21,1508,143,0,637,0,0.947,0.071,217,204,0.8,0.099,DoS_DDoS,1
1096,TCP,HTTPS,4742,2771,20,6854.3,18.25,1,20,1,0,0,0.766,0.008,23,80,0.026,0.028,Benign,0
1303,UDP,HTTPS,536,1146,34,1290.77,26.09,1,34,1,0,0,0.787,0.135,35,78,0.005,0.021,Benign,0
390,TCP,HTTPS,745,955,15,4357.86,38.45,1,15,1,0,0,0.836,0.069,30,86,0.001,0.012,Benign,0
3241,TCP,SSH,609,589,33,369.63,10.18,2,31,1,2,14,0.844,0.045,16,26,0.245,0.596,BruteForce,1
15,TCP,OTHER,108,50,1,10463.58,66.23,1,0,0,1,0,0.105,0.811,252,7,0.843,0.715,PortScan,1
385,TCP,SSH,621,4060,16,12155.28,41.55,2,16,2,0,0,0.92,0.149,3,62,0.006,0.035,Benign,0
3748,TCP,DNS,3183,7546,28,2862.52,7.47,1,28,1,0,0,0.852,0.056,8,12,0.002,0.021,Benign,0
4554,TCP,IRC,546,12820,8,2934.94,1.76,1,7,1,0,0,0.548,0.342,33,6,0.091,0.028,Botnet_C2,1
2457,UDP,HTTP,655,1957,11,1063.04,4.48,1,11,1,0,0,0.757,0.043,10,33,0.037,0.0,Benign,0
17,TCP,OTHER,74,0,1,4327.49,58.48,1,0,0,0,0,0.038,0.799,247,12,0.505,0.552,PortScan,1
5028,TCP,OTHER,459,2535,21,595.45,4.18,1,20,1,0,0,0.405,0.429,34,29,0.039,0.049,Botnet_C2,1
11,TCP,HTTP,12721,86,477,1153783.78,42972.97,338,33,0,53,0,0.933,0.011,237,244,0.987,0.106,DoS_DDoS,1
4592,UDP,SMTP,2858,41774,106,9719.3,23.08,1,106,1,0,0,0.804,0.143,35,46,0.014,0.038,Benign,0
2605,TCP,HTTP,321,16655,22,6516.45,8.44,1,22,1,0,0,0.833,0.109,15,74,0.018,0.039,Benign,0
2627,TCP,SSH,840,647,55,566.02,20.94,4,51,1,3,12,0.988,0.051,42,12,0.045,0.215,BruteForce,1
748,TCP,DNS,4211,7136,103,15167.76,137.68,1,103,1,0,0,0.916,0.037,10,31,0.025,0.019,Benign,0
98,TCP,DNS,7466,3866,15,115514.78,152.91,2,15,2,0,0,0.787,0.053,7,99,0.046,0.032,Benign,0
10131,TCP,SSH,871,629,27,148.06,2.67,3,24,1,1,14,0.878,0.017,30,5,0.242,0.449,BruteForce,1
2655,TCP,HTTPS,4943,5852,17,4065.76,6.4,1,17,1,0,0,0.833,0.043,41,68,0.037,0.021,Benign,0
5078,TCP,HTTPS,571,5749,8,1244.56,1.58,1,7,1,0,0,0.827,0.37,40,27,0.112,0.088,Botnet_C2,1
124,TCP,HTTPS,6457,16,225,52159.55,1813.05,194,21,0,36,0,0.909,0.064,180,249,0.998,0.136,DoS_DDoS,1
87,TCP,HTTP,878,6253,22,81871.41,252.58,1,22,1,0,0,0.906,0.079,39,88,0.007,0.035,Benign,0
30,TCP,OTHER,51,22,1,2425.25,33.22,1,0,0,1,0,0.107,0.915,234,11,0.727,0.427,PortScan,1
10,TCP,HTTP,10516,41,2127,1045247.52,210594.06,1663,112,0,291,0,0.91,0.06,251,174,0.74,0.026,DoS_DDoS,1
19321,TCP,SSH,809,1020,50,94.66,2.59,4,46,1,2,4,0.852,0.076,28,31,0.215,0.502,BruteForce,1
908,TCP,HTTPS,994,205543,10,227438.61,11.01,1,10,1,0,0,0.838,0.007,30,53,0.019,0.008,Benign,0
1027,UDP,HTTPS,5995,942,15,6753.97,14.6,1,15,1,0,0,0.962,0.047,12,98,0.005,0.006,Benign,0
229,TCP,DNS,3182,1278,17,19467.48,74.2,2,17,1,0,0,0.989,0.085,37,56,0.045,0.011,Benign,0
455,UDP,HTTP,337,62423,8,137903.76,17.58,1,8,1,0,0,0.898,0.105,37,62,0.037,0.032,Benign,0
671,TCP,HTTPS,3475,6746,14,15230.22,20.86,1,14,1,0,0,0.976,0.016,27,84,0.038,0.036,Benign,0
1945,TCP,DNS,3831,9749,22,6981.65,11.31,1,22,1,0,0,0.972,0.089,25,95,0.022,0.013,Benign,0
877,TCP,HTTP,697,1392,29,2381.71,33.06,2,29,1,0,0,0.974,0.084,12,49,0.035,0.018,Benign,0
46,UDP,HTTP,21284,206,576,466160.52,12494.58,491,3,0,184,0,0.937,0.05,241,200,0.761,0.038,DoS_DDoS,1
624,TCP,HTTP,8945,222,470,14688.35,753.08,405,38,0,143,0,0.863,0.003,212,187,0.759,0.197,DoS_DDoS,1
2057,TCP,HTTPS,3734,11983,27,7640.37,13.13,1,27,1,0,0,0.953,0.119,40,59,0.046,0.021,Benign,0
576,UDP,HTTPS,6935,2212,12,15877.45,20.83,1,12,1,0,0,0.936,0.077,46,81,0.024,0.039,Benign,0
291,UDP,HTTPS,1665,1370,55,10425.97,188.94,1,55,1,0,0,0.956,0.058,49,79,0.015,0.037,Benign,0
2092,TCP,SSH,4127,57589,16,29499.55,7.65,1,16,1,0,0,0.766,0.011,44,88,0.043,0.019,Benign,0
78,TCP,SSH,328,5207,36,70870.68,460.95,1,36,1,1,0,0.882,0.043,48,81,0.049,0.023,Benign,0
309,TCP,DNS,4537,42,960,14813.98,3105.79,793,30,0,257,0,0.912,0.037,243,211,0.986,0.018,DoS_DDoS,1
780,TCP,DNS,898,3733,21,5936.42,26.92,1,21,1,0,0,0.919,0.105,43,91,0.027,0.016,Benign,0
5112,UDP,HTTPS,413,5203,22,1098.57,4.3,1,21,1,0,0,0.656,0.445,15,16,0.094,0.083,Botnet_C2,1
981,UDP,SSH,1130,7581,20,8878.81,20.39,1,20,1,0,0,0.897,0.134,19,78,0.017,0.039,Benign,0
555,UDP,HTTPS,353,4291,28,8366.06,50.44,1,28,1,1,0,0.995,0.071,44,78,0.01,0.036,Benign,0
2090,UDP,HTTPS,1059,1219,7,1089.9,3.35,1,7,1,0,0,0.949,0.095,10,75,0.006,0.005,Benign,0
40,UDP,HTTP,59123,37,2268,1475311.72,56558.6,1828,59,0,379,0,0.866,0.016,196,220,0.927,0.005,DoS_DDoS,1
2489,TCP,HTTP,794,2311,10,1247.44,4.02,1,10,2,0,0,0.861,0.134,2,92,0.047,0.037,Benign,0
380,UDP,HTTPS,380,3557,39,10357.8,102.6,1,39,1,0,0,0.768,0.108,2,65,0.049,0.03,Benign,0
579,UDP,HTTPS,1222,647567,7,1120340.18,12.09,1,7,1,1,0,0.962,0.053,28,79,0.029,0.025,Benign,0
528,TCP,HTTP,380,50957,25,97210.76,47.34,1,25,1,0,0,0.976,0.104,13,57,0.034,0.035,Benign,0
490,TCP,DNS,663,4156,17,9832.69,34.69,1,17,1,0,0,0.896,0.085,36,39,0.014,0.02,Benign,0
638,TCP,HTTP,13804,6541,7,31883.72,10.97,1,7,1,0,0,0.85,0.114,31,38,0.008,0.007,Benign,0
4975,TCP,HTTPS,5341,3917,8,1860.87,1.61,1,8,1,0,0,0.977,0.091,9,19,0.013,0.017,Benign,0
186,TCP,HTTPS,2100,72442,20,400548.09,107.47,2,20,1,0,0,0.93,0.043,6,25,0.033,0.011,Benign,0
567,TCP,SSH,7980,4516,15,22034.91,26.45,1,15,1,0,0,0.991,0.117,11,57,0.032,0.027,Benign,0
17,TCP,OTHER,46,43,1,5204.68,58.48,1,0,0,1,0,0.012,0.995,217,9,0.582,0.534,PortScan,1
958,TCP,HTTPS,11559,99898,54,116331.28,56.36,1,54,1,0,0,0.974,0.086,20,23,0.018,0.002,Benign,0
134,TCP,HTTPS,1106,12664,17,102684.56,126.77,1,17,2,0,0,0.995,0.054,38,91,0.015,0.004,Benign,0
671,TCP,HTTPS,1453,22488,14,35674.27,20.86,1,14,1,0,0,0.897,0.031,40,91,0.015,0.002,Benign,0
714,TCP,HTTPS,107824,50,509,151062.88,712.79,411,41,0,52,0,0.94,0.071,189,254,0.735,0.2,DoS_DDoS,1
6,TCP,OTHER,83,0,3,13606.56,491.8,3,0,0,0,0,0.009,0.901,214,3,0.778,0.643,PortScan,1
7,TCP,FTP,119,0,1,16760.56,140.85,1,0,0,0,0,0.059,0.936,219,10,0.944,0.469,PortScan,1
960,TCP,SSH,378,3969,13,4527.65,13.54,1,13,1,1,0,0.851,0.082,9,99,0.008,0.026,Benign,0
106,ICMP,HTTPS,8493,16,3489,80197.93,32884.07,3264,44,0,989,0,0.938,0.016,241,232,0.734,0.011,DoS_DDoS,1
575,TCP,HTTPS,7346,166,21,13062.08,36.52,1,21,2,0,0,0.839,0.111,10,49,0.041,0.036,Benign,0
8,TCP,SSH,82,0,3,10123.46,370.37,3,0,0,0,0,0.039,0.816,208,11,0.565,0.763,PortScan,1
845,UDP,HTTPS,1669,79,50,2068.39,59.16,1,50,1,0,0,0.939,0.034,3,44,0.04,0.006,Benign,0
63,UDP,HTTP,41965,21,790,665388.27,12519.81,558,7,0,104,0,0.866,0.015,209,236,0.958,0.175,DoS_DDoS,1
3,TCP,OTHER,81,29,2,35483.87,645.16,2,0,0,1,0,0.016,0.947,213,6,0.568,0.736,PortScan,1
1705,TCP,HTTPS,2375,1229,25,2113.66,14.66,1,25,1,1,0,0.864,0.103,20,60,0.01,0.005,Benign,0
4739,UDP,IRC,876,2903,20,797.41,4.22,1,19,1,0,0,0.496,0.361,34,6,0.001,0.001,Botnet_C2,1
318,TCP,HTTP,20582,256,51,65507.7,160.33,38,3,0,5,0,0.995,0.04,229,235,0.951,0.167,DoS_DDoS,1
36,TCP,HTTP,77,0,3,2132.96,83.1,3,0,0,0,0,0.034,0.816,219,11,0.651,0.667,PortScan,1
5524,TCP,HTTPS,451,11507,14,2164.7,2.53,1,13,1,0,0,0.494,0.171,9,21,0.02,0.009,Botnet_C2,1
422,TCP,DNS,963,205,425,2767.12,1006.87,365,13,0,109,0,0.971,0.015,203,211,0.97,0.18,DoS_DDoS,1
1377,TCP,HTTP,2215,3483,21,4137.68,15.25,1,21,1,0,0,0.989,0.06,45,90,0.009,0.027,Benign,0
570,TCP,HTTPS,414,13325,11,24099.28,19.29,2,11,2,0,0,0.813,0.066,39,78,0.01,0.038,Benign,0
994,TCP,HTTPS,6821,5459,22,12352.88,22.13,2,22,1,0,0,0.988,0.013,27,33,0.029,0.02,Benign,0
107,TCP,HTTP,86041,58,1795,803912.23,16760.04,1292,33,0,640,0,0.982,0.064,207,229,0.832,0.054,DoS_DDoS,1
795,TCP,SMTP,3012,312805,14,397204.13,17.61,2,14,1,0,0,0.93,0.088,8,99,0.01,0.019,Benign,0
23,TCP,DNS,5325,27,632,231688.31,27359.31,587,33,0,233,0,0.902,0.012,241,165,0.841,0.008,DoS_DDoS,1
11,TCP,HTTP,43,0,3,3873.87,270.27,3,0,0,0,0,0.179,0.821,246,6,0.912,0.331,PortScan,1
843,TCP,HTTPS,2643,660,93,3917.68,110.31,2,93,1,0,0,0.966,0.014,26,48,0.012,0.022,Benign,0
80,TCP,HTTP,14485,242,1520,183857.68,18976.28,1208,130,0,582,0,0.942,0.045,246,164,0.833,0.192,DoS_DDoS,1
1272,UDP,HTTPS,1602,857,10,1933.02,7.86,2,10,1,0,0,0.897,0.111,6,83,0.035,0.022,Benign,0
761,TCP,HTTP,9800,46690,33,74221.52,43.36,2,33,1,0,0,0.765,0.062,8,52,0.022,0.028,Benign,0
2547,TCP,HTTP,36409,46372,22,32500.1,8.64,2,22,1,0,0,0.971,0.127,3,79,0.036,0.034,Benign,0
219,TCP,HTTP,50940,22,200,232596.99,912.83,166,1,0,20,0,0.866,0.059,240,177,0.854,0.037,DoS_DDoS,1
795,TCP,HTTP,1531,208836,16,264579.3,20.12,1,16,1,0,0,0.78,0.141,30,55,0.005,0.009,Benign,0
281,TCP,SSH,997,28225,58,103955.89,206.33,2,58,2,0,0,0.939,0.085,10,39,0.043,0.019,Benign,0
1005,UDP,HTTP,4906,6278,15,11127.25,14.92,1,15,1,0,0,0.761,0.091,18,73,0.013,0.029,Benign,0
43,TCP,FTP,104,0,1,2412.99,23.2,1,0,0,0,0,0.171,0.988,218,10,0.906,0.753,PortScan,1
834,UDP,HTTP,7857,5669,15,16216.28,17.98,1,15,1,0,0,0.896,0.15,17,42,0.041,0.004,Benign,0
88,TCP,DNS,10630,3,378,120692.4,4290.58,273,5,0,96,0,0.93,0.037,187,234,0.859,0.193,DoS_DDoS,1
2275,TCP,HTTPS,1344,16462,23,7826.47,10.11,2,23,2,0,0,0.78,0.148,16,32,0.012,0.031,Benign,0
1872,TCP,HTTPS,1328,11164,35,6672.72,18.7,2,35,1,1,0,0.829,0.062,44,61,0.013,0.028,Benign,0
236,ICMP,HTTP,2165,426,33,10974.16,139.77,1,33,1,0,0,0.802,0.002,21,47,0.045,0.035,Benign,0
270,TCP,HTTP,8232,69,1302,30733.06,4820.44,1021,14,0,497,0,0.988,0.059,226,185,0.758,0.043,DoS_DDoS,1
34,UDP,HTTP,98698,28,1036,2895190.62,30381.23,898,99,0,249,0,0.88,0.067,252,193,0.795,0.173,DoS_DDoS,1
17,ICMP,DNS,2930,87,213,176432.75,12456.14,165,4,0,44,0,0.866,0.044,232,199,0.96,0.007,DoS_DDoS,1
1915,TCP,HTTPS,1996,3489,32,2864.08,16.71,1,32,1,0,0,0.919,0.044,46,89,0.037,0.017,Benign,0
1284,UDP,HTTPS,1552,3605,24,4016.04,18.69,2,24,1,0,0,0.862,0.147,43,43,0.016,0.035,Benign,0
64,TCP,HTTP,5487,3299,17,137067.08,265.21,1,17,1,0,0,0.999,0.038,18,73,0.048,0.015,Benign,0
842,TCP,HTTPS,4870,438802,19,526863.79,22.56,1,19,1,0,0,0.895,0.033,10,43,0.0,0.011,Benign,0
2555,TCP,SSH,1151,1170,37,908.38,14.48,3,34,1,1,8,0.919,0.013,55,18,0.175,0.511,BruteForce,1
4314,TCP,HTTPS,9850,8879,23,4341.35,5.33,1,23,1,0,0,0.917,0.101,3,8,0.006,0.036,Benign,0
7,TCP,SSH,51,0,1,7183.1,140.85,1,0,0,0,0,0.172,0.958,224,5,0.796,0.543,PortScan,1
111,TCP,HTTPS,8937,96,855,81305.13,7695.77,684,8,0,163,0,0.953,0.064,191,173,0.858,0.113,DoS_DDoS,1
752,TCP,FTP,1364,1721,56,4101.85,74.46,2,54,1,2,12,0.812,0.081,36,20,0.152,0.279,BruteForce,1
191,TCP,HTTP,21360,31,910,111936.16,4761.9,718,44,0,302,0,0.974,0.058,227,185,0.838,0.101,DoS_DDoS,1
323,UDP,HTTP,12595,595,1005,40823.27,3110.49,768,22,0,248,0,0.89,0.034,182,213,0.788,0.195,DoS_DDoS,1
1220,UDP,HTTPS,2054,9782,18,9700.84,14.75,1,18,1,1,0,0.945,0.133,17,75,0.036,0.029,Benign,0
94,TCP,HTTP,16518,61,970,176184.91,10308.18,825,82,0,343,0,0.909,0.054,241,223,0.902,0.092,DoS_DDoS,1
844,UDP,DNS,3802,1768,48,6598.74,56.87,1,48,1,0,0,0.818,0.098,7,38,0.021,0.001,Benign,0
912,UDP,SSH,234,2799,72,3325.29,78.94,1,72,1,0,0,0.909,0.003,6,78,0.02,0.018,Benign,0
61,UDP,HTTPS,4408,32,839,72667.76,13731.59,710,70,0,251,0,0.896,0.028,187,195,0.839,0.022,DoS_DDoS,1
285,TCP,HTTP,36972,76,270,129947.39,947.04,212,23,0,54,0,0.997,0.001,228,197,0.983,0.032,DoS_DDoS,1
9,UDP,HTTP,4052,38,326,449450.55,35824.18,249,11,0,54,0,0.895,0.045,238,162,0.811,0.064,DoS_DDoS,1
32,TCP,FTP,111,0,1,3457.94,31.15,1,0,0,0,0,0.017,0.921,200,10,0.832,0.733,PortScan,1
2257,UDP,HTTP,4009,2104,11,2708.34,4.87,1,11,1,0,0,0.881,0.137,23,60,0.018,0.027,Benign,0
2402,TCP,HTTP,535,8392,39,3716.33,16.24,1,39,1,0,0,0.906,0.062,39,71,0.027,0.002,Benign,0
79,TCP,HTTP,531,19449,31,252591.66,391.91,1,31,1,0,0,0.825,0.12,10,30,0.01,0.01,Benign,0
311,UDP,HTTPS,4472,21148,44,82352.94,141.43,2,44,1,0,0,0.959,0.026,48,83,0.015,0.001,Benign,0
727,TCP,FTP,464,555,38,1401.46,52.26,3,35,1,3,5,0.826,0.023,25,34,0.105,0.555,BruteForce,1
215,TCP,HTTP,7680,5823,31,62775.45,144.12,1,31,1,0,0,0.86,0.075,1,35,0.032,0.008,Benign,0
1298,TCP,HTTP,4929,1300,7,4798.55,5.39,2,7,1,0,0,0.996,0.058,42,94,0.036,0.017,Benign,0
888,UDP,HTTPS,484,4800,27,5949.78,30.4,1,27,1,0,0,0.821,0.071,31,95,0.029,0.013,Benign,0
65,TCP,HTTP,33652,49,350,517680.49,5376.34,280,5,0,62,0,0.996,0.041,195,191,0.843,0.118,DoS_DDoS,1
1736,UDP,HTTPS,722,6459,42,4136.28,24.19,1,42,1,0,0,0.877,0.149,9,18,0.022,0.02,Benign,0
478,TCP,HTTPS,4456,18200,12,47387.58,25.1,1,12,1,0,0,0.887,0.081,9,72,0.018,0.008,Benign,0
939,TCP,HTTPS,8779,17337,12,27809.6,12.78,1,12,1,0,0,0.987,0.089,9,33,0.003,0.01,Benign,0
1304,TCP,HTTPS,12157,2047,10,10891.8,7.67,1,10,1,1,0,0.942,0.144,41,57,0.008,0.01,Benign,0
671,TCP,DNS,4346,1872,19,9265.39,28.31,1,19,1,0,0,0.967,0.097,3,13,0.03,0.023,Benign,0
620,UDP,HTTP,8697,104,1413,14192.87,2278.66,1111,124,0,410,0,0.999,0.027,237,208,0.731,0.151,DoS_DDoS,1
320,TCP,HTTP,1454,1676,8,9778.19,24.99,1,8,1,0,0,0.959,0.01,46,91,0.023,0.003,Benign,0
1367,TCP,HTTPS,2609,13399,11,11709.46,8.05,1,11,1,0,0,0.848,0.024,16,18,0.022,0.031,Benign,0
43,TCP,OTHER,66,0,3,1531.32,69.61,3,0,0,0,0,0.158,0.737,213,10,0.946,0.759,PortScan,1
72,TCP,HTTPS,1469,3267,17,65686.55,235.78,1,17,1,0,0,0.833,0.111,34,52,0.008,0.003,Benign,0
1753,UDP,HTTP,1569,16990,55,10586.39,31.37,1,55,1,0,0,0.809,0.112,19,69,0.015,0.032,Benign,0
3044,TCP,HTTPS,2094,4807,89,2267.01,29.24,1,89,1,0,0,0.959,0.118,46,56,0.035,0.017,Benign,0
758,TCP,HTTPS,515,1320,17,2420.52,22.42,1,17,1,0,0,0.868,0.072,37,59,0.002,0.003,Benign,0
138,TCP,HTTPS,13047,2472,14,112375.09,101.38,1,14,1,0,0,0.793,0.135,3,33,0.021,0.039,Benign,0
5246,UDP,IRC,323,14030,12,2735.94,2.29,1,11,1,0,0,0.493,0.212,14,9,0.134,0.058,Botnet_C2,1
1049,UDP,HTTP,2025,8035,14,9589.17,13.34,1,14,1,0,0,0.888,0.084,9,37,0.006,0.009,Benign,0
4449,TCP,OTHER,521,20219,14,4661.62,3.15,1,13,1,0,0,0.779,0.419,30,27,0.03,0.018,Botnet_C2,1
1261,TCP,HTTPS,3691,29851,13,26597.41,10.31,1,13,1,0,0,0.837,0.025,27,75,0.038,0.006,Benign,0
1350,TCP,HTTP,244,2875,37,2310.2,27.41,1,37,1,0,0,0.955,0.075,10,10,0.012,0.006,Benign,0
416,TCP,HTTP,525,18929,15,46753.18,36.05,1,15,1,0,0,0.782,0.14,45,64,0.016,0.027,Benign,0
1250,TCP,HTTPS,1977,2797,45,3818.89,36.0,1,45,1,0,0,0.993,0.137,6,27,0.001,0.026,Benign,0
6070,UDP,DNS,422,3833,22,700.98,3.62,1,21,1,0,0,0.717,0.304,44,6,0.054,0.004,Botnet_C2,1
20,TCP,HTTPS,10471,356,71,538656.72,3532.34,1,71,1,0,0,0.866,0.11,36,62,0.047,0.022,Benign,0
4941,UDP,SSH,4681,2923,121,1538.93,24.49,1,121,1,0,0,0.932,0.049,28,59,0.047,0.008,Benign,0
243,TCP,HTTP,3487,597,43,16799.67,176.88,1,43,1,0,0,0.795,0.097,49,82,0.04,0.028,Benign,0
1252,TCP,DNS,4597,1290,13,4701.7,10.38,1,13,1,0,0,0.883,0.045,10,91,0.006,0.012,Benign,0
86,TCP,HTTPS,52243,72,409,607607.43,4750.29,360,37,0,76,0,0.943,0.076,215,189,0.88,0.063,DoS_DDoS,1
1530,TCP,HTTPS,2309,2245,44,2976.28,28.76,1,44,1,0,0,0.772,0.1,36,77,0.033,0.017,Benign,0
873,TCP,HTTPS,779,2083,95,3277.98,108.81,1,95,1,0,0,0.847,0.056,40,78,0.025,0.034,Benign,0
239,TCP,HTTP,17313,125,1186,72931.83,4960.27,948,117,0,248,0,0.971,0.028,205,223,0.722,0.157,DoS_DDoS,1
648,TCP,HTTPS,1009,39009,34,61746.64,52.46,1,34,1,0,0,0.883,0.042,37,56,0.047,0.034,Benign,0
1159,UDP,HTTPS,2608,3509,14,5277.37,12.08,1,14,1,0,0,0.894,0.139,34,47,0.027,0.005,Benign,0
12,TCP,OTHER,87,0,2,7190.08,165.29,2,0,0,0,0,0.123,0.824,206,6,0.646,0.679,PortScan,1
4996,TCP,IRC,315,2300,21,523.41,4.2,1,20,1,0,0,0.7,0.484,41,5,0.126,0.005,Botnet_C2,1
1357,TCP,HTTPS,5336,2754,36,5961.24,26.53,1,36,1,0,0,0.931,0.057,23,49,0.043,0.009,Benign,0
350,TCP,HTTPS,4182,6211,28,29685.8,79.98,1,28,1,0,0,0.845,0.094,43,51,0.031,0.011,Benign,0
1346,TCP,HTTPS,1540,4429,26,4434.29,19.32,1,26,1,0,0,0.924,0.005,42,83,0.023,0.026,Benign,0
610,TCP,HTTP,2801,1544,27,7121.78,44.26,1,27,2,0,0,0.994,0.061,48,60,0.039,0.023,Benign,0
4132,UDP,HTTPS,1291,3568,23,1175.92,5.57,1,23,1,0,0,0.751,0.012,29,99,0.032,0.004,Benign,0
3011,TCP,HTTPS,291,155,15,148.12,4.98,1,15,1,0,0,0.998,0.026,25,98,0.046,0.005,Benign,0
1439,TCP,HTTPS,954,13188,18,9826.98,12.51,1,18,1,0,0,0.824,0.008,37,39,0.005,0.032,Benign,0
75,TCP,DNS,19581,18,944,260972.04,12569.91,761,14,0,134,0,0.947,0.029,244,235,0.766,0.029,DoS_DDoS,1
119,UDP,HTTPS,975,9225,28,85642.32,235.1,1,28,2,0,0,0.973,0.063,30,58,0.007,0.001,Benign,0
17,TCP,OTHER,82,0,2,4795.32,116.96,2,0,0,0,0,0.034,0.937,236,10,0.841,0.525,PortScan,1
373,TCP,HTTPS,213,993,23,3232.38,61.65,2,23,1,0,0,1.0,0.147,10,63,0.02,0.034,Benign,0
788,TCP,HTTP,215,9925,10,12866.39,12.69,1,10,1,0,0,0.956,0.003,30,51,0.032,0.004,Benign,0
260,TCP,HTTPS,8784,8,548,33802.38,2106.88,513,49,0,91,0,0.955,0.052,235,238,0.949,0.135,DoS_DDoS,1
7,TCP,FTP,63,0,3,8873.24,422.54,3,0,0,0,0,0.092,0.882,239,13,0.735,0.355,PortScan,1
167,TCP,HTTPS,3189,3568,36,40436.86,215.44,1,36,1,0,0,0.884,0.029,48,67,0.046,0.013,Benign,0
341,UDP,HTTP,21872,37,2170,64230.43,6361.77,1578,189,0,588,0,0.979,0.031,200,190,0.716,0.134,DoS_DDoS,1
2982,TCP,HTTP,762,690,35,486.91,11.74,1,35,1,0,0,0.851,0.01,28,33,0.017,0.018,Benign,0
152,UDP,HTTP,21020,95,1964,138823.14,12912.56,1716,103,0,525,0,0.86,0.02,191,178,0.984,0.108,DoS_DDoS,1
363,UDP,HTTPS,1096,26362,21,75621.04,57.84,1,21,1,0,0,0.846,0.108,7,39,0.042,0.01,Benign,0
1555,TCP,HTTPS,1361,6499,33,5054.34,21.22,1,33,1,0,0,0.944,0.121,36,59,0.006,0.034,Benign,0
1298,TCP,HTTPS,238,2423,6,2049.92,4.62,2,6,2,0,0,0.832,0.111,44,65,0.017,0.037,Benign,0
73,TCP,HTTP,6034,29607,12,487564.98,164.16,1,12,1,0,0,0.811,0.109,48,62,0.02,0.008,Benign,0
807,TCP,SSH,16332,1670,52,22304.55,64.43,1,52,1,0,0,0.82,0.144,24,64,0.033,0.038,Benign,0
871,TCP,HTTPS,10915,506,31,13111.01,35.59,2,31,1,0,0,0.859,0.009,25,90,0.016,0.026,Benign,0
617,TCP,HTTPS,7688,764,6,13696.32,9.72,1,6,1,0,0,0.872,0.067,21,26,0.007,0.02,Benign,0
296,TCP,HTTPS,1255,1219,12,8355.29,40.53,1,12,2,1,0,0.957,0.04,27,84,0.042,0.002,Benign,0
1167,UDP,DNS,4431,19418,16,20434.41,13.71,2,16,1,0,0,0.984,0.136,8,48,0.028,0.021,Benign,0
1530,TCP,HTTP,1545,16613,18,11867.2,11.76,1,18,1,0,0,0.988,0.119,14,59,0.011,0.021,Benign,0
1012,TCP,HTTPS,1006,17284,33,18071.34,32.61,1,33,1,0,0,0.874,0.086,30,86,0.034,0.023,Benign,0
243,TCP,HTTPS,536,48790,36,202904.15,148.09,1,36,1,0,0,0.774,0.027,47,64,0.034,0.022,Benign,0
101,TCP,HTTP,2197,5229,33,73452.03,326.41,2,33,2,1,0,0.88,0.147,8,20,0.043,0.031,Benign,0
10,TCP,OTHER,64,0,1,6336.63,99.01,1,0,0,0,0,0.128,0.991,244,2,0.676,0.541,PortScan,1
38,TCP,SSH,113,0,3,2965.88,78.74,3,0,0,0,0,0.059,0.783,230,3,0.775,0.422,PortScan,1
612,TCP,HTTP,397,497,8,1460.55,13.07,1,8,1,0,0,0.831,0.101,11,54,0.038,0.036,Benign,0
2042,TCP,HTTP,1311,734,30,1001.42,14.69,1,30,1,0,0,0.875,0.046,43,84,0.033,0.016,Benign,0
1473,TCP,HTTPS,926,623,22,1051.52,14.93,1,22,1,0,0,0.883,0.075,9,99,0.043,0.026,Benign,0
790,TCP,SSH,535,1229,17,2232.63,21.52,2,17,1,1,0,0.793,0.082,7,67,0.044,0.004,Benign,0
55,TCP,HTTPS,15849,109,124,289618.87,2250.45,102,0,0,17,0,0.894,0.076,210,205,0.932,0.139,DoS_DDoS,1
3772,TCP,HTTPS,1143,7767,68,2362.08,18.03,1,68,1,0,0,0.797,0.128,5,69,0.0,0.034,Benign,0
1158,TCP,HTTPS,2820,6760,10,8272.17,8.63,1,10,1,1,0,0.902,0.033,47,92,0.034,0.013,Benign,0
857,TCP,DNS,397,1647,36,2384.79,42.0,1,36,2,0,0,0.776,0.134,4,95,0.038,0.001,Benign,0
1170,UDP,SMTP,480,2709,24,2725.41,20.51,1,24,1,0,0,0.815,0.128,2,77,0.05,0.026,Benign,0
2893,UDP,HTTP,1794,7986,34,3380.46,11.75,1,34,1,0,0,0.805,0.018,47,71,0.006,0.014,Benign,0
1934,UDP,DNS,7220,1225,12,4366.37,6.2,1,12,1,0,0,0.959,0.102,8,34,0.049,0.031,Benign,0
16,TCP,OTHER,69,0,1,4285.71,62.11,1,0,0,0,0,0.108,0.927,229,13,0.845,0.422,PortScan,1
293,TCP,HTTPS,53725,37804,19,312279.09,64.82,1,19,1,1,0,0.975,0.139,44,65,0.028,0.015,Benign,0
1660,UDP,HTTP,2257,557,38,1695.08,22.89,1,38,2,0,0,0.977,0.109,19,89,0.018,0.034,Benign,0
3321,TCP,SSH,1811,196,57,604.32,17.16,2,55,1,1,5,0.989,0.08,15,9,0.137,0.525,BruteForce,1
211,TCP,HTTPS,734,18262,64,89985.79,303.17,1,64,1,0,0,0.888,0.007,15,23,0.023,0.033,Benign,0
4161,TCP,DNS,391,4960,50,1285.96,12.02,1,50,1,0,0,0.868,0.084,40,95,0.039,0.017,Benign,0
872,TCP,HTTPS,1448,69377,44,81212.02,50.45,1,44,1,0,0,0.809,0.148,17,68,0.012,0.013,Benign,0
2152,TCP,FTP,867,1427,16,1065.94,7.43,2,14,1,1,14,0.879,0.024,13,25,0.057,0.286,BruteForce,1
184,TCP,HTTPS,464,854,13,7159.15,70.61,1,13,1,0,0,0.93,0.1,28,38,0.009,0.006,Benign,0
1728,TCP,HTTP,21057,2435,67,13594.12,38.77,1,67,1,0,0,0.833,0.035,40,81,0.021,0.032,Benign,0
1778,UDP,DNS,2703,65198,17,38187.39,9.56,1,17,1,0,0,0.79,0.059,27,84,0.007,0.021,Benign,0
862,TCP,SSH,1226,9177,33,12067.05,38.28,1,33,1,0,0,0.99,0.049,47,90,0.037,0.008,Benign,0
64,TCP,HTTPS,5536,46,56,87082.68,873.63,50,4,0,8,0,0.905,0.046,219,243,0.724,0.069,DoS_DDoS,1
4675,TCP,DNS,636,8760,10,2009.8,2.14,1,9,1,0,0,0.493,0.401,19,28,0.094,0.033,Botnet_C2,1
41,TCP,SSH,84,0,1,2043.8,24.33,1,0,0,0,0,0.004,0.893,234,11,0.694,0.453,PortScan,1
69,TCP,DNS,10474,20549,8,448958.03,115.77,1,8,1,0,0,0.808,0.026,37,85,0.007,0.017,Benign,0
226,UDP,HTTP,8918,45,445,39641.75,1968.16,335,31,0,119,0,0.988,0.076,190,169,0.763,0.104,DoS_DDoS,1
743,UDP,HTTPS,2941,25957,42,38888.44,56.52,1,42,1,0,0,0.76,0.045,21,75,0.043,0.031,Benign,0
540,TCP,HTTP,663,3181,96,7117.2,177.74,1,96,1,0,0,0.823,0.065,17,99,0.021,0.039,Benign,0
1817,UDP,HTTP,2136,1621,26,2067.58,14.31,1,26,1,0,0,0.997,0.133,4,73,0.013,0.01,Benign,0
1176,TCP,HTTPS,1719,5337,19,5999.49,16.16,1,19,1,0,0,0.828,0.103,18,91,0.032,0.025,Benign,0
1566,TCP,FTP,877,377,40,800.72,25.54,2,38,1,3,8,0.863,0.072,47,34,0.245,0.463,BruteForce,1
1141,TCP,HTTP,535,2204,5,2400.32,4.38,1,5,1,0,0,0.813,0.067,2,21,0.009,0.031,Benign,0
44,TCP,OTHER,110,0,2,2494.33,45.35,2,0,0,0,0,0.104,0.847,204,5,0.622,0.681,PortScan,1
63,UDP,HTTP,22079,30,207,350380.35,3280.51,146,20,0,65,0,0.952,0.04,224,251,0.911,0.138,DoS_DDoS,1
1113,UDP,HTTPS,22649,184,511,20512.98,459.08,389,43,0,119,0,0.93,0.077,195,172,0.957,0.179,DoS_DDoS,1
1615,TCP,HTTP,4598,108825,13,70226.61,8.05,1,13,1,0,0,0.833,0.124,4,52,0.014,0.024,Benign,0
1566,UDP,DNS,555,2949,36,2237.41,22.99,1,36,1,0,0,0.768,0.032,6,25,0.015,0.008,Benign,0
41,UDP,HTTP,20257,38,1082,493795.62,26326.03,774,34,0,346,0,0.887,0.05,216,173,0.779,0.187,DoS_DDoS,1
293,UDP,DNS,13129,174,206,45387.24,702.83,188,4,0,69,0,0.92,0.024,243,169,0.876,0.186,DoS_DDoS,1
4779,TCP,DNS,321,3808,15,863.97,3.14,1,14,1,0,0,0.761,0.326,28,20,0.054,0.045,Botnet_C2,1
363,TCP,HTTPS,590,29821,21,83753.79,57.84,1,21,1,0,0,0.855,0.119,21,48,0.03,0.024,Benign,0
3593,TCP,SSH,3916,5038,24,2492.0,6.68,1,24,1,0,0,0.789,0.029,32,40,0.003,0.004,Benign,0
643,TCP,HTTPS,3660,13438,33,26586.84,51.31,1,33,2,1,0,0.891,0.105,21,57,0.042,0.036,Benign,0
217,UDP,HTTPS,66988,122,1002,309120.22,4615.38,841,52,0,311,0,0.875,0.062,214,190,0.883,0.007,DoS_DDoS,1
3007,TCP,SSH,923,1630,38,848.99,12.64,2,36,1,1,12,0.902,0.041,67,10,0.244,0.559,BruteForce,1
4336,TCP,IRC,256,8308,10,1975.05,2.31,1,9,1,0,0,0.814,0.451,28,24,0.038,0.062,Botnet_C2,1
34,TCP,HTTP,33818,37,7380,992815.25,216422.29,5772,473,0,821,0,0.901,0.012,215,218,0.897,0.08,DoS_DDoS,1
1746,UDP,DNS,3083,1424,24,2581.18,13.74,1,24,1,0,0,0.878,0.018,34,61,0.04,0.034,Benign,0
338,TCP,DNS,782,6895,14,22706.3,41.41,2,14,1,0,0,0.882,0.038,1,79,0.02,0.038,Benign,0
2524,TCP,HTTPS,6681,274,19,2755.44,7.53,1,19,1,0,0,0.858,0.059,7,35,0.027,0.027,Benign,0
1518,TCP,DNS,267,12771,18,8588.37,11.86,1,18,2,0,0,0.815,0.088,39,94,0.044,0.024,Benign,0
26,TCP,HTTP,4016,165,249,160191.57,9540.23,209,15,0,59,0,0.892,0.003,224,152,0.961,0.147,DoS_DDoS,1
219,UDP,HTTPS,5975,128,26,27854.86,118.67,1,26,1,1,0,0.892,0.116,28,63,0.035,0.002,Benign,0
711,TCP,HTTP,1917,239713,12,339797.5,16.88,1,12,1,0,0,0.955,0.108,28,46,0.015,0.028,Benign,0
17,TCP,OTHER,56,0,1,3274.85,58.48,1,0,0,0,0,0.152,0.757,206,4,0.621,0.375,PortScan,1
162,UDP,HTTPS,15336,79,144,95095.62,888.34,112,4,0,15,0,0.889,0.067,205,253,0.887,0.18,DoS_DDoS,1
1633,UDP,HTTPS,9051,8540,10,10771.54,6.12,2,10,1,0,0,0.955,0.02,16,50,0.046,0.023,Benign,0
5499,TCP,HTTPS,2849,2210,22,919.97,4.0,1,22,1,0,0,0.854,0.119,18,40,0.028,0.023,Benign,0
1371,UDP,HTTPS,3298,1075,6,3189.41,4.38,1,6,1,0,0,0.979,0.059,33,84,0.015,0.009,Benign,0
382,TCP,HTTP,540,215,47,1975.92,123.0,1,47,1,0,0,0.755,0.061,32,82,0.009,0.016,Benign,0
2018,TCP,SSH,1542,5581,4,3529.56,1.98,1,4,1,0,0,0.844,0.052,48,50,0.011,0.007,Benign,0
254,TCP,HTTPS,480,949,59,5623.77,232.19,1,59,1,0,0,0.868,0.025,13,64,0.016,0.022,Benign,0
1857,TCP,HTTPS,204,13320,39,7282.32,21.0,1,39,1,0,0,0.836,0.094,39,80,0.016,0.037,Benign,0
1026,UDP,SSH,1187,1103,15,2231.75,14.62,1,15,1,0,0,0.949,0.026,25,65,0.013,0.021,Benign,0
387,TCP,HTTPS,1916,1752,20,9475.59,51.67,2,20,1,0,0,0.76,0.022,24,66,0.001,0.013,Benign,0
4876,TCP,IRC,576,25284,21,5303.42,4.31,1,20,1,0,0,0.763,0.407,29,28,0.142,0.044,Botnet_C2,1
1357,UDP,HTTPS,2901,4397,17,5377.64,12.53,1,17,2,0,0,0.849,0.069,49,87,0.041,0.004,Benign,0
656,TCP,HTTPS,753,1287,44,3109.28,67.06,1,44,2,0,0,0.949,0.024,36,86,0.023,0.009,Benign,0
2163,UDP,HTTP,7910,44480,19,24219.87,8.78,1,19,1,0,0,0.965,0.143,14,25,0.021,0.008,Benign,0
140,TCP,HTTP,2230,739,16,21192.01,114.2,1,16,1,0,0,0.944,0.065,5,62,0.037,0.001,Benign,0
6056,TCP,FTP,664,532,51,197.49,8.42,4,47,1,1,7,0.881,0.079,45,17,0.247,0.516,BruteForce,1
33,TCP,HTTPS,2285,353,31,79697.89,936.56,2,31,1,0,0,0.824,0.107,17,28,0.017,0.004,Benign,0
2171,TCP,HTTPS,2836,848,82,1696.84,37.77,2,82,1,1,0,0.799,0.136,16,44,0.027,0.017,Benign,0
5891,TCP,HTTPS,6494,851,27,1246.8,4.58,1,27,2,0,0,0.896,0.142,14,65,0.005,0.033,Benign,0
41,TCP,HTTP,52,0,1,1265.21,24.33,1,0,0,0,0,0.15,0.898,242,6,0.53,0.426,PortScan,1
613,TCP,DNS,885,42976,13,71539.72,21.2,1,13,1,0,0,0.939,0.084,32,93,0.041,0.025,Benign,0
800,TCP,HTTPS,3078,1842,65,6149.23,81.24,2,65,1,0,0,0.91,0.03,31,37,0.046,0.002,Benign,0
1511,TCP,HTTP,261,30945,36,20651.18,23.82,1,36,1,0,0,0.863,0.025,11,25,0.015,0.004,Benign,0
5052,TCP,HTTPS,295,7276,29,1498.58,5.74,1,29,1,0,0,0.883,0.128,28,49,0.007,0.007,Benign,0
38,TCP,HTTP,8149,230,2161,219921.26,56719.16,1549,146,0,642,0,0.855,0.044,221,215,0.829,0.18,DoS_DDoS,1
2914,TCP,TELNET,493,397,56,305.41,19.22,5,51,1,2,5,0.998,0.018,17,30,0.032,0.557,BruteForce,1
43,TCP,OTHER,109,57,1,3851.51,23.2,1,0,0,1,0,0.105,0.888,212,4,0.784,0.632,PortScan,1
160,TCP,HTTP,763,1952,48,16958.15,299.81,1,48,1,0,0,0.949,0.02,40,43,0.009,0.03,Benign,0
371,UDP,HTTPS,759,4789,18,14950.15,48.5,2,18,2,0,0,0.786,0.027,11,49,0.009,0.03,Benign,0
2679,TCP,HTTP,508,1136,9,613.64,3.36,1,9,1,0,0,0.979,0.101,14,46,0.044,0.019,Benign,0
974,TCP,HTTP,3119,393,38,3605.38,39.01,1,38,1,1,0,0.96,0.084,10,77,0.034,0.038,Benign,0
847,TCP,HTTP,1316,1532,8,3362.06,9.44,1,8,1,0,0,0.944,0.127,29,85,0.039,0.02,Benign,0
5086,UDP,HTTPS,443,21283,20,4271.64,3.93,1,19,1,0,0,0.476,0.257,41,8,0.007,0.012,Botnet_C2,1
2754,UDP,HTTPS,643,490,6,411.39,2.18,1,6,1,0,0,0.925,0.061,42,83,0.035,0.011,Benign,0
2320,UDP,SSH,7293,7939,19,6565.23,8.19,1,19,1,0,0,0.906,0.121,27,43,0.048,0.016,Benign,0
184,TCP,DNS,785,30089,25,167702.34,135.8,1,25,1,0,0,0.835,0.085,19,83,0.041,0.007,Benign,0
743,UDP,SMTP,1185,6716,17,10632.49,22.88,1,17,1,0,0,0.981,0.026,29,83,0.021,0.005,Benign,0
1398,TCP,SSH,551,15496,23,11477.72,16.45,2,23,1,0,0,0.894,0.007,36,61,0.009,0.014,Benign,0
19,TCP,SSH,111,0,3,5811.52,157.07,3,0,0,0,0,0.016,0.902,237,9,0.789,0.328,PortScan,1
4791,UDP,IRC,811,52386,16,11103.3,3.34,1,15,1,0,0,0.449,0.167,27,12,0.036,0.048,Botnet_C2,1
4,TCP,OTHER,94,0,3,22926.83,731.71,3,0,0,0,0,0.018,0.818,204,2,0.516,0.643,PortScan,1
2742,TCP,HTTP,6003,9240,19,5558.88,6.93,1,19,1,0,0,0.782,0.122,31,85,0.039,0.039,Benign,0
9558,TCP,SSH,527,216,17,77.74,1.78,5,12,1,2,3,0.981,0.078,56,5,0.203,0.398,BruteForce,1
313,TCP,DNS,1643,3018,22,14886.62,70.27,1,22,1,0,0,0.764,0.084,21,72,0.026,0.036,Benign,0
1633,TCP,HTTPS,682,464,10,701.73,6.12,1,10,1,0,0,0.846,0.024,37,38,0.005,0.027,Benign,0
491,TCP,DNS,2366,1067,11,6990.43,22.4,1,11,1,0,0,0.917,0.007,47,93,0.046,0.02,Benign,0
1655,TCP,HTTPS,13147,12514,26,15504.2,15.71,1,26,1,0,0,0.78,0.08,45,52,0.011,0.033,Benign,0
130,TCP,DNS,622,69776,28,541106.84,215.22,1,28,1,0,0,0.84,0.068,26,47,0.039,0.033,Benign,0
3261,TCP,HTTPS,2973,11467,76,4427.95,23.31,1,76,1,0,0,0.877,0.082,47,92,0.022,0.027,Benign,0
1759,UDP,HTTPS,316,2539,20,1622.99,11.37,1,20,1,0,0,0.872,0.07,35,49,0.015,0.014,Benign,0
891,TCP,HTTPS,1291,7976,55,10399.51,61.72,2,55,1,0,0,0.914,0.109,1,42,0.023,0.015,Benign,0
687,TCP,SSH,6194,37185,41,63133.46,59.67,1,41,1,1,0,0.86,0.031,43,83,0.026,0.025,Benign,0
15,TCP,HTTP,19573,63,1252,1300397.35,82913.91,900,54,0,260,0,0.872,0.066,201,187,0.828,0.087,DoS_DDoS,1
15,TCP,FTP,81,21,1,6754.97,66.23,1,0,0,1,0,0.062,0.785,225,2,0.522,0.356,PortScan,1
624,TCP,HTTPS,432,4183,74,7394.65,118.57,2,74,1,0,0,0.947,0.082,12,41,0.003,0.016,Benign,0
133,TCP,DNS,443,22636,16,173395.94,120.21,1,16,2,0,0,0.753,0.116,24,34,0.022,0.007,Benign,0
179,TCP,DNS,415,10262,31,59614.74,173.09,1,31,1,0,0,0.792,0.129,1,85,0.006,0.032,Benign,0
219,TCP,HTTP,90398,384,121,414340.48,552.26,105,4,0,24,0,0.863,0.047,202,220,0.785,0.052,DoS_DDoS,1
277,UDP,HTTPS,66533,33,186,240223.75,671.24,150,10,0,21,0,0.938,0.007,237,158,0.947,0.063,DoS_DDoS,1
470,TCP,HTTPS,4775,144,704,10463.73,1497.55,501,43,0,119,0,0.911,0.038,251,195,0.952,0.019,DoS_DDoS,1
941,TCP,HTTPS,665,1320,13,2109.23,13.81,1,13,1,0,0,0.953,0.144,39,75,0.021,0.012,Benign,0
1799,UDP,DNS,2041,119,7,1200.6,3.89,1,7,1,0,0,0.972,0.113,37,79,0.026,0.015,Benign,0
197,TCP,HTTPS,15584,46,1323,79299.85,6712.33,1064,108,0,328,0,0.97,0.003,209,243,0.727,0.091,DoS_DDoS,1
145,UDP,HTTPS,2677,11615,9,98497.59,62.03,1,9,1,0,0,0.841,0.079,20,31,0.027,0.012,Benign,0
423,TCP,DNS,3344,1408,42,11231.39,99.27,2,42,1,0,0,0.916,0.118,22,43,0.02,0.027,Benign,0
654,TCP,HTTPS,5951,25019,6,47347.5,9.17,1,6,2,0,0,0.984,0.132,29,50,0.047,0.009,Benign,0
1061,TCP,HTTP,460,41313,21,39367.64,19.79,2,21,1,0,0,0.856,0.004,30,69,0.032,0.026,Benign,0
2318,TCP,FTP,566,468,35,446.05,15.1,4,31,1,2,4,0.826,0.005,69,26,0.135,0.501,BruteForce,1
4199,TCP,HTTP,1398,479,8,447.0,1.91,1,8,1,0,0,0.947,0.131,32,73,0.012,0.003,Benign,0
1376,TCP,HTTP,1684,3528,25,3787.52,18.17,2,25,1,0,0,0.75,0.025,20,75,0.001,0.005,Benign,0
247,TCP,HTTP,7172,23,1081,29117.77,4374.75,967,83,0,376,0,0.878,0.078,243,246,0.986,0.071,DoS_DDoS,1
2204,TCP,SSH,1421,264,35,764.48,15.88,3,32,1,1,9,0.985,0.084,54,21,0.003,0.262,BruteForce,1
28,TCP,OTHER,119,0,1,4234.88,35.59,1,0,0,0,0,0.143,0.969,249,12,0.724,0.423,PortScan,1
105,TCP,HTTP,166,2162,30,22150.33,285.44,1,30,1,1,0,0.888,0.052,18,80,0.022,0.012,Benign,0
27,TCP,OTHER,66,22,1,3247.23,36.9,1,0,0,1,0,0.016,0.83,245,13,0.645,0.725,PortScan,1
4778,TCP,OTHER,266,10778,22,2311.38,4.6,1,21,1,0,0,0.813,0.331,37,28,0.086,0.077,Botnet_C2,1
1898,TCP,HTTPS,2286,150308,4,80393.02,2.11,1,4,1,0,0,0.828,0.024,16,58,0.014,0.038,Benign,0
94,UDP,HTTPS,24766,45,3031,263666.31,32210.41,2371,14,0,1090,0,0.913,0.055,206,151,0.744,0.057,DoS_DDoS,1
337,TCP,HTTPS,5091,1221,34,18724.41,100.86,2,34,2,0,0,0.97,0.001,32,84,0.037,0.006,Benign,0
235,TCP,DNS,3625,177,1299,16171.84,5525.31,1199,57,0,461,0,0.892,0.071,213,238,0.936,0.183,DoS_DDoS,1
5297,TCP,OTHER,609,11717,23,2326.93,4.34,1,22,1,0,0,0.841,0.449,6,23,0.058,0.001,Botnet_C2,1
372,TCP,HTTPS,203,1281,33,3988.18,88.69,1,33,1,0,0,0.994,0.118,1,61,0.045,0.039,Benign,0
3870,TCP,SSH,859,275,41,293.02,10.59,3,38,1,3,13,0.858,0.041,43,26,0.213,0.368,BruteForce,1
5304,UDP,IRC,350,6961,12,1378.37,2.26,1,11,1,0,0,0.835,0.426,11,8,0.023,0.018,Botnet_C2,1
162,TCP,DNS,11842,61,775,73429.98,4781.0,720,3,0,138,0,0.912,0.051,181,228,0.774,0.039,DoS_DDoS,1
20,TCP,OTHER,68,31,3,4925.37,149.25,3,0,0,1,0,0.043,0.833,205,4,0.652,0.744,PortScan,1
1739,TCP,SSH,1965,610,42,1480.65,24.15,5,37,1,3,6,0.811,0.022,57,20,0.159,0.207,BruteForce,1
346,TCP,DNS,906,642,18,4472.7,52.01,1,18,1,0,0,0.977,0.043,22,85,0.022,0.029,Benign,0
16,TCP,OTHER,105,0,1,6521.74,62.11,1,0,0,0,0,0.169,0.96,233,3,0.888,0.708,PortScan,1
2232,TCP,HTTPS,1576,4832,9,2870.84,4.03,1,9,1,0,0,0.76,0.098,10,28,0.036,0.033,Benign,0
1236,TCP,HTTP,1097,1817,7,2357.41,5.66,1,7,1,0,0,0.8,0.03,9,13,0.049,0.032,Benign,0
489,TCP,HTTPS,235,3859,48,8370.48,98.14,2,48,1,0,0,0.857,0.095,16,43,0.008,0.037,Benign,0
702,TCP,HTTP,20467,76631,19,138296.54,27.06,1,19,1,0,0,0.863,0.091,33,52,0.043,0.036,Benign,0
965,TCP,HTTPS,521,4061,29,4747.69,30.05,1,29,1,0,0,0.911,0.031,18,72,0.043,0.005,Benign,0
2346,TCP,HTTPS,9712,9443,31,8164.61,13.21,1,31,1,0,0,0.893,0.055,46,81,0.036,0.003,Benign,0
631,UDP,DNS,7535,779,34,13173.82,53.87,1,34,1,0,0,0.78,0.082,25,39,0.032,0.024,Benign,0
153,UDP,HTTPS,4194,350,8,29679.95,52.25,1,8,1,0,0,0.989,0.117,48,48,0.023,0.026,Benign,0
177,ICMP,HTTP,5946,120,169,34251.84,954.26,127,10,0,60,0,0.853,0.04,242,184,0.748,0.037,DoS_DDoS,1
125,TCP,HTTP,113151,57,93,904940.05,743.41,72,4,0,36,0,0.889,0.057,215,160,0.954,0.187,DoS_DDoS,1
31,TCP,FTP,58,0,1,1864.95,32.15,1,0,0,0,0,0.165,0.952,244,11,0.57,0.709,PortScan,1
4925,TCP,DNS,1425,4180,8,1138.05,1.62,1,8,2,0,0,0.936,0.05,12,54,0.01,0.018,Benign,0
741,TCP,HTTPS,21327,46648,12,91721.76,16.19,1,12,2,0,0,0.9,0.084,14,65,0.04,0.036,Benign,0
4785,TCP,TELNET,988,451,18,300.73,3.76,2,16,1,1,8,0.989,0.073,10,7,0.194,0.49,BruteForce,1
1900,TCP,DNS,2100,156,14,1187.31,7.37,1,14,1,0,0,0.781,0.107,14,80,0.032,0.027,Benign,0
1236,TCP,HTTPS,1396,21794,18,18760.62,14.56,2,18,2,0,0,0.754,0.024,1,60,0.009,0.02,Benign,0
486,TCP,HTTPS,349,4828,8,10650.07,16.46,1,8,2,0,0,0.83,0.089,12,31,0.024,0.033,Benign,0
323,TCP,HTTPS,4257,28717,18,102055.09,55.71,1,18,1,0,0,0.914,0.091,48,61,0.014,0.016,Benign,0
48,UDP,HTTP,5130,121,575,109168.4,11954.26,410,44,0,188,0,0.948,0.01,243,206,0.887,0.198,DoS_DDoS,1
1239,UDP,HTTP,4890,9137,92,11320.31,74.25,1,92,1,0,0,0.977,0.088,8,30,0.023,0.038,Benign,0
11,TCP,SSH,113,0,1,10180.18,90.09,1,0,0,0,0,0.083,0.965,206,11,0.894,0.38,PortScan,1
2516,TCP,DNS,2125,5976,22,3219.67,8.74,1,22,1,0,0,0.862,0.119,46,61,0.023,0.008,Benign,0
31,TCP,HTTP,28555,184,484,924083.6,15562.7,400,40,0,151,0,0.979,0.016,181,250,0.857,0.05,DoS_DDoS,1
640,TCP,DNS,769,7795,19,13379.16,29.68,2,19,1,0,0,0.895,0.136,38,64,0.021,0.038,Benign,0
274,TCP,HTTPS,13036,1089,24,51532.29,87.56,1,24,1,1,0,0.786,0.106,21,52,0.037,0.012,Benign,0
40,TCP,HTTP,83087,73,1916,2073815.46,47780.55,1724,2,0,255,0,0.894,0.052,248,211,0.769,0.028,DoS_DDoS,1
76,TCP,HTTP,4528,21,516,59776.61,6780.55,466,19,0,162,0,0.891,0.029,180,201,0.885,0.091,DoS_DDoS,1
1405,TCP,SSH,1015,1347,53,1681.02,37.72,1,53,1,0,0,0.992,0.053,38,40,0.018,0.004,Benign,0
105,TCP,HTTP,107247,97,166,1021351.09,1579.45,128,5,0,48,0,0.915,0.011,212,162,0.813,0.022,DoS_DDoS,1
1000,UDP,HTTP,5480,4873,36,10351.96,36.0,1,36,1,0,0,0.934,0.058,19,61,0.042,0.0,Benign,0
3530,UDP,HTTP,3479,1473,9,1402.79,2.55,1,9,1,0,0,0.942,0.105,9,74,0.015,0.009,Benign,0
372,UDP,HTTP,1840,171,787,5404.46,2115.02,714,4,0,225,0,0.968,0.073,203,175,0.925,0.194,DoS_DDoS,1
73,UDP,DNS,15028,94,137,206867.31,1874.15,105,1,0,52,0,0.924,0.038,226,220,0.851,0.149,DoS_DDoS,1
700,TCP,HTTP,6746,10036,14,23970.86,20.0,1,14,2,0,0,0.978,0.127,37,81,0.034,0.013,Benign,0
919,UDP,HTTPS,2881,1331,33,4582.74,35.9,1,33,1,0,0,0.846,0.144,27,55,0.003,0.015,Benign,0
23,TCP,OTHER,51,0,1,2207.79,43.29,1,0,0,0,0,0.056,0.74,222,9,0.867,0.713,PortScan,1
16,TCP,HTTPS,18193,102,369,1136335.4,22919.25,311,1,0,69,0,0.89,0.07,234,159,0.71,0.148,DoS_DDoS,1
193,TCP,DNS,3372,716,45,21170.38,233.04,1,45,1,0,0,0.839,0.099,17,61,0.029,0.028,Benign,0
3996,TCP,FTP,344,937,50,320.56,12.51,5,45,1,2,13,0.909,0.026,28,27,0.072,0.226,BruteForce,1
509,UDP,DNS,31251,346,733,62064.43,1439.8,570,26,0,151,0,0.887,0.077,183,244,0.867,0.048,DoS_DDoS,1
224,ICMP,HTTP,14309,39,1567,64024.99,6992.41,1308,129,0,472,0,0.917,0.027,210,246,0.704,0.0,DoS_DDoS,1
270,TCP,HTTPS,42047,11,1142,155712.7,4228.06,1051,100,0,312,0,0.916,0.052,216,216,0.948,0.06,DoS_DDoS,1
374,TCP,HTTPS,7376,9797,11,45904.84,29.4,1,11,1,0,0,0.874,0.122,5,15,0.02,0.026,Benign,0
946,TCP,HTTPS,6427,19646,33,27558.4,34.88,1,33,1,1,0,0.858,0.079,21,30,0.029,0.016,Benign,0
608,TCP,HTTPS,2827,6309,71,15023.84,116.76,1,71,1,0,0,0.755,0.038,45,76,0.001,0.011,Benign,0
3475,TCP,HTTPS,3956,2030,20,1722.54,5.76,1,20,1,0,0,0.913,0.104,22,34,0.021,0.032,Benign,0
6129,TCP,SSH,1123,2074,38,521.61,6.2,3,35,1,1,6,0.842,0.083,74,6,0.088,0.436,BruteForce,1
2497,TCP,HTTPS,8734,778,23,3809.22,9.21,1,23,1,0,0,0.892,0.088,45,88,0.033,0.013,Benign,0
421,TCP,HTTP,980,4595,30,13239.14,71.24,1,30,1,0,0,0.787,0.063,35,68,0.01,0.036,Benign,0
19,UDP,DNS,5296,25,628,278586.39,32879.58,570,59,0,118,0,0.93,0.024,206,239,0.843,0.158,DoS_DDoS,1
259,TCP,HTTP,18263,33,252,70613.66,972.6,217,1,0,90,0,0.899,0.049,250,160,0.81,0.0,DoS_DDoS,1
425,UDP,DNS,1936,7353,70,21851.33,164.67,1,70,1,0,0,0.835,0.139,9,33,0.019,0.022,Benign,0
858,TCP,SMTP,977,6701,31,8947.68,36.13,1,31,1,0,0,0.942,0.088,11,21,0.024,0.007,Benign,0
28,UDP,HTTP,28554,18,10121,1016797.15,360177.94,7901,846,0,4046,0,0.897,0.057,250,249,0.829,0.121,DoS_DDoS,1
12,TCP,HTTP,13799,26,573,1142561.98,47355.37,453,19,0,168,0,0.905,0.031,232,242,0.798,0.159,DoS_DDoS,1
23,TCP,HTTP,80,24,1,4502.16,43.29,1,0,0,1,0,0.178,0.722,246,11,0.655,0.459,PortScan,1
5500,TCP,DNS,299,80031,95,14605.19,17.27,1,95,1,0,0,0.854,0.112,48,78,0.039,0.035,Benign,0
10,UDP,HTTPS,3920,2518,13,637425.74,1287.13,1,13,1,0,0,0.936,0.067,30,55,0.017,0.031,Benign,0
587,TCP,HTTPS,1668,926,72,4418.33,122.64,1,72,1,0,0,0.812,0.063,19,63,0.01,0.017,Benign,0
6068,TCP,TELNET,1338,668,28,330.58,4.61,4,24,1,3,14,0.948,0.099,36,14,0.239,0.234,BruteForce,1
1393,TCP,TELNET,879,227,57,793.91,40.92,3,54,1,2,8,0.966,0.077,21,33,0.242,0.58,BruteForce,1
4917,UDP,DNS,247,1406,22,336.17,4.47,1,21,1,0,0,0.777,0.272,15,18,0.095,0.059,Botnet_C2,1
86,UDP,HTTP,5969,434,19,74367.02,220.67,1,19,1,0,0,0.916,0.059,22,51,0.02,0.02,Benign,0
998,TCP,DNS,534,5391,30,5936.28,30.06,1,30,1,0,0,0.77,0.069,1,74,0.008,0.038,Benign,0
2309,TCP,HTTP,7143,255642,25,113804.08,10.83,1,25,1,0,0,0.823,0.014,32,89,0.039,0.006,Benign,0
795,UDP,DNS,10792,28574,8,49510.75,10.06,1,8,1,0,0,0.901,0.127,29,89,0.045,0.003,Benign,0
335,UDP,HTTPS,4996,1542,8,19510.59,23.87,1,8,1,1,0,0.994,0.05,18,68,0.011,0.033,Benign,0
248,TCP,HTTP,30370,42,270,122579.6,1088.27,232,0,0,92,0,0.996,0.054,225,154,0.788,0.085,DoS_DDoS,1
4516,TCP,IRC,354,14306,22,3246.16,4.87,1,21,1,0,0,0.835,0.29,5,20,0.15,0.006,Botnet_C2,1
1357,ICMP,HTTPS,1515,10080,12,8543.95,8.84,1,12,1,0,0,0.814,0.042,34,41,0.021,0.04,Benign,0
1263,UDP,DNS,2013,2752,5,3772.46,3.96,2,5,1,0,0,0.807,0.112,37,43,0.037,0.017,Benign,0
5259,TCP,IRC,449,2732,11,604.86,2.09,1,10,1,0,0,0.675,0.35,44,26,0.146,0.016,Botnet_C2,1
1322,TCP,HTTP,198,720,14,694.35,10.59,1,14,1,0,0,0.901,0.037,21,31,0.014,0.014,Benign,0
830,TCP,HTTPS,3043,8930,5,14423.56,6.02,1,5,1,0,0,0.876,0.09,15,31,0.005,0.008,Benign,0
29,UDP,HTTP,28955,218,485,1002508.59,16666.67,407,22,0,170,0,0.955,0.016,217,185,0.928,0.012,DoS_DDoS,1
29,TCP,OTHER,40,0,2,1374.57,68.73,2,0,0,0,0,0.03,0.869,219,2,0.692,0.747,PortScan,1
580,TCP,FTP,516,353,44,1498.02,75.85,5,39,1,2,5,0.812,0.015,25,29,0.176,0.572,BruteForce,1
51,UDP,HTTPS,2063,5348,30,145029.35,587.08,1,30,2,0,0,0.782,0.037,15,99,0.046,0.023,Benign,0
257,TCP,DNS,840,2639,28,13531.7,108.91,1,28,1,0,0,0.993,0.139,28,30,0.015,0.002,Benign,0
362,UDP,HTTP,11392,31,345,31546.53,952.78,247,27,0,85,0,0.898,0.029,236,240,0.945,0.154,DoS_DDoS,1
913,TCP,HTTPS,1467,2324,16,4151.79,17.52,2,16,1,0,0,0.808,0.046,38,74,0.046,0.03,Benign,0
560,UDP,HTTPS,1831,6750,16,15320.48,28.57,1,16,1,0,0,0.911,0.063,18,26,0.046,0.008,Benign,0
249,TCP,HTTPS,15501,177,4681,62938.58,18791.65,4186,79,0,1507,0,0.901,0.031,217,166,0.877,0.019,DoS_DDoS,1
3603,TCP,SSH,9258,4373,23,3783.13,6.38,1,23,1,1,0,0.893,0.013,40,71,0.034,0.009,Benign,0
4611,TCP,HTTPS,2827,54105,51,12346.73,11.06,1,51,1,0,0,0.777,0.103,27,76,0.011,0.02,Benign,0
1384,TCP,HTTP,4655,19554,50,17490.79,36.12,1,50,2,0,0,0.778,0.012,2,99,0.021,0.011,Benign,0
4594,TCP,HTTP,3088,6551,30,2098.13,6.53,1,30,1,1,0,0.816,0.072,15,17,0.001,0.015,Benign,0
440,UDP,HTTP,2115,19,296,4848.9,672.57,215,7,0,98,0,0.911,0.012,220,216,0.847,0.108,DoS_DDoS,1
23,TCP,OTHER,52,36,2,3809.52,86.58,2,0,0,1,0,0.014,0.761,222,13,0.634,0.344,PortScan,1
272,UDP,HTTP,1103,7020,39,29853.0,143.33,2,39,1,0,0,0.983,0.118,14,48,0.014,0.011,Benign,0
1119,TCP,HTTPS,302,738,28,929.32,25.02,2,28,1,0,0,0.763,0.132,48,90,0.017,0.025,Benign,0
1123,UDP,HTTPS,1161,13720,16,13249.93,14.25,1,16,1,0,0,0.805,0.005,45,90,0.041,0.022,Benign,0
462,UDP,HTTPS,3224,50478,50,116212.94,108.2,1,50,2,0,0,0.783,0.002,35,67,0.045,0.013,Benign,0
3405,UDP,HTTPS,50,958,34,296.03,9.99,1,34,1,0,0,0.992,0.113,47,52,0.002,0.019,Benign,0
2609,UDP,HTTPS,695,539,23,472.96,8.82,1,23,1,0,0,0.816,0.007,37,53,0.018,0.01,Benign,0
103,TCP,HTTP,8233,5,632,79903.01,6129.97,533,2,0,223,0,0.928,0.003,253,164,0.815,0.197,DoS_DDoS,1
862,TCP,HTTPS,14898,2666,22,20373.51,25.52,1,22,1,0,0,0.759,0.064,43,78,0.034,0.001,Benign,0
5443,TCP,HTTPS,262,5461,19,1051.42,3.49,1,18,1,0,0,0.695,0.474,15,20,0.129,0.09,Botnet_C2,1
79,TCP,HTTP,83,8963,51,114361.57,644.75,1,51,1,0,0,0.801,0.11,11,50,0.024,0.019,Benign,0
9,UDP,HTTP,9582,230,1512,1078241.76,166153.85,1096,92,0,314,0,0.932,0.007,181,189,0.933,0.197,DoS_DDoS,1
2265,TCP,DNS,3008,4192,20,3178.67,8.83,1,20,1,0,0,0.881,0.116,47,64,0.033,0.003,Benign,0
36,TCP,OTHER,90,0,3,2493.07,83.1,3,0,0,0,0,0.027,0.919,217,14,0.707,0.551,PortScan,1
105,UDP,DNS,1782,1133,8,27735.49,76.12,1,8,1,0,0,0.756,0.113,49,98,0.042,0.017,Benign,0
46,TCP,HTTPS,4966,140,537,110759.22,11648.59,379,16,0,132,0,0.944,0.002,199,248,0.8,0.054,DoS_DDoS,1
754,ICMP,HTTPS,1138,4328,35,7248.38,46.41,2,35,2,0,0,0.857,0.024,23,89,0.004,0.019,Benign,0
30,TCP,HTTPS,18097,6613,102,820930.23,3388.7,1,102,1,0,0,0.865,0.137,28,46,0.024,0.014,Benign,0
256,UDP,DNS,6934,9987,8,66071.85,31.24,1,8,1,0,0,0.81,0.084,6,23,0.047,0.013,Benign,0
49,TCP,DNS,27331,27144,21,1109470.47,427.7,1,21,1,0,0,0.974,0.125,20,42,0.044,0.029,Benign,0
24,TCP,OTHER,41,0,3,1701.24,124.48,3,0,0,0,0,0.104,0.981,208,11,0.5,0.67,PortScan,1
4041,TCP,TELNET,821,1490,56,571.87,13.86,2,54,1,1,13,0.997,0.052,30,16,0.081,0.445,BruteForce,1
31,TCP,HTTP,90,49,3,4469.45,96.46,3,0,0,1,0,0.157,0.958,224,10,0.798,0.675,PortScan,1
4502,TCP,SSH,1181,614,51,398.7,11.33,2,49,1,3,14,0.925,0.007,47,7,0.167,0.242,BruteForce,1
101,TCP,HTTPS,1099,11884,37,128417.41,365.97,1,37,1,0,0,0.869,0.096,7,93,0.031,0.031,Benign,0
62,TCP,HTTP,33812,50,809,545281.8,13027.38,611,43,0,279,0,0.904,0.072,201,248,0.767,0.027,DoS_DDoS,1
119,TCP,HTTP,396,333,16,6120.91,134.34,1,16,1,0,0,0.785,0.115,33,70,0.019,0.031,Benign,0
4844,UDP,IRC,286,11819,11,2498.92,2.27,1,10,1,0,0,0.636,0.395,46,15,0.064,0.089,Botnet_C2,1
1418,TCP,FTP,1323,1128,24,1728.37,16.92,4,20,1,3,10,0.962,0.026,54,6,0.14,0.563,BruteForce,1
116,TCP,HTTP,136,18300,7,158794.14,60.29,1,7,1,0,0,0.774,0.027,47,70,0.02,0.004,Benign,0
39,TCP,HTTP,112,0,2,2864.45,51.15,2,0,0,0,0,0.026,0.725,226,3,0.863,0.625,PortScan,1
63,UDP,HTTP,1054,5,1583,16782.88,25087.16,1357,155,0,543,0,0.894,0.043,239,200,0.856,0.142,DoS_DDoS,1
2270,TCP,HTTPS,527,2759,10,1447.51,4.41,1,10,1,0,0,0.818,0.06,4,15,0.027,0.011,Benign,0
128,UDP,HTTP,18215,204,259,143786.1,2021.86,197,3,0,95,0,0.98,0.067,186,222,0.919,0.175,DoS_DDoS,1
3074,ICMP,HTTP,14481,2221,6,5433.13,1.95,1,6,1,1,0,0.874,0.122,17,83,0.003,0.018,Benign,0
2441,TCP,HTTPS,3247,4321,10,3100.24,4.1,1,10,2,0,0,0.75,0.14,38,75,0.008,0.005,Benign,0
132,UDP,HTTP,7681,1271,30,67766.84,227.1,1,30,1,0,0,0.829,0.116,18,76,0.027,0.027,Benign,0
116,UDP,HTTP,4974,43,2097,43212.75,18062.02,1848,160,0,407,0,0.999,0.006,195,173,0.767,0.056,DoS_DDoS,1
866,UDP,HTTPS,862,22749,52,27261.29,60.04,1,52,1,0,0,0.764,0.135,2,92,0.031,0.016,Benign,0
401,TCP,HTTP,4625,142663,3,367210.17,7.48,1,3,1,0,0,0.912,0.015,46,80,0.049,0.011,Benign,0
324,UDP,DNS,15966,12,202,49299.6,623.26,161,16,0,20,0,0.951,0.079,192,251,0.738,0.052,DoS_DDoS,1
837,TCP,HTTPS,350,3803,14,4961.18,16.72,1,14,1,0,0,0.821,0.039,30,58,0.001,0.037,Benign,0
5,TCP,OTHER,102,0,3,20000.0,588.24,3,0,0,0,0,0.092,0.947,201,8,0.769,0.302,PortScan,1
3116,TCP,HTTP,6139,3529,30,3102.6,9.63,1,30,1,0,0,0.893,0.002,20,54,0.006,0.024,Benign,0
44,TCP,HTTP,98,37,2,3061.22,45.35,2,0,0,1,0,0.092,0.893,219,5,0.947,0.333,PortScan,1
4772,TCP,OTHER,244,3295,12,741.6,2.51,1,11,1,0,0,0.585,0.447,32,3,0.136,0.026,Botnet_C2,1
1637,TCP,HTTPS,444,4566,19,3060.29,11.61,1,19,1,0,0,0.924,0.085,31,51,0.037,0.024,Benign,0
1095,UDP,HTTP,483,7431,8,7226.74,7.31,1,8,1,0,0,0.874,0.131,47,83,0.01,0.028,Benign,0
117,UDP,HTTP,5188,5598,23,92109.31,196.41,1,23,1,0,0,0.979,0.054,23,25,0.018,0.027,Benign,0
1672,UDP,HTTPS,2149,16982,14,11441.3,8.37,1,14,1,0,0,0.889,0.088,6,53,0.009,0.029,Benign,0
1029,TCP,HTTPS,2231,39453,55,40505.3,53.44,1,55,1,0,0,0.854,0.069,34,63,0.0,0.007,Benign,0
230,UDP,DNS,12254,35,958,53407.21,4163.41,833,10,0,199,0,0.86,0.059,184,246,0.77,0.104,DoS_DDoS,1
24,TCP,SSH,129,4757,8,202738.59,331.95,1,8,1,0,0,0.906,0.032,12,21,0.028,0.024,Benign,0
784,TCP,HTTPS,2967,17253,5,25787.53,6.38,1,5,1,0,0,0.997,0.083,47,51,0.021,0.006,Benign,0
26,TCP,HTTP,4409,35,348,170268.2,13333.33,308,7,0,84,0,0.972,0.079,230,206,0.839,0.151,DoS_DDoS,1
194,UDP,HTTPS,3513,7684,29,57686.76,149.41,1,29,1,0,0,0.768,0.105,13,39,0.028,0.006,Benign,0
574,TCP,HTTP,15659,12,370,27296.64,644.49,296,2,0,58,0,0.982,0.065,251,188,0.815,0.088,DoS_DDoS,1
1606,TCP,HTTPS,3119,1727,27,3017.25,16.81,2,27,1,0,0,0.955,0.133,15,25,0.042,0.008,Benign,0
2299,TCP,HTTPS,217,14383,5,6350.31,2.17,1,5,1,0,0,0.906,0.103,36,36,0.038,0.038,Benign,0
492,TCP,SMTP,334,4338,8,9494.01,16.26,1,8,1,0,0,0.752,0.033,43,62,0.005,0.014,Benign,0
296,TCP,HTTP,14784,2067,29,56909.83,97.94,1,29,1,0,0,0.901,0.058,46,98,0.029,0.007,Benign,0
4204,TCP,OTHER,221,5521,15,1365.81,3.57,1,14,1,0,0,0.611,0.439,44,17,0.026,0.079,Botnet_C2,1
5352,TCP,HTTP,9840,3697,19,2529.29,3.55,1,19,2,0,0,0.948,0.03,28,66,0.007,0.028,Benign,0
919,ICMP,HTTPS,11353,3462,40,16119.03,43.52,2,40,1,0,0,0.831,0.052,5,79,0.001,0.026,Benign,0
508,TCP,SSH,662,2051,40,5339.5,78.72,2,38,1,1,5,0.808,0.022,74,35,0.012,0.45,BruteForce,1
4352,TCP,HTTPS,6467,22979,11,6765.93,2.53,1,11,1,0,0,0.958,0.135,43,92,0.042,0.022,Benign,0
3187,TCP,DNS,1389,17055,19,5787.08,5.96,1,19,1,0,0,0.91,0.147,21,39,0.018,0.026,Benign,0
645,TCP,HTTPS,99,9588,12,15016.28,18.6,1,12,1,0,0,0.851,0.125,21,45,0.014,0.031,Benign,0
769,TCP,HTTP,4921,311,138,6802.76,179.43,1,138,1,0,0,0.933,0.126,36,71,0.004,0.009,Benign,0
1692,UDP,HTTPS,4066,4111,8,4832.46,4.73,2,8,1,0,0,0.753,0.107,28,72,0.036,0.036,Benign,0
4421,TCP,HTTP,4259,14969,13,4349.14,2.94,1,13,1,0,0,0.817,0.079,49,72,0.047,0.004,Benign,0
425,ICMP,SSH,889,170,10,2491.18,23.52,2,10,1,0,0,0.91,0.056,14,91,0.042,0.007,Benign,0
15,TCP,OTHER,91,0,1,6026.49,66.23,1,0,0,0,0,0.183,0.889,207,5,0.748,0.556,PortScan,1
2880,TCP,SSH,1778,386,36,751.36,12.5,4,32,1,1,4,0.869,0.025,50,14,0.079,0.597,BruteForce,1
5098,TCP,SMTP,488,16178,19,3269.06,3.73,1,19,2,0,0,0.908,0.065,12,16,0.038,0.037,Benign,0
16,TCP,OTHER,53,26,1,4906.83,62.11,1,0,0,1,0,0.094,0.976,233,6,0.908,0.667,PortScan,1
5709,TCP,SSH,836,1519,36,412.5,6.31,3,33,1,1,3,0.886,0.035,67,7,0.116,0.332,BruteForce,1
1354,UDP,DNS,6023,61623,17,49956.43,12.55,1,17,1,0,0,0.988,0.127,33,33,0.031,0.037,Benign,0
41,TCP,SSH,71,0,2,1727.49,48.66,2,0,0,0,0,0.023,0.898,233,3,0.634,0.754,PortScan,1
554,UDP,HTTPS,1567,10422,5,21636.89,9.02,1,5,2,1,0,0.944,0.061,26,37,0.018,0.039,Benign,0
10065,TCP,SSH,1068,505,25,156.28,2.48,2,23,1,3,10,0.851,0.03,15,9,0.048,0.264,BruteForce,1
4717,TCP,HTTPS,263,49807,16,10614.57,3.39,1,15,1,0,0,0.762,0.492,22,19,0.081,0.086,Botnet_C2,1
667,UDP,HTTPS,1623,1373,140,4491.08,209.86,1,140,1,0,0,0.797,0.114,17,65,0.016,0.002,Benign,0
499,UDP,DNS,959,967,47,3858.95,94.17,1,47,1,0,0,0.785,0.074,37,95,0.037,0.03,Benign,0
649,TCP,HTTP,6217,7511,9,21149.28,13.87,1,9,1,0,0,0.977,0.035,38,83,0.048,0.023,Benign,0
28,TCP,HTTP,66,0,3,2348.75,106.76,3,0,0,0,0,0.194,0.926,214,7,0.695,0.569,PortScan,1
3,TCP,OTHER,63,0,2,20322.58,645.16,2,0,0,0,0,0.036,0.708,229,7,0.868,0.466,PortScan,1
541,TCP,HTTPS,3569,7046,16,19617.45,29.57,1,16,1,0,0,0.917,0.029,8,97,0.039,0.039,Benign,0
544,ICMP,HTTPS,1985,1356,14,6140.42,25.73,1,14,2,0,0,0.988,0.124,43,69,0.034,0.017,Benign,0
342,TCP,HTTPS,839,2683,28,10295.24,81.85,1,28,1,0,0,0.777,0.123,38,99,0.016,0.009,Benign,0
4612,TCP,DNS,3620,1692,79,1151.75,17.13,1,79,2,0,0,0.816,0.138,2,28,0.024,0.015,Benign,0
295,UDP,DNS,1743,2818,110,15455.78,372.75,2,110,1,0,0,0.902,0.044,24,31,0.033,0.03,Benign,0
34,TCP,FTP,61,0,1,1788.86,29.33,1,0,0,0,0,0.162,0.896,243,3,0.555,0.617,PortScan,1
1002,UDP,HTTPS,496,14557,14,15021.45,13.97,1,14,1,0,0,0.797,0.081,17,38,0.016,0.014,Benign,0
1817,UDP,HTTPS,8999,2819,10,6503.77,5.5,1,10,2,0,0,0.915,0.052,7,54,0.028,0.003,Benign,0
343,TCP,HTTP,954,7255,11,23925.97,32.06,1,11,1,0,0,0.87,0.08,33,38,0.017,0.005,Benign,0
3829,TCP,HTTPS,608,1027,17,426.99,4.44,1,17,1,0,0,0.888,0.018,39,46,0.039,0.001,Benign,0
322,UDP,HTTP,2892,1017,27,12135.98,83.82,1,27,1,0,0,1.0,0.112,16,47,0.025,0.038,Benign,0
247,UDP,HTTPS,1069,2528,10,14556.86,40.47,2,10,1,0,0,0.834,0.034,24,52,0.031,0.016,Benign,0
1805,TCP,HTTPS,2455,8560,56,6102.16,31.02,1,56,1,0,0,0.855,0.017,49,63,0.026,0.033,Benign,0
22,TCP,SSH,64,0,1,2895.93,45.25,1,0,0,0,0,0.046,0.789,229,13,0.655,0.75,PortScan,1
280,TCP,HTTP,3115,2107,53,18643.34,189.22,2,53,2,0,0,0.771,0.05,20,63,0.04,0.036,Benign,0
25,TCP,OTHER,100,0,2,3984.06,79.68,2,0,0,0,0,0.172,0.998,252,3,0.619,0.561,PortScan,1
215,TCP,DNS,60634,453,531,283993.49,2468.62,416,3,0,85,0,0.862,0.041,191,212,0.859,0.017,DoS_DDoS,1
424,TCP,HTTPS,11932,14122,48,61433.62,113.18,1,48,1,0,0,0.866,0.14,9,62,0.033,0.021,Benign,0
37,TCP,OTHER,88,0,3,2371.97,80.86,3,0,0,0,0,0.127,0.88,242,2,0.806,0.732,PortScan,1
6960,TCP,SSH,562,22263,28,3279.41,4.02,1,28,1,0,0,0.965,0.075,12,48,0.012,0.03,Benign,0
399,UDP,HTTP,797,5498,9,15772.99,22.55,1,9,1,0,0,0.876,0.007,20,54,0.024,0.009,Benign,0
102,TCP,HTTP,103,105,30,2037.22,293.83,1,30,1,0,0,0.786,0.055,36,97,0.041,0.008,Benign,0
567,TCP,DNS,6200,10226,134,28964.91,236.29,1,134,1,0,0,0.8,0.047,2,13,0.041,0.031,Benign,0
99,TCP,HTTPS,20907,32,645,211291.62,6508.58,550,52,0,250,0,0.995,0.074,188,165,0.81,0.018,DoS_DDoS,1
4061,UDP,HTTP,4180,18795,28,5657.33,6.89,1,28,1,0,0,0.859,0.071,44,96,0.001,0.006,Benign,0
25,TCP,OTHER,51,0,1,2031.87,39.84,1,0,0,0,0,0.163,0.864,206,13,0.938,0.665,PortScan,1
18,TCP,HTTP,893,131922,165,7337845.3,9116.02,1,165,1,0,0,0.934,0.124,21,74,0.016,0.032,Benign,0
1423,UDP,HTTPS,1042,11560,38,8855.32,26.7,2,38,1,1,0,0.796,0.046,7,66,0.027,0.003,Benign,0
191,TCP,HTTPS,2259,69,296,12182.1,1548.93,246,17,0,76,0,0.859,0.08,216,171,0.755,0.011,DoS_DDoS,1
389,TCP,DNS,12592,293,132,33114.88,339.24,110,9,0,26,0,0.86,0.033,233,158,0.866,0.159,DoS_DDoS,1
179,TCP,HTTPS,3781,38,2031,21323.28,11340.03,1875,145,0,472,0,0.935,0.035,199,253,0.747,0.142,DoS_DDoS,1
19,TCP,OTHER,104,25,3,6753.93,157.07,3,0,0,1,0,0.145,0.998,200,10,0.826,0.519,PortScan,1
7,TCP,HTTP,42,0,2,5915.49,281.69,2,0,0,0,0,0.08,0.769,244,3,0.652,0.525,PortScan,1
403,TCP,HTTPS,2990,16984,102,49550.98,253.04,2,102,1,0,0,0.978,0.007,41,41,0.048,0.001,Benign,0
661,UDP,HTTPS,1215,15210,19,24844.96,28.74,1,19,1,0,0,0.75,0.017,17,76,0.034,0.013,Benign,0
3357,TCP,SSH,730,904,44,486.73,13.11,2,42,1,1,4,0.915,0.029,55,31,0.099,0.555,BruteForce,1
4,TCP,SSH,98,26,1,30243.9,243.9,1,0,0,1,0,0.091,0.95,216,6,0.847,0.724,PortScan,1
85,TCP,HTTP,19962,160,451,236451.23,5299.65,353,18,0,53,0,0.958,0.017,189,168,0.891,0.188,DoS_DDoS,1
5190,TCP,IRC,617,3872,13,864.92,2.5,1,12,1,0,0,0.577,0.21,8,22,0.143,0.087,Botnet_C2,1
4787,TCP,HTTPS,863,10671,9,2409.39,1.88,1,8,1,0,0,0.446,0.196,25,26,0.038,0.03,Botnet_C2,1
4950,ICMP,HTTP,425,5337,33,1164.02,6.67,1,33,1,0,0,0.996,0.024,22,39,0.033,0.033,Benign,0
367,TCP,HTTPS,907,688,8,4344.87,21.79,1,8,1,0,0,0.762,0.113,6,71,0.007,0.023,Benign,0
918,TCP,FTP,984,1196,26,2374.47,28.32,3,23,1,2,4,0.817,0.015,70,13,0.098,0.446,BruteForce,1
334,TCP,SSH,10050,7196,16,51619.28,47.89,1,16,1,0,0,0.887,0.041,10,93,0.011,0.035,Benign,0
29,TCP,HTTPS,716,3271,14,137010.31,481.1,1,14,1,0,0,0.764,0.022,6,95,0.007,0.026,Benign,0
1771,TCP,DNS,4314,7676,37,6769.8,20.89,1,37,1,0,0,0.964,0.134,47,81,0.025,0.031,Benign,0
1285,TCP,SSH,254,791,15,813.17,11.67,1,15,1,0,0,0.904,0.078,46,72,0.046,0.021,Benign,0
1102,TCP,HTTPS,1407,28342,37,26993.01,33.57,1,37,1,0,0,0.875,0.131,3,79,0.022,0.02,Benign,0
4060,TCP,HTTPS,745,263,37,248.27,9.11,1,37,1,0,0,0.761,0.002,41,49,0.007,0.027,Benign,0
93,UDP,HTTP,51637,20,803,554854.99,8625.13,631,16,0,310,0,0.852,0.022,235,221,0.802,0.128,DoS_DDoS,1
3649,TCP,SSH,1019,621,58,449.43,15.89,4,54,1,2,9,0.812,0.014,33,26,0.031,0.249,BruteForce,1
262,UDP,HTTPS,575,2945,20,13429.99,76.31,1,20,1,0,0,0.887,0.142,25,40,0.015,0.032,Benign,0
35,TCP,DNS,32231,685,493,937777.78,14045.58,399,4,0,164,0,0.863,0.016,252,165,0.902,0.01,DoS_DDoS,1
425,UDP,HTTP,15779,226,1041,37649.96,2448.84,988,89,0,261,0,0.98,0.053,183,157,0.743,0.158,DoS_DDoS,1
144,TCP,HTTP,4843,17,171,33726.58,1186.68,124,14,0,17,0,0.872,0.043,249,156,0.795,0.004,DoS_DDoS,1
1489,TCP,SSH,7366,19504,54,18044.46,36.26,1,54,1,0,0,0.963,0.107,42,42,0.044,0.032,Benign,0
44,TCP,SSH,76,0,3,1723.36,68.03,3,0,0,0,0,0.021,0.71,208,4,0.549,0.744,PortScan,1
2213,TCP,HTTP,4104,4361,18,3824.95,8.13,1,18,1,0,0,0.792,0.106,18,75,0.012,0.03,Benign,0
45,UDP,HTTP,7901,37,1661,176008.87,36829.27,1403,88,0,349,0,0.965,0.074,227,189,0.823,0.033,DoS_DDoS,1
143,TCP,HTTPS,437,1000,9,10041.93,62.89,1,9,1,0,0,0.943,0.031,19,36,0.049,0.018,Benign,0
33,TCP,OTHER,44,0,1,1329.31,30.21,1,0,0,0,0,0.112,0.955,239,4,0.72,0.451,PortScan,1
9580,TCP,HTTPS,3048,1473,77,471.92,8.04,1,77,1,0,0,0.957,0.07,45,68,0.039,0.004,Benign,0
698,UDP,HTTPS,10408,3742,77,20269.3,110.3,2,77,1,0,0,0.852,0.052,2,92,0.005,0.027,Benign,0
16,TCP,OTHER,49,0,1,3043.48,62.11,1,0,0,0,0,0.105,0.874,207,11,0.527,0.643,PortScan,1
1335,TCP,HTTPS,625,664,12,965.47,8.99,1,12,1,0,0,0.942,0.028,37,59,0.039,0.025,Benign,0
271,TCP,HTTPS,4089,3647,7,28535.6,25.82,1,7,1,1,0,0.816,0.101,19,48,0.006,0.0,Benign,0
18,TCP,HTTP,12946,78,208,719558.01,11491.71,171,13,0,39,0,0.922,0.019,238,236,0.992,0.188,DoS_DDoS,1
2377,TCP,FTP,1799,1323,58,1313.37,24.4,5,53,1,3,4,0.859,0.059,36,17,0.012,0.591,BruteForce,1
623,UDP,HTTPS,311,4853,45,8287.59,72.22,1,45,2,0,0,0.792,0.071,23,69,0.019,0.015,Benign,0
2868,TCP,HTTPS,1080,4954,12,2103.83,4.18,1,12,1,0,0,0.985,0.085,13,85,0.024,0.036,Benign,0
390,TCP,DNS,7643,4575,32,31320.17,82.03,1,32,1,0,0,0.925,0.021,16,28,0.048,0.029,Benign,0
626,TCP,HTTPS,3192,7058,9,16371.19,14.37,1,9,2,0,0,0.898,0.053,22,41,0.002,0.017,Benign,0
265,TCP,HTTP,6453,282,2095,25405.51,7902.68,1917,93,0,440,0,0.964,0.024,212,210,0.878,0.073,DoS_DDoS,1
1186,UDP,HTTPS,4079,13390,52,14728.1,43.84,1,52,1,0,0,0.82,0.008,8,35,0.021,0.009,Benign,0
526,TCP,HTTPS,1451,13052,27,27567.0,51.32,1,27,1,0,0,0.776,0.007,36,43,0.021,0.022,Benign,0
5,TCP,FTP,78,0,1,15294.12,196.08,1,0,0,0,0,0.048,0.886,225,1,0.609,0.536,PortScan,1
55,TCP,HTTP,4578,114,707,85154.26,12831.22,594,25,0,184,0,0.962,0.045,186,162,0.842,0.143,DoS_DDoS,1
351,TCP,HTTPS,1242,19926,8,60290.52,22.79,1,8,1,0,0,0.832,0.107,6,88,0.041,0.021,Benign,0
879,TCP,HTTPS,2350,5352,10,8761.23,11.38,1,10,1,0,0,0.775,0.043,45,72,0.024,0.021,Benign,0
49,UDP,HTTP,14390,68,1332,294460.29,27128.31,1126,99,0,477,0,0.898,0.073,219,230,0.864,0.137,DoS_DDoS,1
552,TCP,HTTPS,1267,24753,23,47129.14,41.66,1,23,1,0,0,0.857,0.029,14,19,0.011,0.003,Benign,0
1349,UDP,HTTP,645,5230,17,4354.76,12.6,1,17,2,0,0,0.969,0.123,47,69,0.011,0.018,Benign,0
2512,TCP,SSH,906,2500,28,1355.84,11.15,4,24,1,3,5,0.856,0.072,73,5,0.138,0.222,BruteForce,1
138,TCP,DNS,8346,187,992,61788.56,7183.2,711,20,0,274,0,0.942,0.037,254,251,0.804,0.002,DoS_DDoS,1
86,UDP,DNS,8441,85,101,99024.39,1173.05,80,5,0,23,0,0.879,0.078,236,251,0.978,0.165,DoS_DDoS,1
97,UDP,HTTP,3632,26,231,37672.5,2378.99,188,20,0,70,0,0.876,0.07,207,171,0.761,0.105,DoS_DDoS,1
311,UDP,HTTPS,1754,1670,27,11006.11,86.79,1,27,1,0,0,0.952,0.006,38,88,0.037,0.014,Benign,0
79,UDP,HTTP,642,130,1562,9759.8,19747.16,1364,91,0,435,0,0.995,0.06,245,158,0.86,0.196,DoS_DDoS,1
1717,TCP,HTTPS,6068,6624,15,7391.53,8.74,2,15,1,0,0,0.819,0.1,29,32,0.029,0.021,Benign,0
989,TCP,HTTPS,1715,2970,13,4736.63,13.14,1,13,1,0,0,0.794,0.121,1,15,0.017,0.015,Benign,0
250,TCP,HTTPS,3110,242,23,13402.64,91.96,1,23,1,0,0,0.905,0.069,47,77,0.015,0.025,Benign,0
4850,TCP,SSH,5990,32375,17,7910.15,3.51,1,17,1,0,0,0.787,0.135,12,21,0.004,0.01,Benign,0
555,TCP,HTTPS,2578,4921,46,13509.28,82.87,1,46,1,0,0,0.853,0.128,31,48,0.043,0.037,Benign,0
762,TCP,HTTPS,1088,166593,3,220024.93,3.94,1,3,1,0,0,0.858,0.097,15,90,0.038,0.033,Benign,0
172,TCP,HTTP,3983,21,1630,23265.54,9471.24,1206,156,0,521,0,0.857,0.025,183,173,0.769,0.057,DoS_DDoS,1
396,TCP,HTTPS,8056,5805,7,34993.69,17.67,1,7,1,0,0,0.75,0.054,32,39,0.001,0.01,Benign,0
882,TCP,HTTPS,510,9580,36,11438.61,40.81,1,36,1,0,0,0.779,0.069,37,56,0.026,0.03,Benign,0
3,TCP,HTTP,53,0,3,17096.77,967.74,3,0,0,0,0,0.107,0.911,233,12,0.576,0.63,PortScan,1
1,TCP,OTHER,42,0,2,38181.82,1818.18,2,0,0,0,0,0.181,0.727,253,9,0.9,0.699,PortScan,1
48,TCP,HTTPS,5881,33,1769,122952.18,36777.55,1496,1,0,594,0,0.995,0.004,207,218,0.756,0.173,DoS_DDoS,1
41,UDP,DNS,1390,8,929,34014.6,22603.41,771,52,0,164,0,0.934,0.063,205,207,0.875,0.127,DoS_DDoS,1
96,TCP,HTTP,10767,250,1862,114641.0,19375.65,1487,62,0,391,0,0.861,0.026,217,230,0.787,0.143,DoS_DDoS,1
681,UDP,HTTPS,1130,4720,27,8589.05,39.64,1,27,1,0,0,0.88,0.02,20,92,0.028,0.018,Benign,0
1988,TCP,HTTP,21106,1083,16,11160.91,8.05,1,16,1,0,0,0.786,0.127,11,60,0.043,0.037,Benign,0
665,TCP,HTTPS,1519,574,15,3146.9,22.55,1,15,1,0,0,0.8,0.001,44,49,0.019,0.007,Benign,0
100,TCP,HTTPS,13476,26089,26,395254.75,259.74,1,26,1,0,0,0.801,0.082,46,78,0.004,0.036,Benign,0
11,TCP,OTHER,46,0,1,4144.14,90.09,1,0,0,0,0,0.042,0.839,204,13,0.574,0.475,PortScan,1
2693,TCP,FTP,525,703,19,455.98,7.06,4,15,1,1,11,0.991,0.05,31,28,0.216,0.387,BruteForce,1
310,TCP,DNS,8836,4,1530,28506.93,4933.89,1422,61,0,426,0,0.954,0.002,212,244,0.707,0.076,DoS_DDoS,1
55,TCP,HTTP,3485,22,539,63647.91,9782.21,487,33,0,144,0,0.932,0.023,201,202,0.754,0.141,DoS_DDoS,1
574,TCP,HTTPS,498,3158,60,6368.23,104.51,2,60,1,0,0,0.805,0.053,40,98,0.035,0.015,Benign,0
1084,TCP,SSH,7808,2644,76,9641.18,70.1,1,76,2,0,0,0.846,0.129,11,84,0.008,0.026,Benign,0
42,UDP,DNS,2111,3287,17,128218.53,403.8,1,17,1,0,0,0.899,0.111,48,75,0.009,0.026,Benign,0
1221,TCP,HTTPS,861,2242,19,2541.15,15.56,1,19,1,0,0,0.996,0.136,39,77,0.003,0.004,Benign,0
65,TCP,HTTP,17937,80,1031,276758.83,15837.17,729,14,0,336,0,0.9,0.051,242,242,0.716,0.186,DoS_DDoS,1
2830,UDP,HTTPS,3086,6457,12,3371.97,4.24,1,12,1,0,0,0.893,0.062,32,53,0.024,0.001,Benign,0
25,UDP,HTTPS,672,24443,15,1000597.61,597.61,1,15,1,0,0,0.794,0.044,3,29,0.002,0.001,Benign,0
1622,TCP,HTTPS,1071,6840,22,4877.01,13.56,2,22,2,0,0,0.845,0.02,38,95,0.025,0.037,Benign,0
493,TCP,HTTP,2350,60066,7,126578.79,14.2,2,7,1,0,0,0.752,0.086,3,73,0.045,0.0,Benign,0
29,TCP,OTHER,67,0,2,2302.41,68.73,2,0,0,0,0,0.114,0.873,248,14,0.601,0.641,PortScan,1
1195,TCP,HTTP,157,1112,17,1061.84,14.22,1,17,1,0,0,0.754,0.032,34,83,0.029,0.03,Benign,0
99,UDP,HTTPS,13953,9,951,140887.99,9596.37,857,31,0,278,0,0.909,0.006,204,150,0.99,0.038,DoS_DDoS,1
39,TCP,OTHER,114,0,2,2915.6,51.15,2,0,0,0,0,0.091,0.987,228,6,0.545,0.671,PortScan,1
4829,UDP,IRC,848,20291,12,4377.42,2.48,1,11,1,0,0,0.786,0.19,24,20,0.076,0.042,Botnet_C2,1
297,UDP,HTTP,1173,176,76,4540.56,255.81,1,76,1,0,0,0.77,0.07,4,26,0.003,0.028,Benign,0
5,UDP,HTTP,11245,137,161,2231764.71,31568.63,141,10,0,34,0,0.915,0.067,245,251,0.707,0.041,DoS_DDoS,1
124,TCP,HTTPS,16308,68,433,131958.1,3489.12,314,13,0,115,0,0.924,0.055,208,205,0.877,0.19,DoS_DDoS,1
703,TCP,SSH,1830,8925,27,15296.54,38.4,1,27,1,1,0,0.944,0.092,43,67,0.034,0.016,Benign,0
447,TCP,HTTP,1656,441,20,4690.23,44.73,2,20,1,0,0,0.952,0.053,25,77,0.046,0.038,Benign,0
338,TCP,HTTPS,21213,86,305,62996.15,902.1,283,20,0,38,0,0.892,0.015,181,216,0.998,0.087,DoS_DDoS,1
1154,TCP,HTTPS,480,57205,11,49982.67,9.53,1,11,1,0,0,0.923,0.114,9,58,0.042,0.022,Benign,0
2531,TCP,HTTPS,807,6156,33,2750.98,13.04,1,33,1,0,0,0.831,0.144,30,87,0.0,0.015,Benign,0
1709,TCP,HTTP,3732,608,51,2539.35,29.84,1,51,1,0,0,0.774,0.023,17,91,0.05,0.013,Benign,0
414,TCP,HTTPS,5791,3359,6,22096.11,14.49,1,6,1,0,0,0.773,0.089,48,89,0.049,0.01,Benign,0
525,TCP,DNS,2717,3777,7,12367.17,13.33,1,7,1,1,0,0.764,0.035,32,78,0.048,0.034,Benign,0
1770,UDP,HTTPS,3009,204,70,1815.15,39.55,1,70,1,0,0,0.864,0.1,39,95,0.006,0.017,Benign,0
1064,TCP,HTTP,6155,4107,70,9643.83,65.78,1,70,1,0,0,0.798,0.0,20,26,0.038,0.009,Benign,0
252,TCP,HTTPS,626,991,19,6414.12,75.37,1,19,1,0,0,0.853,0.054,10,47,0.044,0.023,Benign,0
7758,TCP,SSH,1537,584,34,273.39,4.38,2,32,1,3,7,0.963,0.054,31,15,0.0,0.333,BruteForce,1
700,UDP,SMTP,4577,1094,25,8100.27,35.71,2,25,1,0,0,0.93,0.129,13,76,0.036,0.038,Benign,0
1154,TCP,HTTP,5008,4441,54,8187.33,46.79,2,54,1,0,0,0.925,0.039,6,88,0.046,0.022,Benign,0
16,UDP,HTTP,5886,18,2633,366708.07,163540.37,2320,237,0,630,0,0.962,0.01,218,178,0.735,0.138,DoS_DDoS,1
1375,UDP,HTTPS,2195,1503,27,2689.26,19.63,1,27,1,0,0,0.86,0.036,23,26,0.042,0.017,Benign,0
400,TCP,HTTPS,1993,9499,22,28722.82,54.99,1,22,1,0,0,0.811,0.145,35,50,0.033,0.007,Benign,0
14,TCP,HTTP,4597,141,289,336028.37,20496.45,210,14,0,91,0,0.999,0.027,208,236,0.735,0.111,DoS_DDoS,1
40,TCP,SSH,62,0,2,1546.13,49.88,2,0,0,0,0,0.176,0.826,236,11,0.633,0.551,PortScan,1
364,TCP,HTTP,889,26004,50,73861.58,137.32,1,50,1,1,0,0.859,0.084,2,99,0.01,0.004,Benign,0
1,TCP,OTHER,110,0,2,100000.0,1818.18,2,0,0,0,0,0.166,0.879,232,9,0.651,0.62,PortScan,1
3156,UDP,DNS,2703,1056,40,1191.03,12.67,1,40,1,0,0,0.889,0.1,27,86,0.017,0.024,Benign,0
77,TCP,HTTPS,1136,3635,13,61880.67,168.61,1,13,1,0,0,0.76,0.069,16,51,0.027,0.03,Benign,0
7937,TCP,HTTP,2065,578,28,332.99,3.53,1,28,1,0,0,0.834,0.027,41,72,0.002,0.038,Benign,0
41,TCP,OTHER,101,0,3,2457.42,72.99,3,0,0,0,0,0.147,0.705,244,12,0.588,0.414,PortScan,1
124,TCP,HTTPS,10880,18,548,87816.28,4415.79,510,23,0,75,0,0.856,0.012,193,188,0.718,0.141,DoS_DDoS,1
2627,UDP,HTTP,384,511,57,340.68,21.7,1,57,1,0,0,0.982,0.088,12,32,0.01,0.017,Benign,0
1018,TCP,DNS,755,4219,59,4885.57,57.95,1,59,1,0,0,0.78,0.002,30,71,0.035,0.032,Benign,0
26,TCP,HTTP,15877,20,897,609080.46,34367.82,807,45,0,217,0,0.991,0.058,180,190,0.8,0.019,DoS_DDoS,1
27,TCP,OTHER,111,0,3,4095.94,110.7,3,0,0,0,0,0.014,0.951,238,13,0.945,0.403,PortScan,1
1406,TCP,HTTPS,1173,56309,18,40880.45,12.8,1,18,1,0,0,0.988,0.12,29,38,0.015,0.003,Benign,0
1156,TCP,HTTPS,6222,5096,64,9789.81,55.36,2,64,1,1,0,0.917,0.095,4,31,0.044,0.017,Benign,0
5042,UDP,DNS,677,6059,11,1335.95,2.18,1,10,1,0,0,0.764,0.304,44,12,0.098,0.067,Botnet_C2,1
32,TCP,FTP,70,0,2,2180.69,62.31,2,0,0,0,0,0.162,0.755,248,14,0.578,0.758,PortScan,1
1742,TCP,SSH,509,1520,6,1164.69,3.44,1,6,1,0,0,0.85,0.033,21,33,0.026,0.005,Benign,0
21,TCP,HTTP,91,0,3,4312.8,142.18,3,0,0,0,0,0.082,0.991,243,8,0.672,0.453,PortScan,1
457,TCP,HTTPS,735,366,44,2408.66,96.26,1,44,1,0,0,0.875,0.05,9,11,0.018,0.017,Benign,0
483,TCP,DNS,64190,44,826,132962.12,1709.79,580,21,0,247,0,0.876,0.016,189,195,0.986,0.113,DoS_DDoS,1
882,TCP,HTTPS,1752,14338,82,18240.56,92.96,1,82,1,0,0,0.82,0.007,15,52,0.047,0.01,Benign,0
1721,TCP,HTTPS,3707,1171,113,2834.23,65.66,1,113,1,0,0,0.958,0.134,12,15,0.016,0.019,Benign,0
1838,TCP,HTTPS,1588,19019,11,11211.03,5.98,1,11,1,0,0,0.897,0.106,43,64,0.005,0.028,Benign,0
205,TCP,HTTP,600,3793,35,21418.82,170.65,1,35,1,0,0,0.872,0.132,5,23,0.024,0.02,Benign,0
2127,TCP,HTTPS,654,8509,23,4307.74,10.81,1,23,1,0,0,0.761,0.024,36,96,0.001,0.033,Benign,0
612,TCP,SSH,18148,4477,42,36962.91,68.62,1,42,1,0,0,0.996,0.105,33,70,0.012,0.006,Benign,0
6,TCP,OTHER,58,0,3,9508.2,491.8,3,0,0,0,0,0.043,0.755,219,8,0.939,0.524,PortScan,1
736,TCP,DNS,914,7914,31,11992.94,42.11,1,31,1,0,0,0.994,0.039,44,52,0.002,0.016,Benign,0
1946,UDP,HTTPS,1398,67175,27,35236.11,13.87,2,27,1,0,0,0.998,0.134,13,39,0.022,0.016,Benign,0
2064,TCP,HTTPS,1458,346,10,873.99,4.84,2,10,2,1,0,0.786,0.134,48,54,0.001,0.016,Benign,0
43,TCP,HTTP,111,0,3,2575.41,69.61,3,0,0,0,0,0.135,0.72,209,8,0.894,0.539,PortScan,1
859,UDP,HTTPS,6483,3152,6,11215.23,6.98,1,6,1,0,0,0.877,0.11,25,99,0.032,0.003,Benign,0
1511,TCP,HTTPS,2438,7848,141,6806.96,93.31,1,141,2,0,0,0.814,0.095,26,76,0.025,0.029,Benign,0
5104,TCP,HTTPS,495,21500,9,4309.28,1.76,1,8,1,0,0,0.751,0.455,19,5,0.084,0.067,Botnet_C2,1
434,TCP,SMTP,9373,10319,12,45362.82,27.64,1,12,1,0,0,0.859,0.034,6,43,0.037,0.004,Benign,0
607,TCP,HTTPS,6039,1937,32,13137.87,52.71,1,32,1,1,0,0.934,0.039,23,68,0.045,0.037,Benign,0
1175,TCP,HTTPS,895,8051,56,7612.97,47.66,1,56,1,0,0,0.877,0.129,23,76,0.0,0.031,Benign,0
5034,UDP,DNS,228,4793,10,997.4,1.99,1,9,1,0,0,0.772,0.202,7,29,0.104,0.011,Botnet_C2,1
35,UDP,HTTPS,23239,25,435,662792.02,12393.16,359,8,0,64,0,0.874,0.021,223,200,0.952,0.139,DoS_DDoS,1
1281,TCP,HTTPS,1203,31694,33,25678.71,25.76,1,33,1,0,0,0.771,0.111,6,81,0.047,0.04,Benign,0
278,TCP,HTTPS,1833,471,83,8284.79,298.45,1,83,1,0,0,0.959,0.138,41,54,0.008,0.004,Benign,0
21,UDP,DNS,1645,6945,5,407109.0,236.97,1,5,1,0,0,0.998,0.092,10,45,0.012,0.022,Benign,0
551,TCP,HTTP,6551,1868,70,15276.72,127.02,1,70,1,0,0,0.955,0.071,31,85,0.002,0.038,Benign,0
107,UDP,SSH,437,287,27,6760.04,252.1,1,27,1,0,0,0.989,0.075,13,43,0.031,0.014,Benign,0
31,TCP,OTHER,116,53,3,5434.08,96.46,3,0,0,1,0,0.05,0.744,235,12,0.837,0.566,PortScan,1
776,TCP,HTTPS,646,781,45,1838.68,57.98,1,45,1,0,0,0.832,0.033,18,91,0.029,0.016,Benign,0
87,UDP,HTTPS,2117,8464,21,121481.06,241.1,1,21,1,1,0,0.956,0.099,42,64,0.037,0.029,Benign,0
6,TCP,HTTP,57,0,3,9344.26,491.8,3,0,0,0,0,0.042,0.931,244,7,0.831,0.485,PortScan,1
3607,TCP,HTTPS,891,62534,59,17583.38,16.36,1,59,1,0,0,0.96,0.078,2,75,0.046,0.033,Benign,0
74,TCP,DNS,1360,8046,40,126936.57,539.81,1,40,1,0,0,0.837,0.081,18,96,0.045,0.002,Benign,0
58,TCP,HTTPS,298,27760,20,482925.99,344.23,1,20,1,0,0,0.812,0.065,15,63,0.009,0.031,Benign,0
31,TCP,HTTP,15530,18,647,499935.69,20803.86,584,48,0,90,0,0.994,0.023,183,176,0.73,0.017,DoS_DDoS,1
421,UDP,DNS,50974,71,588,121218.24,1396.34,418,21,0,173,0,0.997,0.022,251,150,0.966,0.111,DoS_DDoS,1
2492,TCP,SSH,459,488,37,380.0,14.85,3,34,1,2,8,0.914,0.065,45,13,0.027,0.575,BruteForce,1
5174,TCP,DNS,367,7032,24,1430.01,4.64,1,23,1,0,0,0.586,0.289,23,19,0.089,0.071,Botnet_C2,1
1130,TCP,HTTPS,1098,27748,47,25525.17,41.59,1,47,1,0,0,0.99,0.13,22,61,0.044,0.006,Benign,0
1678,TCP,HTTP,73,12554,36,7524.58,21.45,1,36,1,0,0,0.888,0.108,38,69,0.035,0.018,Benign,0
1081,TCP,TELNET,415,1181,28,1476.27,25.9,5,23,1,2,3,0.864,0.059,65,21,0.222,0.379,BruteForce,1
282,UDP,HTTPS,18079,294,35,65129.39,124.07,1,35,1,0,0,0.891,0.053,23,94,0.032,0.021,Benign,0
480,TCP,HTTPS,9202,116,3491,19408.46,7271.4,2630,53,0,985,0,0.883,0.057,192,249,0.932,0.166,DoS_DDoS,1
112,TCP,DNS,2526,4240,18,60356.82,160.57,1,18,1,0,0,0.953,0.115,34,68,0.041,0.006,Benign,0
4506,TCP,IRC,404,4727,18,1138.68,3.99,1,17,1,0,0,0.747,0.243,21,18,0.121,0.032,Botnet_C2,1
1429,ICMP,HTTP,5815,11050,24,11801.13,16.79,1,24,1,0,0,0.834,0.049,40,63,0.036,0.04,Benign,0
359,UDP,DNS,862,2795,8,10183.79,22.28,1,8,1,0,0,0.845,0.062,42,51,0.001,0.011,Benign,0
26,TCP,SSH,87,0,3,3333.33,114.94,3,0,0,0,0,0.083,0.975,224,7,0.541,0.493,PortScan,1
1733,TCP,FTP,625,727,55,780.11,31.74,2,53,1,2,10,0.85,0.015,36,24,0.12,0.37,BruteForce,1
206,TCP,HTTPS,2380,1023,39,16511.4,189.23,1,39,1,0,0,0.781,0.073,4,16,0.05,0.038,Benign,0
34,TCP,OTHER,65,0,2,1906.16,58.65,2,0,0,0,0,0.167,0.981,216,14,0.627,0.557,PortScan,1
1666,TCP,DNS,899,255,28,692.64,16.81,1,28,1,0,0,0.808,0.106,48,85,0.028,0.011,Benign,0
23,TCP,OTHER,49,0,2,2121.21,86.58,2,0,0,0,0,0.102,0.71,206,4,0.92,0.708,PortScan,1
394,TCP,HTTPS,1791,437,24,5653.39,60.9,1,24,1,0,0,0.801,0.017,1,79,0.004,0.021,Benign,0
8109,TCP,TELNET,985,217,22,148.23,2.71,5,17,1,3,10,0.823,0.043,60,11,0.106,0.21,BruteForce,1
541,TCP,DNS,919,26455,31,50589.54,57.29,2,31,1,0,0,0.766,0.131,23,72,0.019,0.005,Benign,0
1863,TCP,HTTP,593,126275,14,68095.11,7.51,1,14,1,0,0,0.876,0.086,32,94,0.008,0.02,Benign,0
37,TCP,SSH,52,0,2,1401.62,53.91,2,0,0,0,0,0.051,0.915,247,9,0.617,0.621,PortScan,1
76,UDP,HTTP,53459,28,415,702851.51,5453.35,301,1,0,93,0,0.994,0.043,242,244,0.909,0.156,DoS_DDoS,1
2224,TCP,HTTPS,843,5430,13,2820.47,5.85,1,13,1,0,0,0.967,0.009,42,83,0.036,0.028,Benign,0
5137,UDP,DNS,475,5093,17,1083.88,3.31,1,16,1,0,0,0.577,0.403,33,13,0.147,0.098,Botnet_C2,1
2453,TCP,DNS,5099,9839,21,6089.44,8.56,1,21,1,0,0,0.9,0.094,8,24,0.006,0.007,Benign,0
725,TCP,SSH,1446,1725,37,4373.19,51.03,4,33,1,3,3,0.931,0.05,11,9,0.212,0.241,BruteForce,1
269,TCP,HTTP,9061,44,1790,33835.01,6651.8,1468,50,0,303,0,0.903,0.08,205,217,0.864,0.162,DoS_DDoS,1
2603,TCP,TELNET,800,94,46,343.44,17.67,3,43,1,2,5,0.878,0.051,30,7,0.135,0.593,BruteForce,1
1886,TCP,HTTP,1129,1435,17,1359.42,9.01,1,17,1,0,0,0.984,0.098,20,88,0.004,0.007,Benign,0
573,TCP,HTTP,1124,12478,34,23734.08,59.33,1,34,1,0,0,0.802,0.038,34,50,0.003,0.022,Benign,0
1306,TCP,HTTPS,4693,3333,20,6145.01,15.31,2,20,1,0,0,0.862,0.095,37,37,0.029,0.021,Benign,0
40,UDP,HTTP,5238,50,348,131870.32,8678.3,305,9,0,89,0,0.852,0.042,205,192,0.954,0.144,DoS_DDoS,1
186,UDP,HTTPS,13457,61,1723,72638.37,9258.46,1412,91,0,266,0,0.927,0.043,198,155,0.804,0.018,DoS_DDoS,1
396,UDP,SSH,4062,3868,35,20020.2,88.36,2,35,1,0,0,0.937,0.105,44,69,0.016,0.005,Benign,0
232,TCP,HTTPS,3933,4160,17,34868.59,73.24,1,17,1,0,0,0.787,0.004,4,53,0.0,0.014,Benign,0
2006,TCP,HTTPS,2867,13634,19,8225.41,9.47,1,19,1,0,0,0.922,0.029,48,66,0.049,0.036,Benign,0
2307,TCP,HTTPS,7232,3195,10,4519.53,4.33,1,10,1,0,0,0.985,0.111,13,61,0.007,0.016,Benign,0
9,TCP,SSH,101,0,3,11098.9,329.67,3,0,0,0,0,0.107,0.861,224,10,0.558,0.705,PortScan,1
221,TCP,HTTP,27851,134,1060,126571.69,4794.21,818,37,0,268,0,0.887,0.068,191,252,0.994,0.083,DoS_DDoS,1
268,UDP,HTTPS,1903,2616,128,16855.65,477.43,2,128,1,1,0,0.851,0.102,45,60,0.004,0.03,Benign,0
87,UDP,HTTPS,21207,49,523,244041.33,6004.59,408,29,0,172,0,0.957,0.07,244,245,0.882,0.038,DoS_DDoS,1
2019,TCP,SSH,891,727,27,801.35,13.37,5,22,1,3,8,0.877,0.056,17,5,0.248,0.4,BruteForce,1
3594,TCP,DNS,2646,18650,12,5925.27,3.34,1,12,1,0,0,0.887,0.104,46,53,0.026,0.021,Benign,0
250,UDP,HTTPS,35301,841,40,144510.2,159.94,1,40,1,0,0,0.848,0.111,32,83,0.039,0.018,Benign,0
4811,TCP,OTHER,329,1842,12,451.25,2.49,1,11,1,0,0,0.594,0.483,11,15,0.009,0.044,Botnet_C2,1
278,TCP,HTTP,8712,21861,19,109935.28,68.32,1,19,1,0,0,0.933,0.096,41,45,0.038,0.024,Benign,0
463,TCP,DNS,3779,14434,17,39328.44,36.71,1,17,1,0,0,0.762,0.106,46,88,0.003,0.022,Benign,0
1838,TCP,DNS,500,1293,13,975.46,7.07,2,13,1,0,0,0.849,0.067,4,85,0.026,0.037,Benign,0
385,TCP,SSH,26618,2656,4,76016.62,10.39,2,4,1,0,0,0.909,0.116,41,47,0.038,0.017,Benign,0
497,TCP,DNS,11298,21535,36,66049.08,72.42,1,36,1,0,0,0.896,0.044,38,60,0.037,0.011,Benign,0
1663,UDP,HTTPS,2242,13928,38,9722.81,22.85,1,38,1,1,0,0.757,0.148,4,50,0.022,0.035,Benign,0
183,TCP,HTTP,5803,138,1048,32446.75,5723.65,967,69,0,327,0,0.943,0.062,197,189,0.955,0.119,DoS_DDoS,1
45,UDP,HTTPS,4973,13520,5,410044.35,110.86,2,5,1,0,0,0.756,0.025,22,53,0.029,0.032,Benign,0
230,TCP,HTTPS,2520,63296,13,286032.16,56.5,2,13,1,0,0,0.865,0.094,4,61,0.004,0.016,Benign,0
268,TCP,HTTPS,7716,12721,20,76229.02,74.6,1,20,1,0,0,0.903,0.053,14,70,0.017,0.028,Benign,0
41,TCP,OTHER,96,0,1,2335.77,24.33,1,0,0,0,0,0.162,0.717,251,3,0.822,0.317,PortScan,1
4707,TCP,IRC,476,6458,15,1473.09,3.19,1,14,1,0,0,0.659,0.352,24,24,0.002,0.1,Botnet_C2,1
30,TCP,FTP,54,0,2,1794.02,66.45,2,0,0,0,0,0.146,0.901,231,12,0.694,0.618,PortScan,1
648,TCP,HTTP,194,185,27,584.79,41.66,1,27,1,0,0,0.804,0.002,17,61,0.046,0.039,Benign,0
1241,TCP,DNS,2583,8839,18,9203.13,14.5,1,18,1,1,0,0.934,0.002,1,45,0.005,0.006,Benign,0
200,TCP,DNS,10890,176,883,55302.35,4412.79,782,7,0,251,0,0.9,0.054,247,172,0.733,0.106,DoS_DDoS,1
4503,TCP,FTP,481,809,59,286.47,13.1,3,56,1,3,14,0.941,0.014,21,10,0.189,0.466,BruteForce,1
133,UDP,HTTP,234,3791,23,30240.42,172.8,1,23,1,0,0,0.893,0.132,37,43,0.013,0.037,Benign,0
244,TCP,HTTPS,2199,1179,79,13838.59,323.64,1,79,1,0,0,0.99,0.058,2,81,0.044,0.023,Benign,0
2066,TCP,HTTP,7762,1336,65,4403.47,31.46,2,65,1,1,0,0.772,0.0,3,67,0.017,0.025,Benign,0
1729,TCP,HTTP,875,7943,21,5099.76,12.15,2,21,1,0,0,0.825,0.028,5,48,0.021,0.002,Benign,0
8300,TCP,SSH,330,1556,28,227.23,3.37,5,23,1,1,3,0.976,0.063,38,5,0.042,0.405,BruteForce,1
54,UDP,HTTPS,1853,5094,10,128410.35,184.84,1,10,1,0,0,0.771,0.09,40,98,0.007,0.021,Benign,0
568,TCP,HTTP,6371,33,1195,11272.66,2103.5,920,9,0,362,0,0.898,0.043,248,184,0.771,0.17,DoS_DDoS,1
245,TCP,HTTP,604,997,13,6532.03,53.04,1,13,1,0,0,0.908,0.009,25,26,0.014,0.024,Benign,0
246,TCP,HTTP,2891,1250,24,16826.49,97.52,1,24,1,0,0,0.933,0.006,48,52,0.039,0.018,Benign,0
30,TCP,OTHER,117,0,2,3887.04,66.45,2,0,0,0,0,0.095,0.802,208,8,0.817,0.669,PortScan,1
35,TCP,HTTP,47,28,1,2136.75,28.49,1,0,0,1,0,0.197,0.73,222,10,0.788,0.709,PortScan,1
276,TCP,HTTPS,2841,13861,12,60492.58,43.46,1,12,1,0,0,0.988,0.099,32,48,0.036,0.002,Benign,0
679,TCP,FTP,660,971,25,2401.71,36.81,5,20,1,2,6,0.961,0.051,65,18,0.13,0.418,BruteForce,1
8,TCP,OTHER,118,0,2,14567.9,246.91,2,0,0,0,0,0.045,0.895,212,3,0.828,0.698,PortScan,1
1982,TCP,HTTPS,1753,42680,153,22417.13,77.19,1,153,1,0,0,0.869,0.05,19,23,0.019,0.0,Benign,0
179,UDP,SMTP,772,507,6,7141.26,33.5,2,6,1,0,0,0.827,0.124,39,66,0.041,0.0,Benign,0
626,TCP,HTTP,300,45127,10,72555.5,15.97,1,10,1,1,0,0.958,0.073,41,57,0.034,0.029,Benign,0
806,TCP,HTTPS,1911,4314,33,7722.37,40.94,1,33,2,0,0,0.844,0.058,15,89,0.026,0.018,Benign,0
1028,TCP,HTTPS,5678,6254,60,11605.87,58.36,2,60,1,0,0,0.908,0.001,23,85,0.004,0.033,Benign,0
5175,TCP,HTTPS,411,4136,23,878.63,4.44,1,22,1,0,0,0.673,0.368,34,29,0.132,0.055,Botnet_C2,1
8,TCP,OTHER,106,29,1,16666.67,123.46,1,0,0,1,0,0.106,0.852,245,3,0.789,0.408,PortScan,1
172,TCP,HTTPS,5550,4190,3,56595.0,17.43,1,3,1,0,0,0.802,0.119,28,36,0.017,0.033,Benign,0
1091,TCP,HTTPS,1961,2424,36,4018.88,32.99,1,36,1,0,0,0.941,0.066,6,55,0.028,0.0,Benign,0
637,TCP,DNS,875,39386,63,63194.16,98.89,1,63,1,0,0,0.833,0.046,14,16,0.039,0.027,Benign,0
1,TCP,OTHER,88,59,3,133636.36,2727.27,3,0,0,1,0,0.072,0.758,240,7,0.626,0.724,PortScan,1
528,TCP,DNS,1092,7046,16,15409.96,30.3,1,16,1,0,0,0.885,0.038,18,98,0.048,0.0,Benign,0
892,TCP,HTTPS,10306,22447,19,36714.49,21.3,1,19,1,0,0,0.996,0.037,17,94,0.043,0.021,Benign,0
4778,TCP,DNS,640,1793,18,509.2,3.77,1,17,1,0,0,0.424,0.202,34,17,0.15,0.032,Botnet_C2,1
621,TCP,SMTP,28152,1530,6,47789.41,9.66,1,6,1,0,0,0.95,0.131,40,40,0.047,0.005,Benign,0
54,TCP,HTTPS,193,919,11,20554.53,203.33,1,11,1,0,0,0.925,0.043,25,40,0.025,0.037,Benign,0
391,UDP,HTTPS,2657,25781,16,72712.86,40.91,1,16,1,0,0,0.759,0.029,8,49,0.042,0.012,Benign,0
1283,UDP,HTTPS,2270,1141,6,2658.41,4.68,1,6,1,0,0,0.843,0.05,18,55,0.019,0.02,Benign,0
2462,UDP,HTTP,5326,1957,27,2958.04,10.97,1,27,1,0,0,0.755,0.1,6,69,0.031,0.01,Benign,0
2757,UDP,HTTPS,793,2132,12,1060.9,4.35,1,12,1,0,0,0.873,0.128,47,79,0.018,0.01,Benign,0
449,TCP,HTTPS,272,4952,8,11632.15,17.81,1,8,2,0,0,0.804,0.127,48,59,0.004,0.019,Benign,0
488,TCP,SSH,2798,29868,39,66924.81,79.9,1,39,2,0,0,0.965,0.02,1,29,0.037,0.027,Benign,0
1049,UDP,SMTP,133,809,9,897.91,8.58,1,9,1,0,0,0.913,0.006,43,82,0.049,0.04,Benign,0
242,UDP,DNS,513,1482,13,8240.4,53.7,1,13,1,0,0,0.969,0.021,42,94,0.014,0.0,Benign,0
67,UDP,DNS,2651,69016,22,1068062.59,327.87,1,22,1,0,0,0.818,0.003,39,98,0.048,0.014,Benign,0
5338,TCP,IRC,397,6662,9,1322.38,1.69,1,8,1,0,0,0.474,0.497,30,12,0.015,0.085,Botnet_C2,1
34,UDP,HTTPS,2511,48552,11,1497448.68,322.58,1,11,1,0,0,0.806,0.103,4,14,0.023,0.035,Benign,0
872,UDP,HTTPS,159,6305,10,7411.99,11.47,1,10,1,0,0,0.799,0.115,6,73,0.006,0.014,Benign,0
888,TCP,HTTP,4655,3249,15,8899.9,16.89,1,15,1,0,0,0.941,0.01,4,26,0.016,0.034,Benign,0
15245,TCP,SSH,964,389,21,88.75,1.38,2,19,1,1,6,0.901,0.085,43,27,0.06,0.399,BruteForce,1
47,TCP,HTTP,46907,141,187,998895.97,3970.28,163,6,0,62,0,0.913,0.042,184,189,0.809,0.139,DoS_DDoS,1
412,TCP,HTTPS,1427,882,56,5603.01,135.89,1,56,1,0,0,0.824,0.113,21,34,0.026,0.02,Benign,0
14350,TCP,SSH,1583,484,20,144.04,1.39,5,15,1,3,7,0.891,0.088,76,28,0.206,0.486,BruteForce,1
415,TCP,HTTPS,2550,35878,23,92575.28,55.41,1,23,2,0,0,0.928,0.023,41,93,0.004,0.031,Benign,0
1545,TCP,HTTPS,6246,3521,4,6321.27,2.59,1,4,1,0,0,0.883,0.118,30,51,0.027,0.014,Benign,0
378,ICMP,HTTPS,1129,92816,15,248466.01,39.67,1,15,1,0,0,0.891,0.107,4,42,0.009,0.004,Benign,0
11,TCP,HTTPS,4984,73,2221,455585.59,200090.09,1587,193,0,806,0,0.978,0.062,204,247,0.819,0.027,DoS_DDoS,1
31,TCP,SSH,84,0,2,2700.96,64.31,2,0,0,0,0,0.072,0.741,246,11,0.751,0.538,PortScan,1
817,UDP,HTTPS,765,8153,44,10914.21,53.85,1,44,1,0,0,0.844,0.062,32,80,0.045,0.014,Benign,0
1118,TCP,HTTPS,393,2155,7,2278.87,6.26,1,7,1,0,0,0.857,0.107,23,48,0.044,0.01,Benign,0
844,TCP,HTTPS,12696,200,120,15277.81,142.16,97,3,0,31,0,0.891,0.036,190,220,0.885,0.003,DoS_DDoS,1
166,TCP,HTTPS,11849,108,142,71986.75,854.91,101,6,0,30,0,0.903,0.019,212,253,0.966,0.079,DoS_DDoS,1
678,TCP,SSH,684,5757,16,9498.6,23.6,1,16,1,0,0,0.947,0.146,26,90,0.012,0.02,Benign,0
81,UDP,HTTPS,3444,5310,19,107940.81,234.28,1,19,1,0,0,0.906,0.117,45,63,0.007,0.032,Benign,0
104,TCP,HTTP,1671,89,928,16906.82,8914.51,798,77,0,247,0,0.966,0.056,181,230,0.718,0.183,DoS_DDoS,1
459,TCP,DNS,1089,5148,32,13585.28,69.7,1,32,1,0,0,0.894,0.082,30,85,0.035,0.036,Benign,0
276,TCP,HTTPS,605,1576,43,7899.31,155.74,1,43,1,0,0,0.796,0.023,29,94,0.048,0.004,Benign,0
2748,TCP,HTTP,2735,33852,12,13313.56,4.37,1,12,1,0,0,0.925,0.083,43,93,0.046,0.001,Benign,0
64,TCP,HTTPS,857,6392,8,113088.92,124.8,1,8,1,0,0,0.961,0.044,25,74,0.008,0.005,Benign,0
33,TCP,OTHER,113,24,1,4138.97,30.21,1,0,0,1,0,0.134,0.886,214,14,0.72,0.314,PortScan,1
81,TCP,HTTPS,804,7190,9,98569.67,110.97,2,9,1,0,0,0.855,0.087,6,16,0.038,0.03,Benign,0
32,TCP,OTHER,42,0,1,1308.41,31.15,1,0,0,0,0,0.072,0.755,230,7,0.625,0.723,PortScan,1
9,TCP,FTP,91,0,3,10000.0,329.67,3,0,0,0,0,0.048,0.706,208,9,0.55,0.749,PortScan,1
7,TCP,OTHER,106,0,3,14929.58,422.54,3,0,0,0,0,0.037,0.761,211,7,0.797,0.789,PortScan,1
2,TCP,HTTP,111,0,1,52857.14,476.19,1,0,0,0,0,0.133,0.844,209,3,0.782,0.634,PortScan,1
1214,UDP,HTTPS,1091,32420,29,27601.52,23.89,1,29,1,0,0,0.887,0.126,24,37,0.04,0.035,Benign,0
731,ICMP,HTTPS,2997,461,26,4729.86,35.56,1,26,1,0,0,0.994,0.002,40,43,0.015,0.026,Benign,0
29,TCP,HTTP,106,0,1,3642.61,34.36,1,0,0,0,0,0.108,0.847,213,8,0.917,0.527,PortScan,1
4611,TCP,DNS,687,6081,15,1467.76,3.25,1,14,1,0,0,0.473,0.176,11,19,0.145,0.068,Botnet_C2,1
4874,UDP,DNS,598,1640,19,459.16,3.9,1,18,1,0,0,0.594,0.394,29,25,0.016,0.09,Botnet_C2,1
856,TCP,HTTPS,42406,4179,21,54415.37,24.53,1,21,1,0,0,0.984,0.131,29,88,0.043,0.0,Benign,0
1619,UDP,HTTPS,5187,96269,12,62661.97,7.41,1,12,1,1,0,0.904,0.025,6,56,0.009,0.002,Benign,0
1713,UDP,HTTP,736,383,12,653.2,7.0,1,12,1,0,0,0.965,0.13,10,53,0.037,0.022,Benign,0
1,TCP,HTTP,69,30,1,90000.0,909.09,1,0,0,1,0,0.096,0.703,208,12,0.779,0.319,PortScan,1
293,TCP,HTTPS,8346,29002,13,127424.09,44.35,2,13,1,0,0,0.971,0.012,13,38,0.02,0.005,Benign,0
1173,UDP,DNS,977,1962,10,2505.33,8.52,1,10,1,0,0,0.755,0.015,47,76,0.045,0.03,Benign,0
265,UDP,HTTPS,2064,26316,22,107053.94,82.99,1,22,1,0,0,0.937,0.083,1,18,0.048,0.032,Benign,0
40,TCP,SSH,92,0,3,2294.26,74.81,3,0,0,0,0,0.022,0.976,229,13,0.826,0.415,PortScan,1
479,TCP,HTTPS,6796,1749,24,17835.52,50.09,1,24,1,0,0,0.926,0.044,44,94,0.048,0.031,Benign,0
41,TCP,OTHER,57,0,3,1386.86,72.99,3,0,0,0,0,0.052,0.959,250,7,0.672,0.427,PortScan,1
42,TCP,OTHER,82,0,3,1947.74,71.26,3,0,0,0,0,0.058,0.843,220,6,0.73,0.463,PortScan,1
1497,TCP,HTTPS,9209,855,8,6722.33,5.34,2,8,1,1,0,0.907,0.106,38,45,0.048,0.025,Benign,0
11,TCP,OTHER,66,0,2,5945.95,180.18,2,0,0,0,0,0.09,0.828,218,2,0.92,0.318,PortScan,1
1345,TCP,HTTPS,2681,33762,42,27093.15,31.22,1,42,1,0,0,0.816,0.086,19,51,0.019,0.007,Benign,0
2910,TCP,HTTPS,935,1403,7,803.41,2.41,1,7,1,0,0,0.765,0.056,33,98,0.029,0.033,Benign,0
1811,TCP,HTTPS,2171,479,120,1463.2,66.26,2,120,1,0,0,0.754,0.064,10,83,0.036,0.011,Benign,0
6,TCP,OTHER,82,0,3,13442.62,491.8,3,0,0,0,0,0.113,0.836,200,6,0.537,0.74,PortScan,1
1052,TCP,HTTPS,5475,1183,46,6328.3,43.72,1,46,1,0,0,0.936,0.099,30,81,0.002,0.034,Benign,0
1499,TCP,HTTPS,2560,72944,10,50366.22,6.67,2,10,1,0,0,0.936,0.093,18,75,0.039,0.033,Benign,0
1599,UDP,HTTP,1255,2243,8,2187.48,5.0,1,8,1,1,0,0.962,0.004,36,72,0.036,0.003,Benign,0
735,TCP,DNS,25582,5931,46,42869.0,62.58,2,46,1,0,0,0.783,0.102,3,31,0.037,0.016,Benign,0
51,TCP,HTTPS,84487,486,632,1662876.71,12367.91,581,5,0,220,0,0.919,0.027,252,176,0.944,0.118,DoS_DDoS,1
1520,UDP,HTTPS,4277,1109,14,3543.19,9.21,1,14,1,0,0,0.857,0.002,48,78,0.006,0.031,Benign,0
4,TCP,OTHER,118,31,3,36341.46,731.71,3,0,0,1,0,0.095,0.86,234,4,0.543,0.774,PortScan,1
270,TCP,DNS,1983,1364,15,12391.71,55.53,1,15,1,0,0,0.913,0.016,4,40,0.011,0.011,Benign,0
95,TCP,SSH,2077,920,17,31514.2,178.76,1,17,1,0,0,0.86,0.147,29,69,0.027,0.034,Benign,0
1851,TCP,DNS,714,1904,24,1414.29,12.97,1,24,1,0,0,0.836,0.096,31,62,0.007,0.022,Benign,0
25,UDP,HTTP,6100,2271,10,333505.98,398.41,1,10,2,0,0,0.824,0.139,6,25,0.014,0.015,Benign,0
15,TCP,SSH,48,0,3,3178.81,198.68,3,0,0,0,0,0.042,0.784,242,4,0.534,0.724,PortScan,1
39,TCP,OTHER,94,0,2,2404.09,51.15,2,0,0,0,0,0.015,0.859,242,3,0.555,0.37,PortScan,1
45,TCP,DNS,9458,79,1229,211463.41,27250.55,1067,16,0,297,0,0.891,0.047,206,203,0.849,0.168,DoS_DDoS,1
21,TCP,HTTP,21506,60,580,1022085.31,27488.15,515,26,0,116,0,0.94,0.024,230,185,0.942,0.078,DoS_DDoS,1
1811,ICMP,HTTPS,508,5112,27,3103.09,14.91,2,27,1,0,0,0.83,0.054,25,28,0.024,0.006,Benign,0
181,ICMP,HTTP,37068,58,884,205002.76,4881.28,740,77,0,300,0,0.892,0.076,196,212,0.704,0.037,DoS_DDoS,1
40,TCP,DNS,45768,28,5614,1142044.89,140000.0,4805,537,0,1922,0,0.894,0.005,214,200,0.876,0.035,DoS_DDoS,1
5024,TCP,IRC,856,5923,10,1349.3,1.99,1,9,1,0,0,0.541,0.24,27,12,0.142,0.095,Botnet_C2,1
2653,TCP,HTTPS,30871,49852,16,30425.92,6.03,2,16,1,0,0,0.986,0.077,3,13,0.046,0.003,Benign,0
252,UDP,HTTP,2447,1068,15,13942.88,59.5,1,15,1,0,0,0.964,0.099,22,64,0.045,0.008,Benign,0
9,TCP,HTTP,32851,73,229,3618021.98,25164.84,162,2,0,85,0,0.957,0.077,180,223,0.79,0.053,DoS_DDoS,1
20,TCP,HTTPS,14316,2021,19,812786.07,945.27,1,19,1,0,0,0.852,0.126,39,43,0.02,0.012,Benign,0
521,TCP,HTTPS,14909,9783,22,47384.38,42.22,2,22,1,0,0,0.872,0.058,1,70,0.006,0.007,Benign,0
2107,TCP,HTTPS,374,7497,8,3735.47,3.8,1,8,1,0,0,0.877,0.042,5,26,0.025,0.03,Benign,0
800,TCP,HTTP,625,101,23,907.39,28.75,1,23,1,0,0,0.781,0.031,36,75,0.002,0.039,Benign,0
23,TCP,SSH,71,0,3,3073.59,129.87,3,0,0,0,0,0.114,0.919,254,8,0.699,0.616,PortScan,1
1177,TCP,HTTPS,2492,4600,35,6024.98,29.73,1,35,1,0,0,0.896,0.067,1,47,0.007,0.018,Benign,0
9,TCP,OTHER,99,51,3,16483.52,329.67,3,0,0,1,0,0.114,0.721,221,7,0.837,0.731,PortScan,1
30,TCP,HTTP,455,1938,18,79501.66,598.01,2,18,1,1,0,0.911,0.121,37,68,0.025,0.033,Benign,0
212,TCP,HTTP,11517,16,1193,54375.29,5624.71,1123,110,0,341,0,0.96,0.048,187,189,0.806,0.152,DoS_DDoS,1
5004,UDP,HTTPS,415,8525,22,1786.54,4.4,1,21,1,0,0,0.696,0.195,6,19,0.045,0.063,Botnet_C2,1
148,UDP,DNS,88690,54,1147,599216.75,7744.77,1027,11,0,250,0,0.927,0.062,227,186,0.994,0.147,DoS_DDoS,1
1222,TCP,SSH,1577,5474,17,5769.58,13.91,2,17,1,0,0,0.89,0.017,33,94,0.022,0.021,Benign,0
3770,UDP,HTTPS,3689,4598,27,2198.08,7.16,1,27,1,0,0,0.886,0.111,49,61,0.006,0.022,Benign,0
154,UDP,HTTPS,2371,96,2252,16009.09,14613.89,1900,111,0,373,0,0.932,0.01,193,195,0.903,0.13,DoS_DDoS,1
1053,TCP,HTTPS,512,68957,20,65966.2,18.99,1,20,1,0,0,0.803,0.04,28,77,0.002,0.007,Benign,0
602,UDP,SSH,5125,8371,15,22414.88,24.91,1,15,1,0,0,0.827,0.134,30,59,0.04,0.005,Benign,0
113,TCP,HTTPS,177,4688,5,43015.03,44.21,1,5,1,0,0,0.908,0.108,30,67,0.049,0.038,Benign,0
27,TCP,OTHER,99,51,3,5535.06,110.7,3,0,0,1,0,0.029,0.807,226,6,0.879,0.519,PortScan,1
1146,TCP,DNS,2623,2388,143,4372.22,124.77,1,143,1,1,0,0.806,0.032,47,65,0.027,0.004,Benign,0
251,TCP,HTTP,40597,10,48,161716.45,191.16,41,3,0,7,0,0.891,0.019,224,209,0.707,0.129,DoS_DDoS,1
804,UDP,HTTP,693,13057,99,17099.86,123.12,1,99,1,0,0,0.76,0.025,14,88,0.036,0.024,Benign,0
94,TCP,HTTP,6672,270,17,73772.58,180.66,1,17,1,0,0,0.785,0.079,13,52,0.039,0.015,Benign,0
558,TCP,HTTP,3148,6791,26,17808.64,46.59,2,26,1,0,0,0.953,0.033,24,29,0.041,0.009,Benign,0
3066,TCP,FTP,349,924,42,415.19,13.7,4,38,1,2,3,0.863,0.032,20,33,0.181,0.321,BruteForce,1
54,TCP,HTTP,9525,207,1874,179889.09,34639.56,1728,164,0,736,0,0.888,0.022,207,155,0.99,0.034,DoS_DDoS,1
383,UDP,SSH,572,3391,11,10344.56,28.71,1,11,1,0,0,0.792,0.095,48,63,0.043,0.014,Benign,0
827,TCP,HTTPS,143,3911,75,4901.46,90.68,1,75,1,0,0,0.914,0.144,14,16,0.036,0.011,Benign,0
1629,TCP,HTTP,488,8236,18,5355.1,11.05,1,18,1,0,0,0.765,0.123,5,93,0.012,0.03,Benign,0
32,UDP,HTTP,1962,4241,61,193239.88,1900.31,1,61,1,0,0,0.922,0.045,49,74,0.046,0.038,Benign,0
3609,TCP,HTTPS,6460,2142,24,2383.42,6.65,1,24,2,0,0,0.776,0.094,20,30,0.028,0.02,Benign,0
1095,TCP,DNS,2242,33814,13,32924.85,11.87,1,13,2,0,0,0.996,0.147,32,37,0.048,0.016,Benign,0
1179,TCP,HTTPS,4594,24198,13,24418.62,11.03,1,13,1,1,0,0.975,0.085,32,96,0.034,0.037,Benign,0
1321,TCP,DNS,1690,3509,42,3935.36,31.79,1,42,1,0,0,0.931,0.045,43,56,0.001,0.021,Benign,0
16,TCP,SSH,100,0,2,6211.18,124.22,2,0,0,0,0,0.158,0.813,225,7,0.832,0.547,PortScan,1
1321,UDP,DNS,934,3607,76,3437.29,57.53,1,76,1,0,0,0.941,0.081,4,91,0.026,0.016,Benign,0
35,TCP,OTHER,119,0,3,3390.31,85.47,3,0,0,0,0,0.05,0.909,231,13,0.715,0.776,PortScan,1
6489,UDP,HTTPS,4756,9262,65,2160.24,10.02,1,65,1,0,0,0.813,0.124,12,21,0.042,0.036,Benign,0
918,UDP,DNS,2052,1000,47,3324.26,51.19,1,47,1,0,0,0.827,0.033,39,58,0.009,0.035,Benign,0
35,TCP,OTHER,106,0,1,3019.94,28.49,1,0,0,0,0,0.155,0.866,214,3,0.735,0.534,PortScan,1
762,TCP,HTTPS,572,9978,6,13843.33,7.87,1,6,1,0,0,0.76,0.012,27,29,0.016,0.033,Benign,0
14,TCP,OTHER,106,27,1,9432.62,70.92,1,0,0,1,0,0.159,0.946,208,2,0.941,0.357,PortScan,1
1302,UDP,HTTP,343,9195,67,7325.09,51.46,1,67,2,0,0,0.842,0.109,4,64,0.037,0.036,Benign,0
176,TCP,HTTPS,1978,15433,21,98869.96,119.25,1,21,1,0,0,0.943,0.096,7,75,0.024,0.036,Benign,0
21,TCP,OTHER,118,0,1,5592.42,47.39,1,0,0,0,0,0.166,0.812,230,2,0.9,0.763,PortScan,1
53,TCP,HTTPS,3812,87,702,73427.5,13220.34,598,20,0,166,0,0.951,0.036,250,194,0.751,0.08,DoS_DDoS,1
3399,TCP,HTTPS,2361,15888,48,5368.77,14.12,1,48,1,0,0,0.751,0.058,33,88,0.036,0.004,Benign,0
1685,TCP,HTTPS,1532,3221,29,2820.6,17.21,1,29,1,0,0,0.875,0.096,25,36,0.011,0.036,Benign,0
158,TCP,HTTPS,6939,57,1710,44250.47,10815.94,1587,26,0,214,0,0.929,0.066,223,188,0.991,0.037,DoS_DDoS,1
595,TCP,HTTPS,354,973,5,2229.88,8.4,1,5,1,1,0,0.853,0.067,30,46,0.012,0.027,Benign,0
2536,UDP,HTTP,3085,2021,31,2013.33,12.22,1,31,1,0,0,0.845,0.088,3,72,0.024,0.038,Benign,0
181,TCP,DNS,23537,56,150,130276.09,828.27,130,7,0,24,0,0.873,0.028,249,192,0.841,0.065,DoS_DDoS,1
348,UDP,HTTP,4529,8120,45,36337.26,129.27,1,45,1,0,0,0.752,0.017,4,87,0.025,0.001,Benign,0
4344,TCP,IRC,339,3549,21,895.01,4.83,1,20,1,0,0,0.638,0.193,18,19,0.035,0.094,Botnet_C2,1
223,TCP,HTTPS,2173,1099,8,14666.07,35.86,1,8,1,0,0,0.871,0.068,41,46,0.046,0.036,Benign,0
167,UDP,HTTPS,1851,2580,9,26517.06,53.86,1,9,1,0,0,0.927,0.088,36,42,0.029,0.014,Benign,0
496,TCP,SSH,622,1070,21,3410.6,42.33,1,21,1,0,0,0.827,0.027,31,95,0.003,0.021,Benign,0
658,TCP,HTTPS,1808,798,8,3959.88,12.16,1,8,1,0,0,0.843,0.134,45,68,0.04,0.03,Benign,0
597,UDP,HTTP,980,1995,11,4982.42,18.42,1,11,1,0,0,0.833,0.081,40,62,0.01,0.026,Benign,0
4131,TCP,SSH,631,191,40,198.98,9.68,4,36,1,2,8,0.818,0.031,68,35,0.129,0.312,BruteForce,1
5956,TCP,DNS,343,3163,20,588.64,3.36,1,19,1,0,0,0.57,0.242,17,8,0.025,0.081,Botnet_C2,1
27,TCP,OTHER,115,0,2,4243.54,73.8,2,0,0,0,0,0.134,0.95,201,4,0.576,0.596,PortScan,1
157,UDP,HTTPS,8530,70,61,54742.2,388.29,56,1,0,19,0,0.989,0.061,184,160,0.855,0.195,DoS_DDoS,1
227,TCP,SSH,403,14678,51,66406.87,224.57,1,51,2,0,0,0.824,0.001,26,32,0.01,0.025,Benign,0
471,TCP,DNS,225,1163,29,2946.3,61.56,1,29,2,0,0,0.894,0.105,4,10,0.048,0.02,Benign,0
33,TCP,HTTP,851,43,3904,27009.06,117945.62,3603,46,0,487,0,0.898,0.044,235,241,0.758,0.097,DoS_DDoS,1
302,TCP,HTTP,10292,27,598,34157.56,1979.48,500,3,0,62,0,0.991,0.053,210,205,0.867,0.052,DoS_DDoS,1
4491,TCP,SSH,446,369,37,181.47,8.24,2,35,1,1,9,0.918,0.044,78,18,0.131,0.289,BruteForce,1
924,UDP,HTTPS,992,444,9,1553.94,9.74,1,9,1,0,0,0.83,0.067,7,89,0.006,0.024,Benign,0
2037,TCP,SSH,960,935,45,930.24,22.09,4,41,1,3,10,0.818,0.044,35,34,0.218,0.593,BruteForce,1
5863,TCP,FTP,1502,269,38,302.06,6.48,3,35,1,2,11,0.914,0.025,33,27,0.059,0.448,BruteForce,1
4788,TCP,HTTPS,206,45953,9,9640.36,1.88,1,8,1,0,0,0.583,0.247,23,19,0.016,0.066,Botnet_C2,1
424,TCP,HTTP,783,6400,17,16937.04,40.08,1,17,1,0,0,0.903,0.134,46,63,0.029,0.015,Benign,0
4547,TCP,HTTPS,441,19376,23,4358.16,5.06,1,22,1,0,0,0.458,0.218,37,26,0.118,0.061,Botnet_C2,1
3961,TCP,HTTP,1190,542,20,437.25,5.05,1,20,1,0,0,0.907,0.071,11,40,0.034,0.019,Benign,0
5324,TCP,HTTPS,403,15104,19,2912.6,3.57,1,18,1,0,0,0.598,0.46,33,17,0.05,0.041,Botnet_C2,1
3596,TCP,HTTPS,701,5097,56,1612.3,15.57,1,56,1,0,0,0.755,0.004,17,78,0.042,0.016,Benign,0
3104,UDP,HTTP,563,11461,20,3873.59,6.44,1,20,2,0,0,0.926,0.144,30,32,0.046,0.037,Benign,0
926,TCP,SSH,1529,3212,97,5119.32,104.74,1,97,1,0,0,0.846,0.1,31,89,0.041,0.024,Benign,0
154,TCP,HTTP,6204,68,662,40700.84,4295.91,524,21,0,154,0,0.894,0.028,239,163,0.773,0.003,DoS_DDoS,1
2393,TCP,DNS,136,7326,12,3118.13,5.01,1,12,1,1,0,0.762,0.105,4,11,0.043,0.005,Benign,0
1468,UDP,HTTP,1414,21834,45,15835.43,30.65,1,45,1,0,0,0.787,0.069,27,38,0.033,0.002,Benign,0
20,TCP,OTHER,55,0,3,2736.32,149.25,3,0,0,0,0,0.037,0.884,237,11,0.663,0.361,PortScan,1
180,TCP,HTTPS,11622,364,431,66551.92,2393.11,387,8,0,127,0,0.954,0.016,199,167,0.906,0.139,DoS_DDoS,1
746,TCP,DNS,1740,104483,18,142371.0,24.13,2,18,2,0,0,0.999,0.127,49,62,0.045,0.022,Benign,0
36,TCP,OTHER,57,0,2,1578.95,55.4,2,0,0,0,0,0.003,0.84,214,5,0.933,0.315,PortScan,1
321,ICMP,HTTPS,11524,830,25,38474.0,77.86,2,25,1,0,0,0.998,0.105,47,89,0.014,0.012,Benign,0
482,TCP,HTTPS,179,1268,17,3001.45,35.26,1,17,1,0,0,0.9,0.037,39,71,0.031,0.032,Benign,0
174,TCP,HTTP,15313,64,1047,88322.8,6013.79,846,82,0,220,0,0.977,0.049,231,230,0.877,0.16,DoS_DDoS,1
1754,UDP,HTTPS,553,5713,16,3572.2,9.12,1,16,1,0,0,0.904,0.12,28,85,0.025,0.025,Benign,0
244,UDP,HTTPS,11898,15077,34,110507.99,139.29,2,34,1,0,0,0.944,0.051,32,68,0.012,0.027,Benign,0
229,TCP,SSH,899,3756,20,20318.64,87.3,1,20,1,0,0,0.791,0.006,34,35,0.044,0.021,Benign,0
515,TCP,FTP,1655,594,18,4366.14,34.94,3,15,1,1,7,0.9,0.079,28,29,0.221,0.319,BruteForce,1
3346,TCP,HTTP,1201,338,45,459.94,13.45,1,45,1,0,0,0.77,0.091,15,59,0.038,0.018,Benign,0
28,TCP,OTHER,111,24,3,4804.27,106.76,3,0,0,1,0,0.071,0.869,238,7,0.718,0.352,PortScan,1
49,TCP,HTTP,5082,40,1965,104317.72,40020.37,1487,12,0,566,0,0.973,0.067,226,235,0.887,0.074,DoS_DDoS,1
244,TCP,HTTPS,4737,19224,70,98160.59,286.77,1,70,1,0,0,0.757,0.115,43,59,0.022,0.022,Benign,0
129,UDP,HTTPS,1144,13794,9,115708.75,69.71,1,9,1,0,0,0.852,0.137,30,41,0.003,0.023,Benign,0
189,TCP,HTTPS,14920,6,1254,78931.78,6631.41,1135,20,0,288,0,0.948,0.066,203,246,0.791,0.064,DoS_DDoS,1
101,TCP,HTTP,14079,37,1566,139624.13,15489.61,1260,24,0,319,0,0.995,0.07,218,192,0.916,0.115,DoS_DDoS,1
2292,TCP,HTTPS,1599,32456,33,14857.55,14.4,2,33,1,0,0,0.939,0.131,45,60,0.043,0.026,Benign,0
442,TCP,HTTPS,7148,1369,40,19264.87,90.48,1,40,1,0,0,0.775,0.114,29,80,0.049,0.035,Benign,0
5121,TCP,IRC,296,2686,21,582.3,4.1,1,20,1,0,0,0.527,0.399,16,22,0.007,0.051,Botnet_C2,1
11,UDP,HTTPS,36586,163,2984,3310720.72,268828.83,2114,190,0,525,0,0.9,0.019,203,213,0.852,0.146,DoS_DDoS,1
192,TCP,HTTP,10542,62,987,55200.42,5137.95,883,36,0,366,0,0.895,0.023,226,156,0.737,0.119,DoS_DDoS,1
4910,TCP,DNS,304,4671,21,1013.22,4.28,1,20,1,0,0,0.753,0.156,25,18,0.006,0.013,Botnet_C2,1
206,TCP,SMTP,1470,69722,39,345424.55,189.23,1,39,1,0,0,0.831,0.118,42,42,0.029,0.015,Benign,0
31,TCP,OTHER,83,0,3,2668.81,96.46,3,0,0,0,0,0.028,0.866,214,1,0.811,0.705,PortScan,1
231,UDP,DNS,33175,113,2466,144041.54,10670.71,2154,152,0,503,0,0.958,0.075,181,178,0.96,0.047,DoS_DDoS,1
524,TCP,DNS,4722,116,313,9231.06,597.21,264,29,0,107,0,0.932,0.075,250,254,0.846,0.055,DoS_DDoS,1
1513,UDP,HTTP,4814,4397,49,6087.5,32.38,2,49,1,0,0,0.799,0.052,6,89,0.049,0.034,Benign,0
1685,TCP,SMTP,570,8618,43,5452.5,25.52,2,43,1,0,0,0.969,0.03,28,80,0.039,0.033,Benign,0
5134,TCP,DNS,1521,11205,13,2478.72,2.53,1,13,1,0,0,0.948,0.07,40,53,0.05,0.016,Benign,0
79,TCP,HTTPS,20236,105,428,257155.5,5410.87,336,13,0,102,0,0.892,0.066,213,251,0.926,0.149,DoS_DDoS,1
2854,TCP,HTTP,1893,267,16,756.81,5.61,1,16,1,0,0,0.814,0.034,40,76,0.037,0.022,Benign,0
40,TCP,OTHER,71,0,2,1770.57,49.88,2,0,0,0,0,0.19,0.84,224,1,0.786,0.504,PortScan,1
267,TCP,HTTP,1968,1281,33,12163.98,123.55,1,33,1,0,0,0.927,0.107,4,85,0.036,0.037,Benign,0
562,UDP,DNS,41245,23,1691,73417.54,3008.36,1251,30,0,504,0,0.907,0.033,231,240,0.706,0.186,DoS_DDoS,1
33,UDP,HTTP,7015,42,666,213202.42,20120.85,483,19,0,151,0,0.991,0.043,252,188,0.908,0.117,DoS_DDoS,1
993,TCP,HTTPS,1186,16127,23,17433.29,23.16,1,23,1,0,0,0.965,0.08,31,68,0.047,0.019,Benign,0
3282,TCP,SSH,498,355,54,259.89,16.45,3,51,1,1,8,0.958,0.047,78,15,0.009,0.587,BruteForce,1
738,TCP,HTTPS,795,78950,18,108040.92,24.39,2,18,1,0,0,0.874,0.082,26,44,0.049,0.038,Benign,0
39,TCP,FTP,49,0,3,1253.2,76.73,3,0,0,0,0,0.135,0.935,248,2,0.611,0.628,PortScan,1
801,TCP,DNS,3565,32936,7,45563.6,8.74,1,7,1,0,0,0.816,0.137,20,21,0.047,0.036,Benign,0
1367,UDP,HTTPS,2602,1461,28,2971.98,20.48,1,28,1,0,0,0.775,0.126,44,47,0.015,0.02,Benign,0
26,TCP,HTTP,19680,141,1196,759425.29,45823.75,1047,52,0,474,0,0.901,0.008,221,215,0.731,0.113,DoS_DDoS,1
612,UDP,HTTPS,1249,1625,31,4695.31,50.65,1,31,1,0,0,0.84,0.039,27,89,0.027,0.012,Benign,0
1147,TCP,HTTPS,848,57275,12,50669.51,10.46,1,12,1,0,0,0.962,0.124,33,95,0.029,0.029,Benign,0
34,TCP,SSH,62,0,3,1818.18,87.98,3,0,0,0,0,0.125,0.991,240,12,0.553,0.751,PortScan,1
11,UDP,HTTP,12583,13,768,1134774.77,69189.19,639,55,0,111,0,0.872,0.028,249,187,0.904,0.078,DoS_DDoS,1
395,TCP,HTTPS,483,44070,36,112763.86,91.12,1,36,1,0,0,0.917,0.089,16,80,0.034,0.025,Benign,0
2351,TCP,DNS,1394,14365,23,6702.82,9.78,1,23,1,0,0,0.764,0.064,5,59,0.034,0.026,Benign,0
71,TCP,DNS,532,6168,13,94233.47,182.84,2,13,1,0,0,0.836,0.054,6,51,0.021,0.027,Benign,0
4907,UDP,HTTPS,564,1522,10,425.1,2.04,1,9,1,0,0,0.652,0.335,16,8,0.117,0.071,Botnet_C2,1
133,UDP,HTTPS,2927,1570,26,33786.63,195.34,1,26,1,0,0,0.998,0.033,48,59,0.007,0.024,Benign,0
4236,TCP,HTTPS,472,17269,18,4188.05,4.25,1,17,1,0,0,0.495,0.321,16,16,0.011,0.008,Botnet_C2,1
751,UDP,HTTP,3060,10476,10,18021.57,13.31,1,10,1,0,0,0.817,0.091,48,72,0.011,0.016,Benign,0
3078,TCP,SSH,1051,360,22,458.4,7.15,3,19,1,2,4,0.933,0.043,27,23,0.167,0.541,BruteForce,1
688,UDP,HTTP,3678,6111,14,14226.13,20.35,1,14,1,0,0,0.933,0.101,32,64,0.001,0.003,Benign,0
397,TCP,HTTPS,11162,15726,71,67710.9,178.8,1,71,1,0,0,0.936,0.059,19,65,0.013,0.038,Benign,0
5887,TCP,SSH,737,206,37,160.18,6.28,4,33,1,3,7,0.835,0.029,36,10,0.215,0.267,BruteForce,1
849,TCP,DNS,24958,709,13,30228.48,15.31,1,13,1,0,0,0.956,0.121,22,51,0.026,0.006,Benign,0
4765,UDP,DNS,701,38565,27,8240.33,5.67,2,27,1,0,0,0.951,0.024,45,79,0.017,0.007,Benign,0
1968,TCP,FTP,1465,707,58,1103.6,29.47,2,56,1,1,11,0.83,0.077,28,37,0.093,0.308,BruteForce,1
304,UDP,HTTPS,5143,16,272,16964.81,894.44,204,14,0,107,0,0.989,0.036,202,182,0.801,0.01,DoS_DDoS,1
3455,TCP,HTTPS,588,75,14,191.89,4.05,2,14,2,0,0,0.78,0.004,21,66,0.037,0.028,Benign,0
144,UDP,HTTP,11124,17,1790,77314.37,12421.93,1462,56,0,394,0,0.887,0.071,221,178,0.788,0.126,DoS_DDoS,1
872,TCP,HTTPS,5093,2674,64,8906.09,73.39,1,64,1,0,0,0.958,0.041,44,85,0.011,0.019,Benign,0
763,TCP,HTTPS,61,6455,19,8538.85,24.9,1,19,1,0,0,0.971,0.114,26,74,0.019,0.029,Benign,0
92,UDP,HTTPS,30916,432,432,340369.16,4690.55,403,14,0,144,0,0.911,0.008,210,220,0.82,0.169,DoS_DDoS,1
53,TCP,HTTPS,3292,19387,9,427099.81,169.49,1,9,1,0,0,0.892,0.048,3,26,0.016,0.032,Benign,0
1474,ICMP,SMTP,1327,1312,47,1790.24,31.88,1,47,1,0,0,0.946,0.143,25,61,0.043,0.019,Benign,0
3471,UDP,SSH,1588,2289,19,1116.94,5.47,1,19,1,0,0,0.878,0.119,37,88,0.041,0.007,Benign,0
516,TCP,DNS,1039,11519,19,24332.49,36.81,1,19,2,0,0,0.811,0.034,28,51,0.04,0.034,Benign,0
7590,TCP,SSH,1235,1204,19,321.34,2.5,3,16,1,3,6,0.879,0.053,16,31,0.245,0.266,BruteForce,1
2487,TCP,HTTPS,1142,6580,14,3104.82,5.63,1,14,1,0,0,0.944,0.035,46,53,0.011,0.038,Benign,0
38,TCP,OTHER,51,0,2,1338.58,52.49,2,0,0,0,0,0.17,0.794,238,8,0.881,0.411,PortScan,1
1622,ICMP,HTTPS,3915,1009,18,3035.57,11.1,1,18,1,0,0,0.901,0.031,5,83,0.026,0.017,Benign,0
238,TCP,HTTPS,42861,7242,31,210428.39,130.2,2,31,1,0,0,0.982,0.014,5,20,0.033,0.036,Benign,0
33,TCP,OTHER,63,0,1,1903.32,30.21,1,0,0,0,0,0.024,0.734,216,6,0.757,0.746,PortScan,1
34,TCP,SSH,78,0,2,2287.39,58.65,2,0,0,0,0,0.156,0.85,231,11,0.506,0.548,PortScan,1
3818,TCP,SSH,2768,1594,9,1142.45,2.36,2,9,2,0,0,0.83,0.079,22,52,0.014,0.029,Benign,0
4201,TCP,SMTP,3339,91,33,816.45,7.86,1,33,1,0,0,0.998,0.112,39,83,0.045,0.037,Benign,0
119,UDP,HTTP,30280,11,96,254332.49,806.05,77,1,0,20,0,0.927,0.023,252,220,0.824,0.076,DoS_DDoS,1
5,UDP,HTTP,17137,56,965,3371176.47,189215.69,784,36,0,365,0,0.857,0.026,204,211,0.855,0.075,DoS_DDoS,1
1392,TCP,SSH,517,610,41,809.57,29.45,5,36,1,2,5,0.868,0.035,47,36,0.125,0.313,BruteForce,1
888,UDP,HTTP,45840,17,819,51634.95,922.19,744,20,0,128,0,0.87,0.044,208,251,0.936,0.116,DoS_DDoS,1
2593,TCP,HTTP,425,85706,23,33215.46,8.87,2,23,1,0,0,0.794,0.024,38,54,0.044,0.036,Benign,0
881,TCP,HTTP,1490,621,25,2395.87,28.37,1,25,1,1,0,0.757,0.008,11,61,0.04,0.027,Benign,0
91,TCP,HTTP,7568,59,3224,83721.19,35389.68,2734,109,0,559,0,0.964,0.034,205,179,0.763,0.112,DoS_DDoS,1
64,UDP,DNS,953,25,286,15257.41,4461.78,220,2,0,40,0,0.882,0.001,180,225,0.983,0.021,DoS_DDoS,1
1182,TCP,HTTPS,1510,213302,54,181720.67,45.68,1,54,1,0,0,0.763,0.114,32,45,0.011,0.033,Benign,0
336,TCP,HTTPS,6063,2617,31,25825.65,92.23,2,31,2,0,0,0.896,0.084,3,15,0.036,0.009,Benign,0
65,TCP,HTTPS,3567,72361,13,1166328.73,199.69,1,13,1,0,0,0.863,0.036,41,97,0.028,0.005,Benign,0
1414,TCP,HTTPS,198,70239,32,49810.48,22.63,1,32,1,0,0,0.98,0.009,47,47,0.049,0.024,Benign,0
390,TCP,HTTPS,1332,4769,32,15639.58,82.03,1,32,1,0,0,0.912,0.15,3,54,0.031,0.004,Benign,0
465,TCP,HTTPS,1110,656,35,3797.03,75.25,1,35,2,0,0,0.986,0.125,9,66,0.046,0.006,Benign,0
3301,TCP,SMTP,4654,2985,7,2314.08,2.12,1,7,1,0,0,0.98,0.117,20,77,0.014,0.014,Benign,0
31,TCP,HTTP,11498,65,1181,371800.64,37974.28,941,2,0,276,0,0.949,0.024,226,170,0.884,0.132,DoS_DDoS,1
177,UDP,HTTPS,538,2022,8,14455.11,45.17,1,8,1,0,0,0.897,0.029,9,58,0.014,0.016,Benign,0
162,TCP,DNS,6060,2155,7,50678.59,43.18,1,7,1,0,0,0.967,0.013,48,54,0.042,0.007,Benign,0
6779,TCP,HTTPS,1078,37578,32,5702.23,4.72,1,32,1,0,0,0.906,0.001,28,98,0.045,0.021,Benign,0
1337,TCP,HTTPS,375,16707,164,12775.41,122.65,1,164,1,0,0,0.811,0.016,25,93,0.026,0.019,Benign,0
365,UDP,DNS,8763,11482,22,55450.56,60.26,1,22,1,1,0,0.825,0.129,23,62,0.037,0.009,Benign,0
4009,UDP,HTTPS,500,3150,25,910.43,6.24,1,25,1,0,0,0.899,0.071,1,57,0.004,0.037,Benign,0
2886,TCP,DNS,3414,7958,42,3940.27,14.55,1,42,1,0,0,0.886,0.142,29,40,0.024,0.017,Benign,0
1132,TCP,HTTPS,919,7103,77,7085.95,68.02,1,77,1,0,0,0.896,0.029,46,84,0.042,0.039,Benign,0
230,UDP,HTTPS,1141,2349,20,15167.32,86.92,1,20,1,0,0,0.934,0.136,21,79,0.03,0.028,Benign,0
265,UDP,HTTP,603,1291,12,7144.47,45.27,1,12,1,0,0,0.919,0.039,28,28,0.016,0.02,Benign,0
41,TCP,OTHER,110,0,1,2676.4,24.33,1,0,0,0,0,0.112,0.952,222,12,0.74,0.499,PortScan,1
2586,TCP,SSH,1728,12110,91,5350.91,35.19,1,91,1,0,0,0.973,0.026,15,67,0.026,0.029,Benign,0
704,TCP,DNS,10086,26,134,14361.6,190.31,110,4,0,42,0,0.905,0.034,239,163,0.893,0.019,DoS_DDoS,1
595,UDP,HTTP,2203,22078,27,40801.55,45.37,2,27,1,0,0,0.751,0.074,22,98,0.049,0.005,Benign,0
9,UDP,DNS,2183,30,1364,243186.81,149890.11,1120,102,0,343,0,0.885,0.072,231,178,0.979,0.169,DoS_DDoS,1
215,TCP,HTTPS,334,14581,29,69339.84,134.82,1,29,2,0,0,0.752,0.1,11,15,0.005,0.011,Benign,0
103,TCP,HTTPS,6853,10348,37,166838.02,358.87,1,37,1,0,0,0.998,0.027,5,50,0.014,0.039,Benign,0
588,UDP,HTTP,61170,116,238,104210.17,404.69,167,8,0,29,0,0.905,0.03,201,155,0.885,0.038,DoS_DDoS,1
307,UDP,HTTP,9558,1984,35,37583.85,113.97,1,35,1,0,0,0.83,0.023,38,69,0.004,0.036,Benign,0
731,TCP,HTTPS,1420,762,43,2984.54,58.82,1,43,2,0,0,0.894,0.142,41,80,0.02,0.038,Benign,0
199,UDP,HTTPS,32594,66,1164,164038.17,5846.31,947,61,0,355,0,0.992,0.071,223,234,0.97,0.069,DoS_DDoS,1
24,TCP,OTHER,83,0,1,3443.98,41.49,1,0,0,0,0,0.166,0.95,221,13,0.801,0.783,PortScan,1
405,UDP,HTTPS,505,3345,110,9503.83,271.54,1,110,1,0,0,0.864,0.006,20,97,0.022,0.01,Benign,0
50,TCP,DNS,36518,52,1529,729940.12,30518.96,1134,43,0,385,0,0.905,0.003,246,180,0.945,0.023,DoS_DDoS,1
2731,TCP,DNS,929,9658,15,3876.46,5.49,1,15,1,0,0,0.856,0.114,10,67,0.023,0.026,Benign,0
3237,TCP,HTTPS,754,954,41,527.63,12.67,2,41,1,0,0,0.867,0.139,45,49,0.033,0.01,Benign,0
320,TCP,HTTPS,12115,8122,26,63220.87,81.22,1,26,1,0,0,0.867,0.086,31,55,0.003,0.021,Benign,0
4006,TCP,HTTPS,1321,28143,41,7354.78,10.23,1,41,1,0,0,0.909,0.081,14,69,0.002,0.006,Benign,0
1705,TCP,HTTPS,875,19076,72,11700.78,42.23,1,72,1,0,0,0.991,0.088,29,79,0.035,0.039,Benign,0
99,TCP,HTTPS,1637,19,636,16710.39,6417.76,514,48,0,141,0,0.923,0.077,232,167,0.979,0.016,DoS_DDoS,1
848,TCP,HTTP,1449,902,26,2772.08,30.66,1,26,1,0,0,0.928,0.055,46,74,0.014,0.035,Benign,0
935,TCP,HTTPS,1065,27610,8,30665.17,8.56,2,8,1,0,0,0.816,0.134,18,76,0.021,0.016,Benign,0
508,UDP,HTTPS,402,2866,39,6431.8,76.76,1,39,1,0,0,0.828,0.116,20,41,0.039,0.007,Benign,0
488,TCP,HTTP,1671,1422,20,6336.82,40.98,1,20,1,0,0,0.926,0.086,22,26,0.013,0.04,Benign,0
135,TCP,DNS,685,2894,43,26491.49,318.28,1,43,1,0,0,0.857,0.071,6,94,0.049,0.011,Benign,0
163,TCP,HTTP,6844,2995,16,60324.95,98.1,1,16,2,0,0,0.953,0.069,48,64,0.045,0.019,Benign,0
5825,TCP,DNS,374,8683,12,1554.82,2.06,1,11,1,0,0,0.517,0.273,13,4,0.051,0.073,Botnet_C2,1
1293,TCP,HTTPS,108,31441,12,24397.96,9.28,1,12,1,0,0,0.969,0.124,44,98,0.047,0.018,Benign,0
281,TCP,HTTP,8998,45,1938,32170.05,6894.34,1492,87,0,427,0,0.857,0.069,206,196,0.703,0.197,DoS_DDoS,1
254,UDP,HTTPS,11384,224,430,45682.8,1692.25,357,29,0,73,0,0.998,0.078,181,229,0.882,0.147,DoS_DDoS,1
4433,TCP,SSH,708,976,39,379.87,8.8,2,37,1,3,7,0.812,0.047,66,10,0.217,0.41,BruteForce,1
5283,TCP,DNS,318,4595,15,929.95,2.84,1,14,1,0,0,0.738,0.386,19,15,0.08,0.015,Botnet_C2,1
274,TCP,HTTP,9385,24,538,34326.89,1962.79,457,42,0,213,0,0.99,0.004,183,210,0.824,0.175,DoS_DDoS,1
1296,TCP,FTP,1769,251,22,1558.52,16.97,5,17,1,3,9,0.892,0.016,55,39,0.026,0.486,BruteForce,1
484,TCP,HTTPS,2907,2840,7,11871.51,14.46,1,7,1,0,0,0.927,0.069,19,82,0.023,0.036,Benign,0
18,TCP,OTHER,78,56,2,7403.31,110.5,2,0,0,1,0,0.02,0.883,225,7,0.717,0.532,PortScan,1
1685,TCP,HTTPS,12087,955,45,7739.6,26.7,1,45,1,0,0,0.959,0.096,48,87,0.019,0.006,Benign,0
1491,TCP,HTTP,638,3667,36,2887.13,24.14,2,36,1,0,0,0.78,0.116,15,18,0.045,0.011,Benign,0
5097,TCP,HTTPS,553,10900,19,2246.96,3.73,1,18,1,0,0,0.712,0.325,5,18,0.009,0.0,Botnet_C2,1
17,TCP,HTTPS,2073,4928,10,409415.2,584.8,2,10,1,0,0,0.954,0.045,20,55,0.011,0.019,Benign,0
29,TCP,HTTP,9958,22,143,342955.33,4914.09,110,13,0,53,0,0.853,0.052,219,228,0.909,0.195,DoS_DDoS,1
45,TCP,HTTPS,8137,26,548,180997.78,12150.78,388,8,0,115,0,0.913,0.005,232,240,0.779,0.167,DoS_DDoS,1
1225,TCP,HTTPS,930,1558,13,2030.85,10.61,1,13,1,0,0,0.947,0.104,28,82,0.024,0.03,Benign,0
1735,TCP,HTTPS,1741,5774,5,4331.16,2.88,1,5,1,0,0,0.814,0.04,33,72,0.035,0.024,Benign,0
889,TCP,DNS,2664,3365,17,6781.01,19.12,2,17,1,0,0,0.766,0.07,8,51,0.027,0.02,Benign,0
42,UDP,HTTPS,32690,78,1532,778337.29,36389.55,1443,136,0,430,0,0.925,0.071,251,222,0.767,0.082,DoS_DDoS,1
545,TCP,HTTP,10275,10786,37,38636.95,67.88,1,37,1,0,0,0.892,0.012,4,69,0.034,0.007,Benign,0
11916,TCP,SSH,494,830,49,111.11,4.11,5,44,1,3,3,0.95,0.017,52,14,0.146,0.213,BruteForce,1
763,UDP,HTTP,382,43841,55,57951.78,72.07,1,55,1,0,0,0.893,0.064,2,83,0.038,0.021,Benign,0
1697,TCP,HTTPS,1268,1561,10,1666.96,5.89,1,10,1,0,0,0.961,0.129,3,19,0.005,0.023,Benign,0
1661,TCP,SSH,260,187850,20,113244.24,12.04,1,20,1,0,0,0.782,0.129,9,47,0.043,0.033,Benign,0
820,TCP,HTTPS,6283,849,171,8696.5,208.51,1,171,1,0,0,0.986,0.078,10,32,0.039,0.029,Benign,0
5705,TCP,OTHER,461,5282,23,1006.64,4.03,1,22,1,0,0,0.438,0.192,27,3,0.038,0.079,Botnet_C2,1
1068,TCP,HTTPS,6824,8485,25,14332.93,23.41,1,25,1,0,0,0.779,0.137,20,23,0.043,0.021,Benign,0
383,TCP,HTTP,574,453,29,2680.76,75.7,2,29,1,0,0,0.795,0.037,2,77,0.031,0.037,Benign,0
1471,TCP,DNS,10893,2197,25,8898.1,16.99,1,25,2,0,0,0.821,0.024,47,91,0.018,0.027,Benign,0
212,UDP,HTTPS,1717,2123,17,18104.67,80.15,1,17,2,0,0,0.853,0.132,6,60,0.017,0.021,Benign,0
813,TCP,HTTPS,2546,3761,28,7756.73,34.44,1,28,1,0,0,0.877,0.057,42,90,0.036,0.019,Benign,0
4844,TCP,IRC,289,74632,16,15466.44,3.3,1,15,1,0,0,0.701,0.233,11,14,0.144,0.038,Botnet_C2,1
244,TCP,DNS,11281,632,279,48803.77,1142.97,198,26,0,58,0,0.949,0.053,211,187,0.897,0.182,DoS_DDoS,1
501,UDP,HTTP,4223,3139,5,14691.68,9.98,1,5,1,0,0,0.94,0.033,34,66,0.025,0.007,Benign,0
115,UDP,DNS,1659,21616,14,202215.46,121.63,1,14,1,0,0,0.754,0.023,24,92,0.012,0.004,Benign,0
1549,TCP,HTTPS,1373,6190,27,4882.19,17.43,1,27,1,0,0,0.818,0.018,33,36,0.025,0.029,Benign,0
894,TCP,DNS,1099,54600,39,62296.16,43.62,2,39,1,0,0,0.927,0.144,18,28,0.032,0.008,Benign,0
744,TCP,HTTPS,217,40337,19,54500.74,25.53,2,19,1,0,0,0.825,0.149,49,56,0.044,0.017,Benign,0
2301,TCP,HTTPS,1208,6412,5,3311.46,2.17,1,5,1,0,0,0.797,0.113,10,56,0.007,0.007,Benign,0
5,TCP,OTHER,45,0,2,8823.53,392.16,2,0,0,0,0,0.194,0.995,213,9,0.749,0.695,PortScan,1
267,TCP,HTTPS,2627,358,8,11175.59,29.95,1,8,1,0,0,0.936,0.077,12,82,0.007,0.008,Benign,0
328,TCP,HTTP,5524,32,389,16933.86,1185.61,292,34,0,120,0,0.982,0.073,221,243,0.703,0.062,DoS_DDoS,1
331,TCP,HTTP,9836,795,42,32108.12,126.85,1,42,2,0,0,0.774,0.01,35,95,0.009,0.009,Benign,0
319,TCP,HTTPS,3224,302,840,11049.83,2632.4,767,22,0,226,0,0.882,0.056,234,213,0.867,0.128,DoS_DDoS,1
53,UDP,HTTP,1999,2807,39,90508.47,734.46,1,39,1,0,0,0.972,0.046,43,59,0.038,0.005,Benign,0
4853,UDP,IRC,443,40342,15,8403.91,3.09,1,14,1,0,0,0.633,0.272,6,20,0.1,0.07,Botnet_C2,1
4498,TCP,HTTP,1160,2078,31,719.86,6.89,1,31,1,0,0,0.831,0.107,41,45,0.028,0.007,Benign,0
1857,TCP,SSH,945,586,28,824.4,15.08,4,24,1,3,10,0.899,0.017,57,11,0.224,0.429,BruteForce,1
855,TCP,HTTP,1417,5273,85,7823.65,99.4,2,85,1,0,0,0.894,0.091,29,68,0.042,0.036,Benign,0
831,ICMP,HTTPS,634,19069,12,23707.14,14.44,2,12,1,0,0,0.766,0.096,28,35,0.012,0.038,Benign,0
297,TCP,HTTP,17858,30,1225,60208.68,4123.19,1054,84,0,356,0,0.91,0.05,226,163,0.836,0.016,DoS_DDoS,1
2118,TCP,HTTPS,738,1541,58,1075.96,27.38,1,58,1,0,0,0.919,0.04,16,79,0.034,0.015,Benign,0
18,TCP,HTTP,11275,9,643,623425.41,35524.86,501,10,0,76,0,0.994,0.069,226,199,0.746,0.157,DoS_DDoS,1
3186,UDP,HTTPS,1992,7161,6,2872.79,1.88,1,6,1,0,0,0.762,0.145,46,74,0.046,0.019,Benign,0
1263,UDP,HTTPS,1578,48980,28,40026.92,22.17,2,28,1,0,0,0.828,0.034,22,88,0.034,0.007,Benign,0
270,TCP,SMTP,4175,23603,92,102843.39,340.61,1,92,1,0,0,0.754,0.135,25,57,0.025,0.011,Benign,0
1559,TCP,HTTPS,2445,51623,83,34678.98,53.24,1,83,1,0,0,0.901,0.084,21,33,0.028,0.038,Benign,0
4867,TCP,HTTPS,344,5605,20,1222.29,4.11,1,19,1,0,0,0.496,0.464,9,20,0.06,0.08,Botnet_C2,1
440,TCP,HTTPS,3511,69258,13,165346.51,29.54,1,13,1,1,0,0.86,0.007,8,14,0.01,0.018,Benign,0
1374,TCP,HTTPS,3257,1003,17,3100.21,12.37,1,17,1,0,0,0.758,0.095,42,83,0.039,0.01,Benign,0
4829,TCP,IRC,649,5595,18,1292.99,3.73,1,17,1,0,0,0.72,0.375,13,16,0.037,0.078,Botnet_C2,1
507,TCP,HTTPS,7823,101035,17,214667.72,33.52,1,17,1,0,0,0.851,0.089,1,55,0.005,0.014,Benign,0
1233,TCP,HTTP,4071,3281,12,5962.21,9.73,1,12,1,0,0,0.874,0.134,11,25,0.013,0.029,Benign,0
2288,TCP,SMTP,610,47880,29,21192.26,12.67,1,29,1,0,0,0.875,0.108,24,44,0.038,0.001,Benign,0
156,TCP,DNS,4330,36,524,27969.25,3356.82,489,8,0,167,0,0.924,0.011,242,230,0.736,0.013,DoS_DDoS,1
759,UDP,HTTPS,798,1847,34,3484.39,44.79,1,34,1,0,0,0.906,0.09,8,98,0.004,0.019,Benign,0
142,TCP,HTTPS,19373,205,373,137776.21,2624.91,296,21,0,81,0,0.868,0.013,236,170,0.759,0.149,DoS_DDoS,1
434,UDP,HTTPS,1221,14867,53,37060.59,122.09,1,53,1,0,0,0.789,0.035,2,66,0.017,0.04,Benign,0
34,TCP,HTTPS,1225,2668,8,114164.22,234.6,2,8,1,0,0,0.817,0.047,30,96,0.03,0.026,Benign,0
1823,TCP,HTTP,1150,528,28,920.41,15.36,1,28,1,0,0,0.836,0.101,14,24,0.025,0.01,Benign,0
1367,TCP,DNS,10916,17865,40,21052.59,29.26,1,40,1,0,0,0.885,0.136,1,45,0.02,0.038,Benign,0
904,UDP,HTTPS,1139,17529,27,20648.16,29.86,1,27,1,0,0,0.846,0.119,2,83,0.022,0.023,Benign,0
1268,UDP,HTTP,5693,81091,89,68436.24,70.18,2,89,2,0,0,0.983,0.11,8,61,0.012,0.017,Benign,0
835,TCP,HTTP,2696,31582,15,41046.58,17.96,1,15,1,0,0,0.921,0.097,4,7,0.019,0.035,Benign,0
25,TCP,OTHER,103,47,1,5976.1,39.84,1,0,0,1,0,0.099,0.928,232,14,0.533,0.607,PortScan,1
4793,TCP,HTTPS,1621,2045,12,764.85,2.5,2,12,1,0,0,0.951,0.038,1,22,0.013,0.012,Benign,0
665,ICMP,HTTP,587,4912,24,8267.93,36.08,1,24,1,0,0,0.768,0.142,37,49,0.004,0.007,Benign,0
213,TCP,HTTPS,5735,9991,17,73796.34,79.77,2,17,2,0,0,0.975,0.021,39,48,0.038,0.039,Benign,0
869,UDP,HTTPS,121,2697,10,3242.43,11.51,1,10,1,1,0,0.979,0.025,10,35,0.026,0.013,Benign,0
1948,TCP,DNS,10206,68962,13,40638.57,6.67,1,13,1,0,0,0.869,0.002,23,73,0.013,0.004,Benign,0
189,TCP,HTTPS,15919,66,757,84531.99,4003.17,570,22,0,253,0,0.928,0.02,212,252,0.972,0.072,DoS_DDoS,1
367,UDP,HTTP,836,12306,12,35799.51,32.69,1,12,1,0,0,0.946,0.089,3,55,0.044,0.006,Benign,0
609,TCP,FTP,1053,348,38,2300.11,62.39,2,36,1,1,14,0.816,0.006,79,27,0.249,0.369,BruteForce,1
5260,TCP,DNS,457,7557,15,1523.55,2.85,1,14,1,0,0,0.467,0.176,39,8,0.112,0.004,Botnet_C2,1
280,TCP,HTTPS,939,1887,17,10089.25,60.69,1,17,1,0,0,0.95,0.12,47,48,0.016,0.016,Benign,0
881,TCP,SSH,3229,1054,16,4860.97,18.16,2,14,1,2,13,0.918,0.069,12,30,0.216,0.253,BruteForce,1
42,TCP,HTTPS,1090,5625,21,159501.19,498.81,1,21,1,0,0,0.984,0.08,18,29,0.007,0.009,Benign,0
3870,TCP,TELNET,708,371,56,278.8,14.47,2,54,1,3,10,0.83,0.091,27,13,0.042,0.252,BruteForce,1
826,TCP,HTTPS,4953,69842,25,90539.89,30.26,2,25,1,0,0,0.93,0.026,40,47,0.041,0.014,Benign,0
6792,TCP,HTTPS,8279,9410,27,2604.35,3.98,1,27,1,0,0,0.799,0.103,6,25,0.008,0.003,Benign,0
428,TCP,HTTPS,1159,22236,74,54648.45,172.86,1,74,1,0,0,0.858,0.014,42,63,0.004,0.023,Benign,0
66,UDP,HTTPS,9946,145,7673,152662.63,116081.69,5507,458,0,2096,0,0.981,0.028,216,162,0.906,0.112,DoS_DDoS,1
75,UDP,HTTPS,62176,36,409,828388.81,5446.07,291,32,0,92,0,0.872,0.007,233,183,0.956,0.006,DoS_DDoS,1
1973,TCP,SSH,2870,1592,6,2261.42,3.04,1,6,1,0,0,0.839,0.029,12,46,0.047,0.026,Benign,0
1974,TCP,SSH,1818,8885,15,5421.71,7.6,2,15,1,0,0,0.887,0.1,49,90,0.035,0.001,Benign,0
2676,TCP,HTTP,11772,1666,6,5021.49,2.24,1,6,1,0,0,0.988,0.023,37,44,0.05,0.019,Benign,0
1510,TCP,DNS,8051,8024,8,10644.99,5.3,2,8,1,1,0,0.863,0.021,35,87,0.05,0.028,Benign,0
36,TCP,HTTPS,752,28733,89,816759.0,2465.37,2,89,1,0,0,0.843,0.045,31,31,0.015,0.038,Benign,0
142,TCP,HTTPS,764,3554,14,30387.05,98.52,1,14,1,0,0,0.856,0.059,1,8,0.028,0.034,Benign,0
22,TCP,SSH,45,0,3,2036.2,135.75,3,0,0,0,0,0.15,0.98,249,7,0.617,0.593,PortScan,1
10094,TCP,SSH,743,1285,59,200.91,5.84,4,55,1,2,11,0.85,0.039,70,21,0.163,0.475,BruteForce,1
3817,TCP,HTTP,2763,3347,62,1600.69,16.24,1,62,1,0,0,0.919,0.064,34,76,0.045,0.026,Benign,0
5275,TCP,HTTPS,437,35771,8,6863.95,1.52,1,7,1,0,0,0.625,0.485,48,7,0.023,0.05,Botnet_C2,1
208,ICMP,HTTPS,922,1118,26,9802.98,124.94,1,26,1,0,0,0.916,0.086,25,40,0.042,0.035,Benign,0
784,TCP,DNS,2102,49440,25,65733.96,31.88,1,25,1,0,0,0.791,0.149,36,81,0.008,0.032,Benign,0
1413,TCP,HTTP,1238,1892,30,2214.99,21.23,1,30,1,0,0,0.861,0.033,4,58,0.008,0.017,Benign,0
43,UDP,HTTPS,4768,50,2295,111786.54,53248.26,1876,226,0,586,0,0.871,0.022,232,232,0.931,0.162,DoS_DDoS,1
125,TCP,HTTP,9687,93,325,78177.46,2597.92,275,11,0,101,0,0.886,0.073,228,239,0.978,0.192,DoS_DDoS,1
1820,TCP,SSH,1442,781,57,1221.36,31.32,3,54,1,3,6,0.915,0.024,18,5,0.026,0.53,BruteForce,1
295,TCP,DNS,6024,8,2208,20440.53,7482.21,1551,68,0,876,0,0.959,0.057,222,183,0.824,0.179,DoS_DDoS,1
57,TCP,HTTPS,283,26247,9,464623.47,157.62,1,9,1,0,0,0.874,0.104,45,55,0.044,0.029,Benign,0
957,TCP,DNS,2407,126809,11,135007.84,11.49,1,11,1,0,0,0.991,0.142,42,49,0.02,0.0,Benign,0
43,TCP,OTHER,72,21,3,2157.77,69.61,3,0,0,1,0,0.119,0.857,211,1,0.841,0.455,PortScan,1
46,TCP,HTTP,28156,30,641,611409.98,13904.56,487,50,0,226,0,0.957,0.051,206,168,0.858,0.023,DoS_DDoS,1
554,TCP,HTTP,7135,239,14,13308.07,25.27,1,14,1,0,0,0.824,0.065,9,29,0.006,0.012,Benign,0
486,UDP,HTTP,1694,608,46,4735.65,94.63,1,46,1,0,0,0.835,0.001,17,23,0.024,0.007,Benign,0
58,UDP,DNS,4105,114,857,72616.18,14750.43,611,67,0,123,0,0.901,0.058,182,233,0.769,0.042,DoS_DDoS,1
54,TCP,HTTPS,39494,933,62,747264.33,1146.03,1,62,1,0,0,0.789,0.027,29,83,0.047,0.015,Benign,0
388,TCP,HTTP,31459,14102,25,117395.0,64.42,1,25,1,0,0,0.783,0.009,23,96,0.02,0.014,Benign,0
1300,TCP,HTTPS,830,4205,135,3872.78,103.84,1,135,1,0,0,0.867,0.019,27,65,0.004,0.015,Benign,0
227,TCP,HTTPS,31216,246,2231,138538.09,9823.87,1870,74,0,872,0,0.857,0.053,184,152,0.892,0.128,DoS_DDoS,1
2254,TCP,DNS,2412,13316,11,6977.51,4.88,1,11,1,0,0,0.905,0.004,13,91,0.008,0.022,Benign,0
683,TCP,HTTPS,770,14757,110,22730.2,161.03,1,110,1,0,0,0.755,0.055,5,86,0.012,0.024,Benign,0
366,TCP,HTTP,1225,36134,36,102045.89,98.33,1,36,1,0,0,0.949,0.035,8,79,0.048,0.004,Benign,0
79,TCP,DNS,7455,177,171,96485.46,2161.82,160,9,0,28,0,0.942,0.071,246,242,0.801,0.114,DoS_DDoS,1
2775,TCP,HTTPS,406,36307,53,13229.43,19.1,1,53,1,0,0,0.946,0.021,5,70,0.045,0.034,Benign,0
1825,TCP,HTTPS,900,28153,16,15918.58,8.77,2,16,2,0,0,0.844,0.01,3,48,0.049,0.003,Benign,0
2835,TCP,HTTP,981,74,22,372.12,7.76,1,22,1,0,0,0.777,0.123,25,27,0.031,0.026,Benign,0
1623,TCP,DNS,2072,51769,8,33171.71,4.93,1,8,2,0,0,0.947,0.023,45,99,0.029,0.006,Benign,0
216,TCP,HTTP,7273,320,1337,35136.51,6186.95,1064,119,0,190,0,0.904,0.056,254,209,0.797,0.112,DoS_DDoS,1
764,TCP,HTTPS,377,7339,8,10098.15,10.47,1,8,1,0,0,0.782,0.055,13,93,0.022,0.029,Benign,0
211,TCP,HTTP,14496,6,1612,68697.3,7636.19,1200,79,0,174,0,0.897,0.028,231,252,0.901,0.077,DoS_DDoS,1
65,UDP,HTTPS,36369,29,46,559109.06,706.61,36,1,0,17,0,0.961,0.035,190,191,0.891,0.02,DoS_DDoS,1
498,UDP,HTTPS,3490,25290,58,57779.56,116.44,1,58,1,0,0,0.775,0.019,8,33,0.035,0.036,Benign,0
114,UDP,HTTP,28337,66,184,248930.76,1612.62,140,0,0,30,0,0.972,0.061,252,177,0.701,0.044,DoS_DDoS,1
19,TCP,OTHER,46,23,3,3612.57,157.07,3,0,0,1,0,0.163,0.955,216,1,0.805,0.567,PortScan,1
1361,UDP,HTTP,10118,43968,24,39736.98,17.63,1,24,1,0,0,0.782,0.054,20,83,0.006,0.01,Benign,0
229,TCP,HTTP,474,32275,6,142946.31,26.19,1,6,1,0,0,0.871,0.048,14,86,0.041,0.02,Benign,0
28,TCP,HTTP,62,0,3,2206.41,106.76,3,0,0,0,0,0.133,0.862,244,11,0.542,0.583,PortScan,1
171,UDP,HTTPS,7925,647,16,50099.36,93.51,2,16,1,0,0,0.784,0.054,42,43,0.015,0.031,Benign,0
1834,TCP,DNS,1255,122543,11,67497.96,6.0,1,11,2,0,0,0.931,0.049,18,22,0.026,0.03,Benign,0
21,TCP,OTHER,102,0,2,4834.12,94.79,2,0,0,0,0,0.041,0.816,224,8,0.886,0.626,PortScan,1
187,TCP,DNS,39598,195,125,212683.06,668.09,112,2,0,22,0,0.862,0.032,242,223,0.971,0.029,DoS_DDoS,1
2688,TCP,HTTPS,2352,6422,30,3264.02,11.16,1,30,1,0,0,0.821,0.009,26,82,0.046,0.03,Benign,0
1921,TCP,HTTP,901,1590,15,1296.65,7.81,1,15,2,0,0,0.803,0.018,40,55,0.03,0.035,Benign,0
2347,UDP,HTTPS,1000,4993,6,2553.36,2.56,1,6,1,0,0,0.777,0.002,18,64,0.024,0.014,Benign,0
587,TCP,HTTP,2305,31685,12,57894.74,20.44,1,12,1,0,0,0.997,0.121,15,15,0.011,0.038,Benign,0
1241,UDP,SSH,1146,34760,13,28930.79,10.47,1,13,1,0,0,0.938,0.132,13,93,0.045,0.001,Benign,0
18,TCP,FTP,105,0,3,5801.1,165.75,3,0,0,0,0,0.132,0.777,215,9,0.648,0.361,PortScan,1
29,TCP,OTHER,42,0,2,1443.3,68.73,2,0,0,0,0,0.141,0.974,223,7,0.554,0.764,PortScan,1
256,UDP,SSH,247,57363,68,224951.19,265.52,1,68,1,0,0,0.79,0.098,2,89,0.022,0.039,Benign,0
1248,TCP,DNS,2277,169,51,1959.78,40.86,1,51,2,0,0,0.832,0.013,7,85,0.028,0.028,Benign,0
1966,TCP,HTTPS,3754,19346,6,11749.15,3.05,2,6,1,0,0,0.752,0.116,9,16,0.04,0.038,Benign,0
129,UDP,HTTPS,133,1640,56,13733.54,433.77,1,56,1,0,0,0.873,0.054,38,73,0.021,0.031,Benign,0
280,UDP,HTTP,5537,83,260,20064.26,928.24,193,7,0,69,0,0.867,0.016,243,219,0.979,0.102,DoS_DDoS,1
900,TCP,HTTPS,244,4583,46,5362.74,51.11,1,46,1,0,0,0.863,0.128,14,71,0.046,0.022,Benign,0
353,TCP,DNS,221,458,14,1922.97,39.65,2,14,1,0,0,0.983,0.139,25,93,0.015,0.023,Benign,0
207,UDP,HTTP,16912,44,185,81873.49,893.29,155,5,0,34,0,0.867,0.017,191,228,0.732,0.111,DoS_DDoS,1
41,TCP,OTHER,102,0,1,2481.75,24.33,1,0,0,0,0,0.147,0.8,200,5,0.733,0.491,PortScan,1
553,TCP,DNS,1231,896,15,3845.6,27.12,1,15,1,0,0,0.918,0.107,42,80,0.017,0.021,Benign,0
274,TCP,DNS,7688,26,135,28143.01,492.52,101,10,0,13,0,0.901,0.074,198,203,0.82,0.186,DoS_DDoS,1
87,TCP,HTTP,1216,2931,45,47611.94,516.65,2,45,1,0,0,0.804,0.065,19,88,0.019,0.033,Benign,0
66,TCP,HTTPS,3015,49297,4,791406.96,60.51,1,4,1,0,0,0.759,0.092,3,28,0.025,0.024,Benign,0
5187,TCP,HTTPS,386,15199,10,3004.57,1.93,1,9,1,0,0,0.475,0.253,32,27,0.05,0.05,Botnet_C2,1
146,TCP,HTTP,9529,71,1167,65708.42,7987.68,909,41,0,147,0,0.887,0.028,200,189,0.751,0.118,DoS_DDoS,1
4304,TCP,HTTPS,4369,6471,22,2518.53,5.11,1,22,1,0,0,0.815,0.077,3,36,0.008,0.011,Benign,0
1957,TCP,DNS,2515,1566,45,2085.23,22.99,1,45,1,0,0,0.961,0.135,8,56,0.043,0.015,Benign,0
5058,TCP,HTTPS,523,13411,23,2754.79,4.55,1,22,1,0,0,0.576,0.3,39,29,0.111,0.029,Botnet_C2,1
39,TCP,OTHER,44,0,1,1125.32,25.58,1,0,0,0,0,0.145,0.701,211,12,0.878,0.516,PortScan,1
1279,TCP,HTTPS,1084,652,23,1357.2,17.98,2,23,1,0,0,0.918,0.073,40,96,0.019,0.004,Benign,0
4000,TCP,HTTP,3866,7268,31,2783.43,7.75,1,31,1,0,0,0.789,0.059,45,57,0.006,0.017,Benign,0
84,TCP,HTTP,15936,231,1301,192235.43,15469.68,1033,63,0,346,0,0.858,0.042,184,207,0.862,0.024,DoS_DDoS,1
4724,TCP,IRC,328,4924,22,1111.75,4.66,1,21,1,0,0,0.661,0.332,21,2,0.113,0.04,Botnet_C2,1
365,TCP,HTTPS,1461,3791,15,14385.1,41.08,1,15,1,0,0,0.987,0.015,13,13,0.001,0.025,Benign,0
172,TCP,HTTP,7801,13,2063,45403.83,11987.22,1657,159,0,303,0,0.911,0.012,193,195,0.858,0.033,DoS_DDoS,1
1112,TCP,HTTP,4031,941,21,4470.82,18.88,1,21,1,0,0,0.766,0.002,16,29,0.01,0.035,Benign,0
5914,UDP,HTTPS,4429,2856,8,1231.8,1.35,1,8,1,0,0,0.835,0.03,47,55,0.012,0.038,Benign,0
13,TCP,FTP,113,0,3,8625.95,229.01,3,0,0,0,0,0.111,0.978,239,10,0.738,0.639,PortScan,1
3897,TCP,TELNET,1162,942,18,539.89,4.62,5,13,1,1,8,0.858,0.075,62,13,0.245,0.273,BruteForce,1
91,TCP,HTTP,12185,21,1062,133984.63,11657.52,818,21,0,381,0,0.947,0.037,223,200,0.921,0.186,DoS_DDoS,1
96,TCP,HTTPS,59165,49,328,616170.66,3413.11,238,8,0,106,0,0.877,0.053,241,178,0.774,0.052,DoS_DDoS,1
159,TCP,HTTP,1036,1041,22,13054.68,138.28,1,22,2,0,0,0.859,0.067,2,61,0.033,0.02,Benign,0
196,UDP,HTTP,2622,134885,20,701208.57,101.99,1,20,1,0,0,0.982,0.036,3,6,0.018,0.036,Benign,0
6463,TCP,SSH,477,414,41,137.86,6.34,2,39,1,3,4,0.881,0.05,41,30,0.012,0.439,BruteForce,1
3029,TCP,HTTPS,824,1946,36,914.46,11.88,1,36,1,0,0,0.954,0.016,47,55,0.021,0.019,Benign,0
5556,TCP,HTTP,2120,23481,14,4607.73,2.52,2,14,1,0,0,0.867,0.145,49,75,0.049,0.01,Benign,0
761,UDP,HTTPS,5310,16689,30,28904.22,39.42,1,30,1,1,0,0.761,0.067,47,64,0.0,0.024,Benign,0
1102,TCP,HTTP,1492,5063,40,5947.74,36.29,1,40,1,0,0,0.805,0.071,6,76,0.014,0.034,Benign,0
10,UDP,DNS,9184,75,68,916732.67,6732.67,53,0,0,16,0,0.996,0.006,231,182,0.922,0.023,DoS_DDoS,1
63,TCP,HTTP,7970,37,588,126893.82,9318.54,426,5,0,113,0,0.921,0.012,248,162,0.984,0.015,DoS_DDoS,1
204,UDP,HTTP,1221,106,327,6501.71,1602.16,302,22,0,92,0,0.928,0.017,203,204,0.704,0.073,DoS_DDoS,1
900,TCP,HTTPS,2332,543,78,3194.09,86.66,1,78,2,0,0,0.908,0.033,3,71,0.017,0.014,Benign,0
12,TCP,OTHER,70,0,1,5785.12,82.64,1,0,0,0,0,0.185,0.865,204,4,0.947,0.742,PortScan,1
72,TCP,DNS,344,10324,15,147961.17,208.04,1,15,1,0,0,0.848,0.0,4,57,0.043,0.039,Benign,0
2161,UDP,HTTP,663,1772,25,1126.74,11.57,1,25,1,0,0,0.889,0.018,17,58,0.023,0.022,Benign,0
3863,UDP,HTTP,3002,3826,20,1767.49,5.18,1,20,1,0,0,0.781,0.034,26,37,0.048,0.011,Benign,0
37,TCP,OTHER,58,0,1,1563.34,26.95,1,0,0,0,0,0.006,0.725,211,3,0.506,0.71,PortScan,1
21,TCP,SSH,44,0,3,2085.31,142.18,3,0,0,0,0,0.099,0.943,237,8,0.614,0.487,PortScan,1
105,TCP,HTTPS,6483,40,286,62064.7,2721.22,226,3,0,86,0,0.966,0.019,183,191,0.797,0.108,DoS_DDoS,1
28,TCP,OTHER,60,0,2,2135.23,71.17,2,0,0,0,0,0.043,0.86,230,4,0.566,0.496,PortScan,1
5317,UDP,IRC,251,7146,14,1391.17,2.63,1,13,1,0,0,0.565,0.237,16,27,0.039,0.026,Botnet_C2,1
739,TCP,HTTPS,1546,2021,24,4826.14,32.47,1,24,1,0,0,0.979,0.112,11,24,0.003,0.0,Benign,0
694,TCP,HTTPS,672,9461,117,14598.76,168.56,1,117,1,0,0,0.835,0.047,26,71,0.017,0.016,Benign,0
458,TCP,DNS,1463,6137,17,16590.26,37.11,1,17,2,0,0,0.765,0.081,46,80,0.002,0.019,Benign,0
50,TCP,HTTP,18432,39,378,368682.63,7544.91,308,26,0,120,0,0.946,0.062,217,188,0.851,0.105,DoS_DDoS,1
1193,TCP,DNS,3021,5285,18,6961.7,15.09,1,18,1,1,0,0.974,0.044,19,41,0.039,0.037,Benign,0
5176,TCP,FTP,694,518,56,234.15,10.82,4,52,1,2,13,0.968,0.075,40,25,0.017,0.568,BruteForce,1
31,TCP,HTTPS,3058,29911,15,1060096.46,482.32,1,15,1,0,0,0.823,0.072,35,72,0.047,0.002,Benign,0
1248,TCP,HTTP,828,32039,15,26333.63,12.02,1,15,1,0,0,0.83,0.094,4,58,0.042,0.01,Benign,0
1683,UDP,HTTPS,298,13442,40,8163.51,23.77,1,40,1,0,0,0.852,0.047,7,80,0.022,0.004,Benign,0
95,TCP,HTTPS,292,4299,32,48275.5,336.49,1,32,1,0,0,0.94,0.108,9,99,0.025,0.006,Benign,0
923,TCP,SSH,3234,1380,14,4998.38,15.17,2,14,2,0,0,0.996,0.021,1,8,0.045,0.026,Benign,0
1048,UDP,HTTP,700,453,67,1100.09,63.93,2,67,1,0,0,0.816,0.05,5,9,0.028,0.027,Benign,0
1211,UDP,HTTPS,439,5993,119,5310.87,98.26,2,119,1,1,0,0.886,0.036,13,61,0.043,0.033,Benign,0
1343,TCP,SSH,13481,11605,19,18677.69,14.15,1,19,1,0,0,0.913,0.126,16,78,0.016,0.006,Benign,0
126,TCP,HTTPS,313,324,91,5051.55,721.65,2,91,1,0,0,0.755,0.022,44,74,0.029,0.037,Benign,0
78,UDP,HTTPS,9827,559,919,132983.35,11766.97,748,73,0,145,0,0.906,0.006,197,198,0.993,0.115,DoS_DDoS,1
1012,TCP,DNS,2229,16126,31,18135.56,30.63,1,31,1,0,0,0.806,0.051,20,91,0.016,0.013,Benign,0
5086,UDP,IRC,554,1688,15,440.81,2.95,1,14,1,0,0,0.717,0.187,40,6,0.131,0.071,Botnet_C2,1
776,ICMP,SMTP,2287,678,31,3820.38,39.94,1,31,1,0,0,1.0,0.103,23,99,0.014,0.0,Benign,0
22,UDP,HTTP,18728,84,130,851221.72,5882.35,121,3,0,25,0,0.981,0.05,183,234,0.894,0.007,DoS_DDoS,1
13,TCP,SSH,88,58,3,11145.04,229.01,3,0,0,1,0,0.116,0.748,227,11,0.841,0.517,PortScan,1
94,TCP,DNS,11784,67,3543,125940.49,37651.43,3246,119,0,1033,0,0.862,0.006,224,169,0.946,0.072,DoS_DDoS,1
262,TCP,HTTPS,861,17464,11,69916.06,41.97,1,11,1,0,0,0.954,0.123,32,42,0.005,0.033,Benign,0
1715,TCP,SSH,2771,733,12,2043.03,7.0,1,12,1,0,0,0.871,0.006,32,92,0.006,0.037,Benign,0
5185,TCP,IRC,510,1382,14,364.89,2.7,1,13,1,0,0,0.426,0.323,27,14,0.063,0.091,Botnet_C2,1
500,TCP,HTTPS,2645,72001,10,149262.15,20.0,1,10,1,0,0,0.857,0.011,35,62,0.026,0.003,Benign,0
2344,UDP,HTTP,957,856,10,773.43,4.27,2,10,1,0,0,0.824,0.121,22,99,0.003,0.001,Benign,0
1063,TCP,DNS,1510,2099,26,3394.79,24.46,1,26,1,0,0,0.783,0.001,7,26,0.009,0.01,Benign,0
4113,TCP,FTP,1444,1171,57,635.77,13.86,2,55,1,2,13,0.937,0.006,28,37,0.048,0.396,BruteForce,1
17,TCP,HTTP,103,0,1,6023.39,58.48,1,0,0,0,0,0.124,0.846,212,12,0.816,0.762,PortScan,1
831,TCP,HTTPS,2707,4283,42,8410.54,50.54,1,42,2,0,0,0.834,0.041,31,93,0.001,0.026,Benign,0
12,TCP,HTTP,12837,26,431,1063057.85,35619.83,335,9,0,112,0,0.922,0.037,187,180,0.882,0.175,DoS_DDoS,1
604,TCP,SSH,8601,73863,32,136507.2,52.97,1,32,1,0,0,0.913,0.088,8,32,0.015,0.03,Benign,0
344,TCP,HTTPS,4243,9570,17,40142.4,49.4,1,17,1,0,0,0.974,0.002,7,39,0.01,0.001,Benign,0
859,UDP,DNS,2274,5269,8,8780.12,9.31,1,8,1,0,0,0.777,0.114,10,72,0.02,0.007,Benign,0
2279,TCP,HTTPS,434,9534,25,4373.66,10.97,1,25,1,0,0,0.815,0.147,8,73,0.015,0.034,Benign,0
963,TCP,HTTPS,1437,21602,19,23921.71,19.73,1,19,1,0,0,0.872,0.029,20,68,0.033,0.021,Benign,0
3128,UDP,HTTPS,1201,63353,138,20636.81,44.12,1,138,1,0,0,0.856,0.017,38,74,0.006,0.029,Benign,0
159,TCP,HTTPS,60675,9,295,381420.49,1854.18,246,10,0,67,0,0.866,0.068,198,237,0.725,0.158,DoS_DDoS,1
728,TCP,HTTP,5321,17763,16,31704.44,21.98,1,16,1,0,0,0.954,0.103,13,81,0.04,0.017,Benign,0
12,TCP,SSH,85,0,2,7024.79,165.29,2,0,0,0,0,0.111,0.835,246,4,0.715,0.583,PortScan,1
2,TCP,OTHER,118,0,1,56190.48,476.19,1,0,0,0,0,0.047,0.741,251,7,0.864,0.545,PortScan,1
114,TCP,HTTPS,1207,6114,12,64163.01,105.17,2,12,1,0,0,0.837,0.003,4,91,0.044,0.004,Benign,0
10787,TCP,SSH,1202,1196,36,222.3,3.34,2,34,1,2,7,0.883,0.001,50,29,0.051,0.599,BruteForce,1
41,TCP,SSH,70,0,2,1703.16,48.66,2,0,0,0,0,0.055,0.747,211,9,0.627,0.774,PortScan,1
789,TCP,HTTP,466,2586,5,3867.7,6.34,2,5,2,0,0,0.948,0.036,26,29,0.002,0.001,Benign,0
1757,TCP,HTTPS,227,1541,16,1006.2,9.11,1,16,1,0,0,0.89,0.147,34,86,0.035,0.002,Benign,0
34,TCP,HTTP,9755,79,698,288387.1,20469.21,627,60,0,218,0,0.865,0.0,237,228,0.853,0.104,DoS_DDoS,1
192,TCP,HTTP,5769,255,140,31358.67,728.79,123,11,0,20,0,0.879,0.027,228,192,0.926,0.159,DoS_DDoS,1
184,UDP,HTTPS,869,11959,81,69679.52,439.98,1,81,1,0,0,0.877,0.077,19,61,0.038,0.037,Benign,0
977,UDP,DNS,582,24735,12,25910.35,12.28,2,12,1,0,0,0.875,0.116,10,89,0.011,0.006,Benign,0
15,TCP,HTTPS,8934,66305,31,4982715.23,2052.98,2,31,1,0,0,0.877,0.105,27,96,0.028,0.024,Benign,0
1671,TCP,DNS,11048,96767,216,64517.38,129.26,1,216,1,0,0,0.964,0.076,41,68,0.017,0.026,Benign,0
5190,TCP,IRC,416,13922,17,2762.57,3.28,1,16,1,0,0,0.806,0.256,9,20,0.113,0.043,Botnet_C2,1
1186,TCP,SMTP,12571,131,22,10709.05,18.55,1,22,1,0,0,0.866,0.041,31,91,0.028,0.034,Benign,0
326,TCP,HTTP,290,2406,31,8267.4,95.06,1,31,1,0,0,0.931,0.08,7,30,0.031,0.017,Benign,0
66,TCP,HTTP,5891,276,1269,93298.03,19198.18,1118,13,0,222,0,0.881,0.016,211,166,0.738,0.174,DoS_DDoS,1
37,TCP,SSH,107,0,3,2884.1,80.86,3,0,0,0,0,0.129,0.753,251,2,0.539,0.794,PortScan,1
120,UDP,DNS,520,410,19,7743.55,158.2,1,19,1,0,0,0.923,0.064,11,85,0.006,0.003,Benign,0
314,TCP,HTTPS,10374,178,414,33594.4,1318.05,353,25,0,46,0,0.985,0.062,202,184,0.939,0.018,DoS_DDoS,1
28,TCP,OTHER,80,0,2,2846.98,71.17,2,0,0,0,0,0.199,0.826,213,11,0.501,0.363,PortScan,1
679,TCP,DNS,688,6520,13,10614.05,19.14,2,13,1,0,0,0.806,0.14,24,27,0.033,0.028,Benign,0
367,TCP,HTTPS,17173,39,129,46886.41,351.4,119,0,0,23,0,0.983,0.038,204,253,0.744,0.043,DoS_DDoS,1
395,TCP,HTTPS,154,34129,65,86770.44,164.52,1,65,1,0,0,0.938,0.138,18,24,0.011,0.022,Benign,0
48,TCP,HTTPS,1454,11184,10,262744.28,207.9,1,10,1,0,0,0.964,0.044,12,21,0.023,0.017,Benign,0
5215,UDP,IRC,531,9306,17,1886.25,3.26,1,16,1,0,0,0.557,0.335,25,16,0.033,0.001,Botnet_C2,1
4151,UDP,SMTP,18308,4212,19,5425.07,4.58,1,19,1,0,0,0.936,0.038,5,28,0.023,0.008,Benign,0
1934,UDP,HTTPS,3326,3190,13,3369.01,6.72,1,13,1,0,0,0.85,0.149,21,44,0.046,0.021,Benign,0
56,UDP,HTTP,19642,42,559,350873.44,9964.35,458,37,0,165,0,0.986,0.067,236,218,0.846,0.081,DoS_DDoS,1
1560,TCP,HTTPS,3860,4028,21,5056.09,13.46,2,21,1,0,0,0.769,0.022,4,20,0.045,0.021,Benign,0
1577,UDP,HTTPS,481,2697,8,2015.09,5.07,2,8,1,0,0,0.817,0.03,17,97,0.006,0.02,Benign,0
475,TCP,SSH,959,48470,26,104039.15,54.73,1,26,2,0,0,0.827,0.133,40,60,0.004,0.036,Benign,0
148,UDP,HTTPS,32248,101,205,218426.74,1384.2,183,8,0,31,0,0.862,0.04,190,203,0.826,0.114,DoS_DDoS,1
527,TCP,SSH,1165,1432,7,4926.96,13.28,1,7,1,0,0,0.906,0.124,42,64,0.003,0.004,Benign,0
762,TCP,SSH,1379,1615,56,3928.62,73.48,4,52,1,1,11,0.809,0.006,64,19,0.115,0.369,BruteForce,1
334,ICMP,HTTP,13371,17,218,40071.83,652.5,159,21,0,85,0,0.98,0.007,209,186,0.89,0.026,DoS_DDoS,1
8,TCP,OTHER,61,0,1,7530.86,123.46,1,0,0,0,0,0.056,0.706,216,6,0.932,0.499,PortScan,1
218,TCP,SSH,4848,59450,14,294809.72,64.19,2,14,1,0,0,0.812,0.111,4,76,0.02,0.015,Benign,0
18,TCP,OTHER,98,33,3,7237.57,165.75,3,0,0,1,0,0.1,0.701,230,13,0.875,0.784,PortScan,1
130,TCP,HTTPS,6235,13,511,48024.6,3927.75,470,26,0,166,0,0.876,0.045,228,246,0.796,0.098,DoS_DDoS,1
4135,UDP,DNS,5619,4671,39,2488.45,9.43,1,39,1,0,0,0.947,0.023,20,20,0.013,0.033,Benign,0
21,TCP,OTHER,60,0,2,2843.6,94.79,2,0,0,0,0,0.036,0.775,209,9,0.622,0.398,PortScan,1
18,TCP,OTHER,84,0,1,4640.88,55.25,1,0,0,0,0,0.1,0.927,220,4,0.634,0.599,PortScan,1
138,TCP,HTTPS,1067,1609,31,19377.26,224.48,1,31,1,0,0,0.769,0.113,43,43,0.042,0.027,Benign,0
42,TCP,OTHER,104,0,2,2470.31,47.51,2,0,0,0,0,0.194,0.813,217,9,0.692,0.628,PortScan,1
95,UDP,HTTP,2344,102,1406,25720.29,14784.44,1132,140,0,168,0,0.899,0.003,231,181,0.755,0.041,DoS_DDoS,1
828,TCP,DNS,758,2921,39,4442.7,47.1,1,39,1,0,0,0.962,0.066,26,51,0.008,0.031,Benign,0
333,UDP,HTTP,864,8097,8,26901.83,24.02,2,8,1,0,0,0.924,0.021,39,83,0.027,0.008,Benign,0
113,UDP,HTTP,1268,1849,24,27559.68,212.2,1,24,1,0,0,0.872,0.145,30,96,0.026,0.016,Benign,0
134,TCP,HTTPS,535,8171,18,64921.7,134.23,1,18,1,0,0,0.995,0.131,28,49,0.013,0.03,Benign,0
637,TCP,HTTPS,923,285,23,1896.09,36.1,1,23,1,0,0,0.81,0.045,39,84,0.028,0.01,Benign,0
376,TCP,HTTP,28283,158,665,75620.85,1768.15,549,25,0,96,0,0.905,0.006,191,162,0.725,0.15,DoS_DDoS,1
1595,TCP,FTP,1052,584,25,1025.64,15.67,2,23,1,3,10,0.873,0.086,16,19,0.006,0.22,BruteForce,1
4790,TCP,SSH,631,1739,20,494.77,4.18,3,17,1,1,10,0.963,0.099,40,34,0.209,0.435,BruteForce,1
25,ICMP,DNS,14236,175,501,574143.43,19960.16,385,6,0,53,0,0.998,0.067,207,195,0.953,0.164,DoS_DDoS,1
1709,UDP,HTTP,6704,499,22,4214.5,12.87,1,22,1,0,0,0.819,0.075,14,38,0.035,0.031,Benign,0
313,TCP,HTTP,25069,7,590,80089.43,1884.38,445,52,0,90,0,0.969,0.023,239,188,0.703,0.058,DoS_DDoS,1
12856,TCP,SSH,1351,1665,56,234.6,4.36,5,51,1,1,3,0.824,0.062,51,32,0.022,0.357,BruteForce,1
2092,TCP,HTTPS,13350,13070,13,12628.46,6.21,1,13,1,0,0,0.971,0.103,3,10,0.019,0.033,Benign,0
56,UDP,HTTP,6574,76,481,118538.32,8573.98,369,39,0,138,0,0.9,0.025,245,190,0.792,0.115,DoS_DDoS,1
2033,TCP,DNS,2296,1549,36,1891.2,17.71,1,36,1,0,0,0.787,0.103,10,59,0.031,0.017,Benign,0
87,TCP,HTTPS,1751,4723,13,74328.36,149.25,1,13,2,0,0,0.782,0.034,37,89,0.034,0.039,Benign,0
157,UDP,DNS,3026,68,164,19694.46,1043.92,120,5,0,55,0,0.852,0.05,247,168,0.862,0.086,DoS_DDoS,1
423,TCP,HTTPS,865,21412,32,52651.86,75.63,1,32,1,0,0,0.876,0.093,40,62,0.01,0.003,Benign,0
117,TCP,HTTP,2360,573,16,25046.97,136.64,2,16,1,0,0,0.969,0.038,24,67,0.018,0.03,Benign,0
314,TCP,HTTP,3399,6584,17,31782.87,54.12,1,17,1,0,0,0.932,0.046,18,22,0.041,0.021,Benign,0
7,TCP,OTHER,53,0,1,7464.79,140.85,1,0,0,0,0,0.117,0.904,238,14,0.711,0.744,PortScan,1
81,UDP,HTTPS,11658,104,279,145030.83,3440.2,200,9,0,35,0,0.919,0.069,222,157,0.799,0.076,DoS_DDoS,1
261,UDP,DNS,13492,9037,12,86284.95,45.96,2,12,1,0,0,0.884,0.094,49,53,0.021,0.014,Benign,0
376,TCP,DNS,2216,6252,13,22515.29,34.57,1,13,1,0,0,0.957,0.07,32,91,0.004,0.026,Benign,0
1936,TCP,HTTPS,2248,2308,26,2353.18,13.43,1,26,1,0,0,0.943,0.061,42,73,0.049,0.039,Benign,0
5772,TCP,HTTPS,3712,1351,14,877.15,2.43,1,14,1,0,0,0.883,0.015,31,48,0.021,0.015,Benign,0
90,UDP,HTTP,290,511,13,8890.12,144.28,1,13,1,0,0,0.829,0.021,23,28,0.024,0.037,Benign,0
30,TCP,OTHER,112,0,2,3720.93,66.45,2,0,0,0,0,0.097,0.983,221,11,0.828,0.468,PortScan,1
1439,TCP,SSH,805,383,34,825.52,23.63,5,29,1,1,9,0.89,0.001,39,38,0.124,0.344,BruteForce,1
1129,TCP,HTTPS,1010,10321,38,10035.43,33.66,1,38,1,0,0,0.976,0.048,19,48,0.012,0.02,Benign,0
1330,TCP,HTTP,8074,22483,94,22973.46,70.67,1,94,1,0,0,0.954,0.039,39,48,0.021,0.011,Benign,0
1095,TCP,HTTPS,5003,773,33,5274.4,30.13,1,33,1,0,0,0.925,0.055,28,35,0.002,0.01,Benign,0
551,TCP,SSH,1703,807,57,4554.53,103.43,3,54,1,3,14,0.905,0.021,35,31,0.16,0.582,BruteForce,1
2526,TCP,HTTPS,7642,2664,5,4079.81,1.98,1,5,1,0,0,0.876,0.035,33,98,0.027,0.036,Benign,0
1421,UDP,HTTP,227,4830,47,3558.51,33.07,1,47,1,0,0,0.847,0.13,12,62,0.02,0.009,Benign,0
156,UDP,SSH,14337,14597,22,185355.54,140.94,1,22,1,0,0,0.813,0.123,39,49,0.013,0.002,Benign,0
243,TCP,HTTP,27248,531,789,114269.85,3245.58,632,50,0,246,0,0.98,0.068,197,210,0.885,0.156,DoS_DDoS,1
4895,TCP,IRC,397,47742,8,9834.12,1.63,1,7,1,0,0,0.418,0.318,22,6,0.092,0.059,Botnet_C2,1
9447,TCP,TELNET,723,1687,41,255.1,4.34,4,37,1,3,3,0.937,0.029,74,10,0.019,0.581,BruteForce,1
168,TCP,DNS,3427,7421,29,64533.02,172.52,1,29,1,0,0,0.868,0.045,3,86,0.037,0.009,Benign,0
32,UDP,HTTPS,34580,18,1106,1077819.31,34454.83,955,59,0,324,0,0.865,0.044,244,215,0.854,0.068,DoS_DDoS,1
683,TCP,HTTPS,12456,1830,16,20913.48,23.42,1,16,1,0,0,0.813,0.071,11,75,0.033,0.031,Benign,0
876,TCP,DNS,978,6845,11,8929.35,12.56,1,11,1,0,0,0.769,0.047,17,91,0.003,0.026,Benign,0
764,TCP,DNS,513,507,18,1334.9,23.56,1,18,1,0,0,0.792,0.109,33,89,0.008,0.023,Benign,0
23,TCP,HTTP,89,0,2,3852.81,86.58,2,0,0,0,0,0.124,0.96,229,5,0.631,0.404,PortScan,1
3290,UDP,HTTPS,2517,1494,27,1219.11,8.21,1,27,1,0,0,0.86,0.063,26,97,0.038,0.013,Benign,0
1075,TCP,DNS,811,1636,50,2276.07,46.51,1,50,1,0,0,0.917,0.067,43,60,0.01,0.025,Benign,0
92,TCP,SMTP,1158,26881,17,304440.83,184.58,1,17,1,1,0,0.968,0.082,9,83,0.049,0.033,Benign,0
3850,TCP,DNS,2106,687,22,725.44,5.71,1,22,1,0,0,0.878,0.078,5,68,0.033,0.012,Benign,0
2312,TCP,DNS,961,209348,17,90960.17,7.35,1,17,1,0,0,0.874,0.118,21,48,0.047,0.031,Benign,0
100,TCP,DNS,3913,32172,23,360489.51,229.77,1,23,1,0,0,0.775,0.069,1,69,0.047,0.029,Benign,0
1149,TCP,HTTPS,2775,14218,23,14788.1,20.02,1,23,2,0,0,0.949,0.106,46,51,0.035,0.006,Benign,0
24,TCP,HTTP,113,0,2,4688.8,82.99,2,0,0,0,0,0.096,0.917,205,5,0.64,0.492,PortScan,1
480,TCP,DNS,539,33629,14,71168.51,29.16,1,14,1,1,0,0.949,0.061,25,94,0.025,0.011,Benign,0
315,TCP,HTTPS,1684,26248,16,88644.87,50.78,1,16,1,0,0,0.808,0.094,24,92,0.02,0.003,Benign,0
454,TCP,HTTPS,4797,5706,7,23129.27,15.42,1,7,1,0,0,0.957,0.118,46,77,0.04,0.031,Benign,0
1406,TCP,HTTPS,6670,8898,23,11071.76,16.36,1,23,1,0,0,0.782,0.077,17,48,0.001,0.029,Benign,0
7407,TCP,HTTPS,4477,58841,15,8548.28,2.03,1,15,1,0,0,0.887,0.105,48,68,0.018,0.036,Benign,0
134,UDP,HTTP,20824,52,637,155674.87,4750.19,546,18,0,192,0,0.936,0.035,216,163,0.919,0.188,DoS_DDoS,1
33,TCP,OTHER,115,0,1,3474.32,30.21,1,0,0,0,0,0.151,0.714,240,2,0.885,0.777,PortScan,1
481,UDP,HTTPS,4111,3408,18,15628.77,37.41,1,18,1,0,0,0.902,0.072,18,88,0.001,0.028,Benign,0
167,UDP,DNS,2055,8881,8,65445.84,47.88,2,8,1,0,0,0.761,0.123,43,97,0.003,0.017,Benign,0
32,TCP,OTHER,111,29,2,4361.37,62.31,2,0,0,1,0,0.18,0.942,233,14,0.878,0.394,PortScan,1
5,UDP,HTTPS,11207,74,345,2211960.78,67647.06,276,0,0,111,0,0.913,0.053,249,166,0.936,0.031,DoS_DDoS,1
247,TCP,HTTPS,1359,3741,49,20639.42,198.3,1,49,1,0,0,0.983,0.131,11,89,0.042,0.037,Benign,0
2239,UDP,HTTP,953,453,133,627.93,59.4,1,133,1,0,0,0.974,0.117,48,79,0.048,0.039,Benign,0
423,UDP,SSH,636,472,38,2618.77,89.81,1,38,1,0,0,0.979,0.142,33,96,0.011,0.015,Benign,0
338,TCP,HTTPS,208,11998,22,36101.75,65.07,2,22,1,0,0,0.9,0.105,5,75,0.046,0.02,Benign,0
265,UDP,HTTP,3470,26222,69,112003.02,260.28,1,69,1,0,0,0.834,0.078,10,94,0.04,0.007,Benign,0
790,TCP,HTTP,302,9972,35,13003.42,44.3,1,35,1,0,0,0.813,0.048,13,93,0.008,0.008,Benign,0
33,TCP,DNS,3117,91,137,96918.43,4138.97,125,7,0,22,0,0.979,0.048,212,156,0.887,0.173,DoS_DDoS,1
1553,TCP,DNS,764,19820,15,13253.49,9.66,1,15,1,1,0,0.894,0.12,43,99,0.043,0.039,Benign,0
1712,UDP,DNS,15331,2564,45,10452.08,26.28,1,45,2,0,0,0.887,0.055,36,61,0.016,0.006,Benign,0
36,TCP,DNS,1609,4590,13,171717.45,360.11,1,13,1,0,0,0.929,0.129,42,72,0.002,0.034,Benign,0
51,UDP,HTTP,6702,39,691,131917.81,13522.5,634,53,0,81,0,0.977,0.0,215,150,0.853,0.08,DoS_DDoS,1
28,TCP,OTHER,45,0,1,1601.42,35.59,1,0,0,0,0,0.075,0.797,220,13,0.68,0.694,PortScan,1
100,ICMP,HTTP,18942,148,278,190709.29,2777.22,202,17,0,106,0,0.918,0.036,233,243,0.825,0.089,DoS_DDoS,1
130,UDP,HTTP,8843,143,1438,69069.95,11053.04,1103,12,0,238,0,0.94,0.003,188,172,0.768,0.153,DoS_DDoS,1
21,TCP,OTHER,95,0,2,4502.37,94.79,2,0,0,0,0,0.171,0.962,213,8,0.666,0.36,PortScan,1
3606,TCP,SSH,474,1372,36,511.91,9.98,4,32,1,1,10,0.851,0.003,75,36,0.037,0.268,BruteForce,1
26,UDP,HTTP,24641,34,924,945402.3,35402.3,804,66,0,275,0,0.973,0.041,208,208,0.871,0.102,DoS_DDoS,1
1229,UDP,HTTPS,914,936,31,1505.17,25.22,1,31,1,0,0,0.871,0.125,33,71,0.032,0.027,Benign,0
149,UDP,HTTPS,883,260327,7,1751911.47,46.95,1,7,2,0,0,0.77,0.115,25,82,0.001,0.026,Benign,0
31,UDP,HTTPS,54756,41,2821,1761961.41,90707.4,2548,209,0,357,0,0.989,0.071,223,252,0.852,0.046,DoS_DDoS,1
2923,UDP,HTTPS,9490,3618,41,4484.28,14.03,1,41,1,0,0,0.888,0.023,44,66,0.031,0.013,Benign,0
985,UDP,SSH,2720,8597,22,11488.17,22.33,2,22,1,0,0,0.833,0.053,47,98,0.014,0.012,Benign,0
61,TCP,HTTPS,2163,14870,23,278772.5,376.43,1,23,1,0,0,0.814,0.131,37,69,0.014,0.005,Benign,0
179,TCP,HTTP,1121,72,1587,6661.08,8860.97,1316,40,0,335,0,0.992,0.073,237,161,0.805,0.093,DoS_DDoS,1
319,TCP,HTTP,31860,78,475,100087.75,1488.56,444,16,0,52,0,0.896,0.056,246,201,0.896,0.042,DoS_DDoS,1
202,TCP,DNS,58701,290,940,291890.15,4651.16,743,15,0,96,0,0.932,0.023,209,174,0.96,0.145,DoS_DDoS,1
5502,UDP,IRC,564,3194,19,683.01,3.45,1,18,1,0,0,0.558,0.3,46,28,0.04,0.021,Botnet_C2,1
82,UDP,HTTP,3696,102,130,46260.66,1583.43,113,3,0,20,0,0.887,0.075,222,224,0.949,0.156,DoS_DDoS,1
412,TCP,HTTPS,6871,10587,49,42363.5,118.9,1,49,1,0,0,0.783,0.1,49,91,0.029,0.034,Benign,0
466,TCP,HTTP,3063,38919,39,90070.8,83.67,1,39,1,0,0,0.916,0.14,26,57,0.015,0.015,Benign,0
1246,TCP,HTTPS,2955,1855,3,3860.04,2.41,1,3,1,0,0,0.831,0.107,46,46,0.029,0.003,Benign,0
2256,TCP,HTTPS,1962,1566,42,1563.76,18.62,1,42,1,1,0,0.774,0.115,16,70,0.007,0.036,Benign,0
105,TCP,HTTPS,45578,15,365,433805.9,3472.88,279,2,0,140,0,0.937,0.057,181,236,0.77,0.199,DoS_DDoS,1
12,TCP,DNS,13417,48,1003,1112809.92,82892.56,857,13,0,394,0,0.929,0.008,220,153,0.807,0.099,DoS_DDoS,1
72,TCP,HTTPS,277,98767,9,1373703.19,124.83,1,9,2,0,0,0.965,0.038,42,47,0.015,0.021,Benign,0
1590,TCP,SSH,476,7929,27,5285.83,16.98,1,27,1,1,0,0.958,0.032,21,53,0.015,0.021,Benign,0
596,TCP,HTTPS,1419,705,10,3563.16,16.78,1,10,1,0,0,0.985,0.013,44,89,0.003,0.021,Benign,0
2432,TCP,HTTPS,2956,1010,26,1630.69,10.69,1,26,1,0,0,0.848,0.024,37,73,0.018,0.037,Benign,0
4516,TCP,FTP,497,469,31,213.9,6.86,2,29,1,1,3,0.84,0.027,73,25,0.08,0.318,BruteForce,1
8,TCP,SSH,76,0,1,9382.72,123.46,1,0,0,0,0,0.137,0.907,213,2,0.635,0.486,PortScan,1
1263,TCP,HTTP,2035,3281,50,4208.69,39.59,1,50,1,0,0,0.936,0.011,40,85,0.015,0.032,Benign,0
958,TCP,HTTP,1483,1422,34,3032.04,35.49,1,34,1,0,0,0.906,0.053,15,50,0.005,0.011,Benign,0
223,UDP,HTTPS,30524,9,88,136857.91,394.44,67,2,0,9,0,0.93,0.025,249,218,0.804,0.18,DoS_DDoS,1
1265,TCP,HTTP,7441,6234,14,10809.42,11.07,1,14,1,1,0,0.786,0.137,11,44,0.044,0.033,Benign,0
663,TCP,HTTP,1956,24047,89,39214.3,134.22,1,89,2,0,0,0.883,0.003,9,72,0.039,0.008,Benign,0
211,UDP,DNS,13043,13,160,61847.47,757.93,143,4,0,41,0,0.9,0.071,254,227,0.733,0.152,DoS_DDoS,1
75,UDP,HTTP,5075,20,653,67842.88,8695.07,582,50,0,241,0,0.956,0.004,240,234,0.815,0.15,DoS_DDoS,1
4659,TCP,SMTP,4852,8127,25,2785.73,5.37,1,25,1,1,0,0.859,0.023,29,92,0.034,0.033,Benign,0
564,UDP,DNS,9556,7916,24,30973.23,42.55,1,24,1,0,0,0.925,0.01,21,64,0.028,0.014,Benign,0
31,TCP,HTTP,92,29,1,3890.68,32.15,1,0,0,1,0,0.073,0.722,232,7,0.746,0.558,PortScan,1
40,TCP,HTTPS,656,6978,12,190374.06,299.25,1,12,1,0,0,0.916,0.136,40,99,0.043,0.017,Benign,0
26,UDP,HTTPS,1378,391,11,67777.78,421.46,1,11,1,0,0,0.906,0.066,16,47,0.046,0.013,Benign,0
4,TCP,OTHER,51,0,1,12439.02,243.9,1,0,0,0,0,0.135,0.976,201,5,0.934,0.519,PortScan,1
5411,TCP,OTHER,334,5648,21,1105.51,3.88,1,20,1,0,0,0.747,0.25,37,22,0.125,0.024,Botnet_C2,1
187,TCP,HTTP,7043,71,632,38022.45,3377.87,582,58,0,156,0,0.912,0.022,226,209,0.759,0.124,DoS_DDoS,1
129,UDP,HTTP,636,69,950,5460.88,7358.64,719,9,0,178,0,0.87,0.076,206,214,0.841,0.058,DoS_DDoS,1
16,TCP,SSH,74,30,3,6459.63,186.34,3,0,0,1,0,0.124,0.921,221,9,0.927,0.622,PortScan,1
13,TCP,SSH,50,0,2,3816.79,152.67,2,0,0,0,0,0.045,0.816,235,13,0.926,0.422,PortScan,1
423,UDP,HTTPS,4962,21,229,11777.36,541.24,160,6,0,40,0,0.91,0.04,207,159,0.825,0.072,DoS_DDoS,1
106,UDP,HTTP,13939,60,362,131941.56,3411.88,282,20,0,100,0,0.986,0.071,241,230,0.946,0.001,DoS_DDoS,1
140,UDP,HTTP,10355,75,696,74446.82,4967.88,625,41,0,196,0,0.887,0.059,241,196,0.739,0.127,DoS_DDoS,1
1,TCP,OTHER,94,0,1,85454.55,909.09,1,0,0,0,0,0.183,0.887,203,7,0.621,0.647,PortScan,1
3820,TCP,FTP,1229,2460,49,965.68,12.83,5,44,1,2,12,0.877,0.069,19,29,0.013,0.313,BruteForce,1
2871,TCP,HTTP,9683,2699,43,4312.63,14.98,1,43,1,0,0,0.928,0.007,25,64,0.025,0.017,Benign,0
278,UDP,SSH,14579,18827,10,120122.26,35.96,2,10,1,0,0,0.792,0.069,29,65,0.026,0.005,Benign,0
266,TCP,HTTPS,260,814,19,4036.08,71.4,1,19,1,0,0,0.968,0.028,23,94,0.033,0.019,Benign,0
40,TCP,HTTP,11758,24,1553,293815.46,38728.18,1136,95,0,304,0,0.869,0.031,209,195,0.952,0.03,DoS_DDoS,1
358,TCP,HTTPS,5191,10890,14,44906.45,39.1,1,14,1,0,0,0.873,0.103,14,95,0.046,0.009,Benign,0
51,UDP,HTTPS,199,18124,93,358571.43,1819.96,1,93,1,0,0,0.873,0.084,24,51,0.026,0.037,Benign,0
292,TCP,HTTP,32216,6258,27,131715.17,92.43,1,27,1,0,0,0.948,0.064,6,79,0.027,0.007,Benign,0
422,TCP,HTTPS,4777,6947,23,27775.41,54.49,1,23,1,0,0,0.881,0.083,15,30,0.018,0.015,Benign,0
2766,TCP,HTTPS,1400,2833,105,1530.31,37.96,1,105,1,0,0,0.894,0.061,23,91,0.042,0.002,Benign,0
19,TCP,DNS,3489,235,895,194973.82,46858.64,777,45,0,227,0,0.911,0.027,232,251,0.784,0.189,DoS_DDoS,1
1020,TCP,HTTPS,5296,565,43,5745.52,42.15,1,43,1,0,0,0.786,0.137,12,84,0.008,0.038,Benign,0
122,UDP,HTTPS,3026,33,302,25053.24,2473.38,219,5,0,73,0,0.939,0.056,194,228,0.735,0.044,DoS_DDoS,1
1458,TCP,FTP,1407,252,44,1137.78,30.18,2,42,1,2,13,0.833,0.075,58,17,0.181,0.378,BruteForce,1
88,TCP,HTTPS,6278,122433,27,1460964.81,306.47,1,27,1,0,0,0.861,0.12,34,68,0.049,0.036,Benign,0
37,TCP,SSH,106,22,1,3450.13,26.95,1,0,0,1,0,0.142,0.875,234,8,0.594,0.647,PortScan,1
6406,TCP,FTP,859,437,54,202.31,8.43,3,51,1,1,8,0.855,0.037,39,12,0.072,0.406,BruteForce,1
109,TCP,HTTP,250302,87,476,2295041.25,4362.97,403,4,0,67,0,0.879,0.05,183,246,0.713,0.146,DoS_DDoS,1
597,TCP,HTTPS,1059,11079,42,20328.25,70.34,1,42,1,0,0,0.773,0.007,49,88,0.009,0.02,Benign,0
21,UDP,HTTP,13140,85,1647,626777.25,78056.87,1171,81,0,422,0,0.971,0.077,229,163,0.718,0.095,DoS_DDoS,1
1643,TCP,DNS,669,290648,19,177297.18,11.56,1,19,1,0,0,0.953,0.052,26,44,0.011,0.037,Benign,0
3618,TCP,SMTP,1245,2130,19,932.81,5.25,2,19,1,0,0,0.942,0.056,45,67,0.0,0.008,Benign,0
477,TCP,HTTPS,53948,53,270,113185.91,565.92,205,7,0,45,0,0.932,0.005,209,250,0.882,0.077,DoS_DDoS,1
64,TCP,HTTPS,45594,32,1072,711794.07,16723.87,900,19,0,259,0,0.891,0.058,181,157,0.861,0.084,DoS_DDoS,1
244,TCP,HTTPS,1767,131537,39,546104.06,159.77,1,39,1,0,0,0.84,0.108,30,42,0.033,0.017,Benign,0
4521,TCP,SSH,904,388,32,285.77,7.08,2,30,1,3,7,0.984,0.094,23,32,0.148,0.485,BruteForce,1
725,TCP,HTTP,4118,483,15,6345.33,20.69,1,15,1,0,0,0.818,0.108,15,29,0.005,0.002,Benign,0
83,TCP,DNS,21008,32,445,253188.93,5354.99,374,16,0,68,0,0.911,0.012,188,241,0.895,0.012,DoS_DDoS,1
5347,TCP,HTTPS,29595,142,20,5561.33,3.74,1,20,1,0,0,0.91,0.003,1,60,0.013,0.039,Benign,0
107,TCP,HTTPS,3607,776,30,40924.37,280.11,2,30,1,0,0,0.844,0.017,36,85,0.006,0.004,Benign,0
59,UDP,SSH,1720,3284,7,84670.05,118.44,1,7,1,0,0,0.792,0.133,43,44,0.018,0.027,Benign,0
1055,TCP,SSH,709,1097,23,1711.69,21.8,3,20,1,3,14,0.857,0.088,60,11,0.249,0.49,BruteForce,1
213,UDP,DNS,12196,1019,30,62013.14,140.78,1,30,1,0,0,0.914,0.131,7,80,0.031,0.021,Benign,0
37,TCP,HTTP,89,0,1,2398.92,26.95,1,0,0,0,0,0.191,0.985,252,9,0.822,0.453,PortScan,1
1383,TCP,SSH,1622,734,41,1703.42,29.64,5,36,1,1,13,0.834,0.068,27,26,0.184,0.547,BruteForce,1
2676,TCP,HTTPS,8046,7648,6,5864.5,2.24,1,6,1,0,0,0.928,0.118,47,84,0.006,0.006,Benign,0
1201,TCP,HTTPS,13622,595762,30,507354.92,24.98,1,30,1,0,0,0.997,0.044,11,35,0.024,0.011,Benign,0
356,TCP,DNS,351,4918,14,14796.41,39.31,2,14,1,0,0,0.977,0.072,29,52,0.001,0.019,Benign,0
1198,TCP,HTTPS,1035,170,17,1005.76,14.19,2,17,1,0,0,0.89,0.117,25,75,0.018,0.037,Benign,0
987,TCP,HTTPS,16652,9007,23,25994.33,23.3,2,23,1,0,0,0.752,0.019,27,64,0.03,0.008,Benign,0
699,TCP,HTTP,522,3255,10,5402.66,14.3,1,10,1,0,0,0.87,0.149,46,53,0.042,0.017,Benign,0
405,TCP,HTTPS,1781,26972,50,70977.54,123.43,1,50,1,1,0,0.846,0.107,7,48,0.031,0.007,Benign,0
287,TCP,DNS,856,4502,6,18662.49,20.9,1,6,1,0,0,0.833,0.026,5,29,0.02,0.02,Benign,0
5007,TCP,HTTPS,3473,92106,36,19088.69,7.19,1,36,1,0,0,0.767,0.038,34,50,0.027,0.022,Benign,0
39,TCP,OTHER,110,0,2,2813.3,51.15,2,0,0,0,0,0.069,0.773,240,8,0.504,0.721,PortScan,1
92,TCP,HTTPS,2143,5811,20,86362.65,217.16,1,20,1,0,0,0.815,0.088,48,80,0.045,0.01,Benign,0
4548,TCP,OTHER,537,4883,11,1191.71,2.42,1,10,1,0,0,0.452,0.363,15,3,0.131,0.016,Botnet_C2,1
3017,TCP,HTTP,1342,1031,20,786.52,6.63,1,20,1,0,0,0.973,0.086,3,63,0.025,0.019,Benign,0
95,TCP,SSH,2143,4229,19,67003.15,199.79,1,19,1,0,0,0.812,0.041,31,74,0.008,0.034,Benign,0
2344,TCP,HTTPS,723,6024,7,2878.29,2.99,1,7,1,0,0,0.835,0.111,7,63,0.019,0.0,Benign,0
1303,TCP,FTP,737,1222,40,1503.34,30.7,5,35,1,1,12,0.96,0.056,25,22,0.119,0.457,BruteForce,1
409,TCP,HTTP,4317,22,579,10606.21,1415.3,540,54,0,88,0,0.972,0.069,237,184,0.748,0.16,DoS_DDoS,1
437,TCP,HTTPS,5978,2735,17,19933.65,38.89,1,17,1,0,0,0.956,0.105,23,38,0.005,0.018,Benign,0
620,TCP,HTTP,34355,2570,21,59546.85,33.87,1,21,1,0,0,0.828,0.023,32,82,0.016,0.03,Benign,0
109,TCP,HTTPS,24302,61,1315,223308.89,12053.16,1088,120,0,281,0,0.94,0.068,236,171,0.867,0.086,DoS_DDoS,1
289,TCP,DNS,8897,74,785,31030.79,2715.32,638,57,0,274,0,0.945,0.044,236,174,0.806,0.073,DoS_DDoS,1
96,TCP,HTTP,13114,6340,32,202434.96,332.99,1,32,1,0,0,0.912,0.003,31,85,0.047,0.023,Benign,0
976,TCP,HTTPS,16277,41,2436,16717.55,2495.65,2157,26,0,546,0,0.914,0.08,198,242,0.725,0.013,DoS_DDoS,1
304,UDP,HTTPS,700,16134,7,55356.79,23.02,2,7,1,0,0,0.9,0.079,10,34,0.039,0.01,Benign,0
3554,TCP,HTTP,5388,4674,18,2831.1,5.06,1,18,1,0,0,0.922,0.111,37,84,0.03,0.019,Benign,0
1528,UDP,HTTPS,2159,3088,24,3433.68,15.71,1,24,1,0,0,0.987,0.08,12,36,0.031,0.036,Benign,0
81,UDP,HTTP,32637,20,79,402675.71,974.11,65,6,0,13,0,0.915,0.04,216,212,0.771,0.016,DoS_DDoS,1
20,TCP,HTTPS,28788,40,225,1434228.86,11194.03,174,20,0,36,0,0.887,0.014,218,226,0.847,0.045,DoS_DDoS,1
1758,ICMP,DNS,2315,13855,13,9197.43,7.39,1,13,1,0,0,0.895,0.081,26,41,0.037,0.008,Benign,0
627,TCP,TELNET,467,494,46,1532.45,73.35,4,42,1,3,10,0.883,0.097,55,33,0.106,0.25,BruteForce,1
939,TCP,HTTPS,2041,1912,62,4209.35,66.02,1,62,1,0,0,0.838,0.097,22,32,0.028,0.028,Benign,0
693,UDP,HTTPS,735,22502,57,33526.19,82.24,1,57,1,0,0,0.809,0.069,42,94,0.039,0.015,Benign,0
1527,ICMP,HTTP,1677,7077,17,5732.43,11.13,2,17,1,0,0,0.805,0.049,41,54,0.02,0.024,Benign,0
121,TCP,HTTPS,11691,93,3200,97308.01,26424.44,2872,291,0,539,0,0.961,0.066,218,170,0.823,0.125,DoS_DDoS,1
657,TCP,HTTPS,363,4262,12,7038.5,18.26,1,12,1,0,0,0.882,0.111,16,58,0.031,0.024,Benign,0
1479,TCP,HTTPS,5676,1276,20,4700.16,13.52,1,20,1,0,0,0.754,0.063,12,33,0.005,0.011,Benign,0
17,TCP,HTTP,47,0,1,2748.54,58.48,1,0,0,0,0,0.192,0.866,225,5,0.938,0.549,PortScan,1
1091,TCP,SMTP,7124,2939,43,9222.8,39.41,1,43,1,0,0,0.876,0.103,41,68,0.042,0.011,Benign,0
58,TCP,HTTP,13637,159,171,237452.67,2943.2,153,15,0,57,0,0.924,0.067,211,251,0.734,0.088,DoS_DDoS,1
64,TCP,HTTPS,39931,33,1281,623463.34,19984.4,1176,32,0,365,0,0.904,0.026,226,254,0.899,0.069,DoS_DDoS,1
3481,TCP,HTTP,8281,30098,6,11024.96,1.72,1,6,1,0,0,0.836,0.066,31,66,0.037,0.013,Benign,0
340,UDP,HTTP,7314,79,262,21737.72,770.36,215,7,0,32,0,0.965,0.066,248,182,0.772,0.086,DoS_DDoS,1
4515,TCP,IRC,583,10091,8,2364.07,1.77,1,7,1,0,0,0.616,0.238,24,20,0.006,0.004,Botnet_C2,1
2206,TCP,HTTP,823,613,10,650.92,4.53,1,10,1,0,0,0.873,0.047,35,96,0.016,0.029,Benign,0
169,TCP,HTTPS,1090,15,376,6534.59,2223.54,356,10,0,80,0,0.922,0.059,212,253,0.78,0.199,DoS_DDoS,1
1289,TCP,SSH,984,682,24,1292.37,18.62,3,21,1,1,11,0.875,0.023,13,35,0.195,0.236,BruteForce,1
44,TCP,HTTPS,790,9912,59,242675.74,1337.87,1,59,2,0,0,0.974,0.099,28,96,0.015,0.023,Benign,0
302,TCP,SSH,30636,4850,16,117464.42,52.96,1,16,1,0,0,0.985,0.059,47,62,0.012,0.0,Benign,0
93,UDP,HTTPS,1767,4792,13,70451.13,139.63,1,13,2,0,0,0.871,0.078,36,97,0.003,0.027,Benign,0
4790,UDP,OTHER,443,2465,14,607.09,2.92,1,13,1,0,0,0.621,0.156,44,5,0.141,0.087,Botnet_C2,1
850,TCP,HTTP,612,6356,4,8196.68,4.71,2,4,1,0,0,0.806,0.102,39,92,0.044,0.022,Benign,0
47,UDP,HTTP,4175,2052,27,132208.07,573.25,1,27,1,0,0,0.854,0.044,49,97,0.04,0.002,Benign,0
2,TCP,OTHER,106,0,2,50476.19,952.38,2,0,0,0,0,0.123,0.892,239,2,0.595,0.75,PortScan,1
38,TCP,OTHER,65,0,1,1706.04,26.25,1,0,0,0,0,0.13,0.836,240,11,0.526,0.472,PortScan,1
74,UDP,HTTPS,8942,20,291,120944.67,3927.13,261,19,0,84,0,0.99,0.071,205,183,0.982,0.045,DoS_DDoS,1
2612,TCP,SSH,2071,537,24,998.43,9.19,3,21,1,3,4,0.963,0.04,69,16,0.129,0.562,BruteForce,1
2620,TCP,HTTPS,1823,24776,11,10151.9,4.2,1,11,1,0,0,0.842,0.089,1,18,0.006,0.035,Benign,0
1688,TCP,FTP,1252,579,36,1084.65,21.33,4,32,1,1,13,0.917,0.011,37,20,0.155,0.306,BruteForce,1
1033,UDP,HTTPS,1251,24270,45,24703.32,43.56,1,45,1,1,0,0.898,0.123,12,86,0.003,0.007,Benign,0
19,TCP,HTTPS,153,1292,31,75654.45,1623.04,1,31,1,0,0,0.864,0.116,7,39,0.001,0.028,Benign,0
39,TCP,HTTP,17211,8,588,440383.63,15038.36,443,30,0,110,0,0.862,0.055,205,171,0.875,0.191,DoS_DDoS,1
849,TCP,HTTP,1869,3910,39,6806.03,45.93,2,39,1,0,0,0.972,0.15,19,63,0.046,0.015,Benign,0
1075,UDP,HTTP,365,14535,14,13859.18,13.02,1,14,1,0,0,0.989,0.078,47,58,0.007,0.005,Benign,0
39,TCP,SSH,103,0,2,2634.27,51.15,2,0,0,0,0,0.132,0.924,239,7,0.777,0.539,PortScan,1
109,UDP,DNS,119459,35,296,1095270.39,2713.11,207,2,0,45,0,0.946,0.017,247,193,0.896,0.012,DoS_DDoS,1
1650,TCP,DNS,952,4445,13,3270.71,7.88,1,13,1,0,0,0.841,0.084,45,78,0.044,0.021,Benign,0
147,TCP,HTTP,2123,103,304,15132.56,2066.62,226,20,0,78,0,0.966,0.008,238,184,0.76,0.132,DoS_DDoS,1
13,TCP,OTHER,79,0,1,6030.53,76.34,1,0,0,0,0,0.163,0.971,250,5,0.797,0.309,PortScan,1
1044,ICMP,HTTPS,3147,761,11,3742.94,10.54,1,11,1,0,0,0.937,0.13,49,75,0.032,0.031,Benign,0
5799,UDP,HTTPS,321,41218,24,7163.01,4.14,1,23,1,0,0,0.583,0.346,22,3,0.083,0.02,Botnet_C2,1
26,TCP,OTHER,94,0,1,3601.53,38.31,1,0,0,0,0,0.084,0.841,244,7,0.622,0.602,PortScan,1
624,TCP,HTTP,823,4214,64,8070.82,102.55,1,64,1,0,0,0.864,0.004,30,84,0.025,0.034,Benign,0
455,TCP,HTTPS,4985,17441,112,49277.08,246.1,1,112,1,0,0,0.846,0.112,36,47,0.001,0.015,Benign,0
314,TCP,HTTP,6617,19016,31,81607.77,98.69,1,31,1,0,0,0.908,0.05,13,59,0.026,0.026,Benign,0
5,TCP,FTP,90,0,3,17647.06,588.24,3,0,0,0,0,0.131,0.899,247,6,0.7,0.751,PortScan,1
167,TCP,HTTP,185,4465,52,27827.65,311.19,2,52,1,0,0,0.867,0.079,35,95,0.05,0.032,Benign,0
43,TCP,HTTP,16870,39,1015,392320.19,23549.88,771,89,0,123,0,0.901,0.037,252,173,0.874,0.112,DoS_DDoS,1
1119,TCP,HTTP,2427,3023,48,4869.98,42.89,1,48,1,0,0,0.768,0.138,29,35,0.016,0.02,Benign,0
22,UDP,HTTP,22180,20,3012,1004524.89,136289.59,2320,53,0,818,0,0.902,0.041,247,182,0.927,0.159,DoS_DDoS,1
218,TCP,HTTP,56391,131,995,259156.35,4562.13,697,60,0,395,0,0.968,0.028,214,169,0.912,0.001,DoS_DDoS,1
789,TCP,HTTPS,4172,4073,16,10448.61,20.28,1,16,1,0,0,0.99,0.106,19,57,0.022,0.024,Benign,0
3468,TCP,HTTP,918,16939,28,5148.93,8.07,1,28,1,0,0,0.76,0.078,4,33,0.032,0.006,Benign,0
1176,TCP,SSH,759,334,15,929.34,12.75,3,12,1,3,11,0.839,0.058,43,7,0.208,0.299,BruteForce,1
1991,TCP,FTP,472,1200,21,839.74,10.55,5,16,1,2,4,0.97,0.008,24,8,0.154,0.214,BruteForce,1
59,UDP,HTTPS,15392,618,463,270896.79,7834.18,413,2,0,94,0,0.934,0.047,233,218,0.804,0.043,DoS_DDoS,1
309,UDP,DNS,512,182,22,2245.23,71.17,1,22,1,0,0,0.945,0.035,9,35,0.043,0.035,Benign,0
1954,TCP,DNS,1159,691,6,946.73,3.07,1,6,1,0,0,0.779,0.068,14,92,0.025,0.033,Benign,0
124,TCP,HTTPS,1174,2278,15,27816.28,120.87,1,15,1,0,0,0.998,0.02,16,50,0.042,0.034,Benign,0
23,TCP,OTHER,100,0,1,4329.0,43.29,1,0,0,0,0,0.146,0.747,220,5,0.742,0.429,PortScan,1
366,UDP,DNS,49214,141,487,134812.89,1330.24,429,26,0,188,0,0.992,0.072,184,210,0.731,0.011,DoS_DDoS,1
1937,TCP,HTTP,643,13072,12,7080.17,6.19,1,12,1,0,0,0.838,0.075,23,97,0.011,0.019,Benign,0
100,TCP,HTTP,636,7650,12,82777.22,119.88,1,12,1,0,0,0.986,0.142,41,60,0.015,0.013,Benign,0
5267,TCP,HTTPS,295,4755,17,958.78,3.23,1,16,1,0,0,0.602,0.378,17,27,0.146,0.066,Botnet_C2,1
936,TCP,HTTPS,20343,80480,29,107705.37,30.98,2,29,1,0,0,0.785,0.058,19,28,0.006,0.032,Benign,0
260,TCP,DNS,1441,1083,7,9703.96,26.91,1,7,2,0,0,0.767,0.052,1,43,0.033,0.001,Benign,0
795,TCP,SSH,712,11386,8,15215.7,10.06,1,8,1,0,0,0.855,0.001,43,59,0.047,0.031,Benign,0
757,TCP,HTTPS,3959,17295,15,28072.91,19.81,1,15,1,0,0,0.872,0.089,9,63,0.008,0.016,Benign,0
2655,TCP,SSH,850,1041,50,712.21,18.83,2,48,1,2,8,0.975,0.009,41,20,0.129,0.455,BruteForce,1
1379,TCP,HTTPS,2681,4409,43,5141.03,31.18,1,43,2,0,0,0.931,0.112,41,57,0.005,0.023,Benign,0
79,TCP,SSH,427,2162,42,32730.72,530.97,1,42,1,0,0,0.852,0.095,3,86,0.005,0.034,Benign,0
845,TCP,SSH,3914,161,22,4821.91,26.03,1,22,1,0,0,0.862,0.079,38,55,0.021,0.009,Benign,0
43,TCP,OTHER,111,0,1,2575.41,23.2,1,0,0,0,0,0.12,0.755,207,10,0.732,0.462,PortScan,1
151,TCP,HTTP,5004,49,761,33441.43,5036.4,696,5,0,184,0,0.863,0.012,218,252,0.834,0.113,DoS_DDoS,1
3476,TCP,FTP,1227,1546,50,797.73,14.38,2,48,1,3,9,0.9,0.074,33,24,0.233,0.459,BruteForce,1
7259,TCP,SSH,355,444,24,110.07,3.31,2,22,1,3,10,0.84,0.094,18,23,0.155,0.513,BruteForce,1
546,TCP,HTTP,15398,17051,14,59419.52,25.64,1,14,2,0,0,0.839,0.149,13,97,0.029,0.037,Benign,0
35,TCP,HTTPS,3950,20628,130,700227.92,3703.7,2,130,1,0,0,0.888,0.126,7,68,0.025,0.024,Benign,0
2,TCP,OTHER,112,0,2,53333.33,952.38,2,0,0,0,0,0.076,0.897,225,5,0.786,0.456,PortScan,1
1455,UDP,HTTP,1357,13186,104,9994.5,71.47,2,104,1,1,0,0.787,0.115,48,66,0.041,0.001,Benign,0
2220,TCP,FTP,1203,417,20,729.7,9.01,4,16,1,3,3,0.852,0.056,54,30,0.051,0.528,BruteForce,1
1964,TCP,HTTPS,1050,265,15,669.52,7.64,1,15,1,0,0,0.876,0.145,43,51,0.009,0.019,Benign,0
11,TCP,HTTPS,104528,22,213,9418918.92,19189.19,162,19,0,63,0,0.928,0.041,248,215,0.76,0.169,DoS_DDoS,1
1403,TCP,HTTPS,1832,3045,47,3475.87,33.5,2,47,1,0,0,0.832,0.091,31,67,0.034,0.009,Benign,0
189,TCP,HTTP,26150,22,1732,138402.96,9159.18,1538,77,0,546,0,0.931,0.065,250,162,0.998,0.004,DoS_DDoS,1
673,TCP,HTTPS,1251,320,26,2333.98,38.63,1,26,1,0,0,0.842,0.081,44,65,0.042,0.003,Benign,0
206,TCP,HTTPS,473,773,90,6045.61,436.68,1,90,1,0,0,0.907,0.14,17,59,0.036,0.024,Benign,0
2563,UDP,DNS,2996,32328,35,13781.75,13.66,1,35,1,0,0,0.91,0.008,37,63,0.022,0.034,Benign,0
117,TCP,HTTPS,3926,12,501,33629.38,4278.39,442,43,0,90,0,0.938,0.003,229,182,0.989,0.179,DoS_DDoS,1
2124,TCP,HTTPS,3698,1097,15,2257.43,7.06,1,15,1,0,0,0.81,0.021,41,91,0.023,0.03,Benign,0
10,TCP,OTHER,75,0,3,7425.74,297.03,3,0,0,0,0,0.106,0.909,211,14,0.629,0.753,PortScan,1
110,TCP,HTTP,12457,12563,26,227247.96,236.15,1,26,2,0,0,0.99,0.146,37,40,0.042,0.008,Benign,0
2093,UDP,HTTPS,1035,2772,38,1818.83,18.15,1,38,1,0,0,0.754,0.002,48,93,0.018,0.029,Benign,0
476,TCP,HTTPS,44,2406,20,5145.98,42.01,1,20,1,0,0,0.896,0.095,2,90,0.001,0.004,Benign,0
13,TCP,HTTP,9860,45,402,756106.87,30687.02,326,13,0,43,0,0.877,0.075,246,173,0.816,0.194,DoS_DDoS,1
4836,TCP,DNS,243,14878,16,3126.69,3.31,1,15,1,0,0,0.505,0.328,29,29,0.113,0.096,Botnet_C2,1
143,TCP,HTTPS,1696,8242,34,69447.94,237.6,1,34,1,0,0,0.899,0.087,23,99,0.039,0.026,Benign,0
9467,TCP,SSH,459,505,54,101.83,5.7,4,50,1,2,3,0.927,0.085,47,39,0.152,0.456,BruteForce,1
73,TCP,HTTPS,801,31067,18,435950.75,246.24,1,18,2,0,0,0.853,0.085,23,40,0.03,0.036,Benign,0
87,TCP,HTTP,16156,14819,25,355625.72,287.03,1,25,1,0,0,0.82,0.113,32,42,0.041,0.033,Benign,0
3055,TCP,SSH,2576,1881,25,1458.87,8.18,2,23,1,1,3,0.963,0.039,56,34,0.19,0.502,BruteForce,1
825,TCP,HTTP,3834,1655,18,6652.53,21.82,1,18,1,0,0,0.908,0.065,49,82,0.027,0.011,Benign,0
169,TCP,HTTP,3066,29,584,18302.78,3453.58,483,46,0,207,0,0.973,0.072,235,200,0.703,0.051,DoS_DDoS,1
1470,TCP,HTTP,2435,5541,19,5425.48,12.92,1,19,1,0,0,0.902,0.081,30,71,0.014,0.02,Benign,0
933,TCP,HTTPS,1534,2379,41,4193.55,43.94,1,41,1,0,0,0.758,0.142,15,79,0.012,0.003,Benign,0
565,ICMP,HTTPS,1816,26992,24,50978.59,42.47,1,24,2,1,0,0.831,0.115,43,55,0.039,0.019,Benign,0
823,TCP,HTTPS,923,239,55,1411.74,66.82,1,55,1,0,0,0.839,0.059,4,54,0.021,0.006,Benign,0
2280,TCP,DNS,2801,1118,19,1718.78,8.33,2,19,1,0,0,0.952,0.023,10,35,0.01,0.031,Benign,0
14,TCP,HTTP,109,0,2,7730.5,141.84,2,0,0,0,0,0.035,0.953,215,5,0.812,0.447,PortScan,1
2691,UDP,HTTP,10543,113,50,3959.72,18.58,1,50,1,0,0,0.808,0.084,26,28,0.004,0.008,Benign,0
39,TCP,HTTP,11389,60,719,292813.3,18388.75,519,0,0,220,0,0.942,0.001,245,245,0.766,0.181,DoS_DDoS,1
172,TCP,HTTP,238,5759,8,34846.02,46.48,1,8,2,0,0,0.845,0.024,6,25,0.004,0.039,Benign,0
11380,TCP,SSH,569,1354,47,168.98,4.13,5,42,1,3,5,0.855,0.021,39,14,0.048,0.564,BruteForce,1
1669,TCP,TELNET,913,899,38,1085.62,22.77,5,33,1,2,4,0.951,0.035,25,25,0.209,0.213,BruteForce,1
37,TCP,OTHER,57,0,1,1536.39,26.95,1,0,0,0,0,0.109,0.937,208,2,0.584,0.491,PortScan,1
129,UDP,HTTP,2074,98,1804,16824.17,13973.66,1526,33,0,402,0,0.951,0.024,194,230,0.776,0.014,DoS_DDoS,1
138,TCP,HTTP,1630,3605,34,37907.31,246.2,1,34,1,0,0,0.759,0.147,5,25,0.002,0.037,Benign,0
1499,TCP,HTTPS,4150,5734,11,6593.29,7.34,1,11,1,0,0,0.941,0.087,3,34,0.025,0.037,Benign,0
304,TCP,HTTPS,2144,1129,90,10762.91,295.96,1,90,1,0,0,0.933,0.011,25,35,0.04,0.005,Benign,0
4529,TCP,HTTPS,308,45055,24,10015.9,5.3,1,23,1,0,0,0.765,0.366,30,4,0.126,0.073,Botnet_C2,1
262,UDP,DNS,825,27343,7,107470.43,26.71,1,7,1,0,0,0.979,0.128,46,70,0.026,0.037,Benign,0
33,TCP,OTHER,69,0,3,2084.59,90.63,3,0,0,0,0,0.061,0.824,221,1,0.65,0.737,PortScan,1
147,UDP,HTTPS,20659,71,240,140924.54,1631.54,194,6,0,69,0,0.927,0.062,190,232,0.847,0.041,DoS_DDoS,1
638,UDP,HTTP,26573,8340,71,54713.99,111.27,1,71,1,0,0,0.887,0.027,22,53,0.031,0.029,Benign,0
137,TCP,HTTP,4264,1917,15,45083.88,109.41,1,15,1,0,0,0.808,0.031,45,72,0.019,0.021,Benign,0
146,TCP,DNS,3083,16,442,21211.5,3025.33,352,9,0,149,0,0.915,0.008,225,236,0.771,0.11,DoS_DDoS,1
613,TCP,SSH,2066,1018,32,5030.17,52.19,5,27,1,2,9,0.927,0.0,78,6,0.054,0.585,BruteForce,1
1242,TCP,SSH,3600,1859,20,4394.98,16.1,1,20,1,0,0,0.934,0.145,36,78,0.046,0.029,Benign,0
5698,TCP,DNS,2608,11363,43,2451.87,7.55,1,43,1,0,0,0.85,0.137,49,79,0.023,0.033,Benign,0
32,TCP,HTTP,4934,70009,9,2334672.9,280.37,1,9,1,0,0,0.753,0.043,38,87,0.025,0.005,Benign,0
55,UDP,HTTP,8846,499,7,169600.73,127.04,1,7,1,0,0,0.764,0.132,48,65,0.043,0.027,Benign,0
363,UDP,DNS,81060,46,271,223370.97,746.35,194,14,0,70,0,0.988,0.078,210,196,0.939,0.194,DoS_DDoS,1
2441,TCP,HTTPS,1765,822,19,1059.77,7.78,1,19,2,0,0,0.849,0.15,48,85,0.048,0.007,Benign,0
5077,UDP,IRC,532,4343,12,960.19,2.36,1,11,1,0,0,0.445,0.227,41,15,0.087,0.081,Botnet_C2,1
5447,TCP,HTTP,5355,2232,25,1392.85,4.59,1,25,1,0,0,0.834,0.04,18,67,0.001,0.001,Benign,0
846,TCP,HTTP,2656,4299,37,8220.07,43.73,2,37,1,0,0,0.954,0.132,36,64,0.015,0.008,Benign,0
33,TCP,OTHER,87,0,1,2628.4,30.21,1,0,0,0,0,0.026,0.755,208,10,0.796,0.747,PortScan,1
1103,UDP,HTTPS,6224,2979,12,8342.85,10.88,1,12,1,0,0,0.888,0.078,3,11,0.028,0.038,Benign,0
192,TCP,HTTPS,2963,1073,18,21009.89,93.7,1,18,1,0,0,0.97,0.091,42,60,0.035,0.027,Benign,0
3560,UDP,HTTPS,904,11798,46,3567.88,12.92,1,46,1,0,0,0.985,0.006,5,21,0.006,0.007,Benign,0
1808,TCP,HTTPS,1126,1088,37,1224.49,20.46,1,37,1,0,0,0.901,0.119,25,64,0.006,0.023,Benign,0
153,TCP,HTTP,6860,43,299,45088.18,1952.97,278,29,0,46,0,0.963,0.079,223,177,0.759,0.097,DoS_DDoS,1
340,TCP,HTTPS,932,6291,44,21237.87,129.37,1,44,1,0,0,0.966,0.108,1,83,0.046,0.028,Benign,0
1331,TCP,HTTP,1637,32002,10,25271.58,7.51,1,10,1,0,0,0.901,0.025,18,56,0.037,0.03,Benign,0
779,UDP,HTTP,2225,32014,17,43946.86,21.82,1,17,1,0,0,0.934,0.093,5,33,0.015,0.024,Benign,0
4135,TCP,TELNET,1117,360,16,357.19,3.87,5,11,1,1,9,0.8,0.036,20,37,0.05,0.592,BruteForce,1
1238,UDP,SSH,2037,508,28,2055.57,22.62,1,28,1,0,0,0.772,0.057,44,45,0.047,0.002,Benign,0
154,TCP,HTTP,18973,39,1157,123374.43,7508.11,844,68,0,266,0,0.911,0.069,223,156,0.879,0.164,DoS_DDoS,1
36,TCP,FTP,117,32,2,4127.42,55.4,2,0,0,1,0,0.128,0.867,247,10,0.563,0.732,PortScan,1
5131,TCP,OTHER,313,4284,16,895.91,3.12,1,15,1,0,0,0.659,0.226,16,2,0.099,0.012,Botnet_C2,1
569,TCP,SMTP,171,2413,17,4540.5,29.87,2,17,2,0,0,0.788,0.064,47,82,0.035,0.031,Benign,0
1049,TCP,HTTP,826,3533,17,4154.99,16.2,1,17,1,0,0,0.998,0.039,39,71,0.018,0.017,Benign,0
16,TCP,FTP,83,0,3,5155.28,186.34,3,0,0,0,0,0.085,0.869,232,4,0.577,0.316,PortScan,1
4623,UDP,DNS,580,2651,24,698.88,5.19,1,23,1,0,0,0.457,0.192,40,15,0.094,0.027,Botnet_C2,1
5776,TCP,SSH,921,436,44,234.93,7.62,5,39,1,1,8,0.985,0.037,55,37,0.168,0.595,BruteForce,1
1374,TCP,HTTPS,4791,5057,19,7166.87,13.83,1,19,1,0,0,0.986,0.146,49,97,0.01,0.008,Benign,0
2161,TCP,SSH,355,1880,36,1034.2,16.66,4,32,1,2,10,0.976,0.059,51,24,0.019,0.251,BruteForce,1
24,TCP,OTHER,47,0,1,1950.21,41.49,1,0,0,0,0,0.037,0.947,237,13,0.538,0.324,PortScan,1
1370,TCP,HTTP,2634,4836,42,5452.16,30.65,1,42,1,0,0,0.863,0.149,27,47,0.016,0.025,Benign,0
71,UDP,HTTPS,23254,68,947,328016.88,13319.27,682,88,0,227,0,0.872,0.062,195,243,0.844,0.157,DoS_DDoS,1
42,TCP,HTTP,41,58,3,2351.54,71.26,3,0,0,1,0,0.129,0.802,228,5,0.844,0.335,PortScan,1
738,TCP,HTTPS,3979,22139,242,35385.45,327.87,1,242,1,0,0,0.829,0.133,8,96,0.047,0.023,Benign,0
36,TCP,SSH,105,28,2,3684.21,55.4,2,0,0,1,0,0.028,0.775,207,7,0.694,0.519,PortScan,1
970,TCP,SMTP,2765,4851,15,7850.74,15.46,1,15,1,0,0,0.789,0.096,3,30,0.031,0.028,Benign,0
483,TCP,DNS,165,2163,28,4818.88,57.96,1,28,1,0,0,0.848,0.086,29,90,0.015,0.026,Benign,0
4468,TCP,OTHER,258,4240,24,1006.69,5.37,1,23,1,0,0,0.507,0.393,26,15,0.13,0.097,Botnet_C2,1
91,TCP,HTTP,2473,9563,7,132118.55,76.84,1,7,1,0,0,0.812,0.08,29,53,0.045,0.015,Benign,0
1843,UDP,HTTPS,751,812,15,848.03,8.14,2,15,1,0,0,0.837,0.042,25,72,0.045,0.027,Benign,0
1202,TCP,HTTP,1219,2013,11,2688.63,9.15,1,11,1,0,0,0.845,0.073,16,65,0.043,0.01,Benign,0
509,TCP,TELNET,962,949,47,3753.68,92.32,4,43,1,1,9,0.822,0.059,58,12,0.105,0.508,BruteForce,1
401,TCP,HTTP,493,734,18,3059.09,44.88,1,18,2,0,0,0.832,0.123,19,35,0.044,0.039,Benign,0
8,UDP,DNS,14474,36,789,1791358.02,97407.41,647,25,0,304,0,0.898,0.026,246,171,0.877,0.132,DoS_DDoS,1
62,TCP,SSH,449,8736,14,147906.6,225.44,1,14,1,0,0,0.932,0.14,26,38,0.039,0.022,Benign,0
27,TCP,SMTP,1423,3589,39,184944.65,1439.11,1,39,1,0,0,0.783,0.12,37,58,0.025,0.034,Benign,0
56,UDP,HTTPS,7837,359,920,146096.26,16399.29,760,41,0,100,0,0.874,0.004,208,170,0.72,0.003,DoS_DDoS,1
26,UDP,DNS,126634,218,1174,4860229.89,44980.84,1097,11,0,201,0,0.903,0.043,200,207,0.821,0.001,DoS_DDoS,1
37,TCP,OTHER,90,0,2,2425.88,53.91,2,0,0,0,0,0.187,0.952,247,9,0.638,0.739,PortScan,1
863,TCP,SSH,1844,1415,15,3775.92,17.38,1,15,2,0,0,0.823,0.09,14,95,0.023,0.025,Benign,0
1784,ICMP,DNS,1115,12713,66,7750.69,36.99,2,66,1,0,0,0.891,0.009,27,44,0.012,0.005,Benign,0
638,UDP,HTTPS,1646,4299,27,9316.72,42.31,1,27,1,0,0,0.994,0.052,47,82,0.006,0.004,Benign,0
670,UDP,SMTP,1415,2425,14,5730.49,20.89,1,14,1,0,0,0.763,0.041,43,66,0.045,0.036,Benign,0
1034,TCP,SSH,6625,11205,12,17242.05,11.6,1,12,1,0,0,0.927,0.104,28,75,0.005,0.019,Benign,0
106,TCP,HTTPS,1154,31732,7,309952.87,65.98,1,7,1,0,0,0.993,0.064,22,54,0.024,0.007,Benign,0
1474,TCP,HTTPS,9093,937,10,6804.15,6.78,1,10,1,0,0,0.837,0.106,26,66,0.026,0.025,Benign,0
309,UDP,HTTP,1695,44,434,5626.01,1404.08,383,30,0,137,0,0.979,0.068,217,164,0.987,0.004,DoS_DDoS,1
4953,TCP,HTTPS,266,9946,16,2061.74,3.23,1,15,1,0,0,0.468,0.329,28,14,0.011,0.051,Botnet_C2,1
445,TCP,HTTP,13473,5893,5,43509.32,11.23,1,5,1,0,0,0.995,0.145,1,30,0.027,0.013,Benign,0
927,TCP,HTTP,2940,680,424,3904.65,457.34,1,424,1,0,0,0.86,0.039,13,70,0.038,0.024,Benign,0
378,TCP,HTTP,8477,74,174,22615.71,460.2,163,15,0,48,0,0.876,0.063,197,220,0.915,0.083,DoS_DDoS,1
2943,TCP,HTTPS,373,17689,14,6137.07,4.76,1,14,2,0,0,0.866,0.13,44,69,0.036,0.034,Benign,0
3711,UDP,SSH,10223,15254,43,6865.08,11.59,1,43,1,0,0,0.825,0.01,42,76,0.023,0.008,Benign,0
1140,TCP,HTTPS,1552,654,36,1934.92,31.58,2,36,1,0,0,0.764,0.029,43,52,0.037,0.015,Benign,0
5237,TCP,DNS,310,6248,17,1252.22,3.25,1,16,1,0,0,0.586,0.487,29,19,0.014,0.056,Botnet_C2,1
36,UDP,HTTPS,53087,25,1646,1471246.54,45595.57,1238,123,0,184,0,0.895,0.05,220,178,0.771,0.12,DoS_DDoS,1
101,TCP,HTTP,1866,2144,10,39663.7,98.91,1,10,1,0,0,0.755,0.098,37,92,0.034,0.024,Benign,0
313,UDP,DNS,692,435,38,3599.49,121.37,1,38,1,0,0,0.831,0.125,29,36,0.003,0.032,Benign,0
870,UDP,HTTP,1532,3202,36,5440.75,41.37,1,36,1,0,0,0.813,0.098,45,66,0.006,0.028,Benign,0
2164,TCP,SSH,1947,118360,45,55592.16,20.79,1,45,1,0,0,0.781,0.063,1,66,0.025,0.018,Benign,0
99,TCP,HTTPS,9732,30,1380,98506.56,13925.33,1007,132,0,499,0,0.877,0.019,243,199,0.864,0.185,DoS_DDoS,1
1984,TCP,DNS,794,36275,7,18683.03,3.53,1,7,1,0,0,0.862,0.112,22,49,0.022,0.008,Benign,0
176,UDP,DNS,8712,153,2395,50340.72,13600.23,1914,9,0,493,0,0.91,0.012,232,155,0.958,0.089,DoS_DDoS,1
498,TCP,HTTPS,5920,13231,34,38448.1,68.26,2,34,2,0,0,0.928,0.035,17,78,0.047,0.036,Benign,0
32,TCP,OTHER,44,46,1,2803.74,31.15,1,0,0,1,0,0.136,0.734,206,11,0.568,0.334,PortScan,1
4776,TCP,IRC,350,23896,18,5076.53,3.77,1,17,1,0,0,0.532,0.498,33,19,0.002,0.093,Botnet_C2,1
185,UDP,HTTPS,26655,39,837,144213.94,4521.88,643,16,0,204,0,0.943,0.05,194,228,0.958,0.048,DoS_DDoS,1
1627,TCP,HTTP,77,4352,24,2722.02,14.75,1,24,1,0,0,0.824,0.007,11,11,0.043,0.004,Benign,0
114,TCP,HTTP,1403,5189,39,57773.88,341.81,1,39,1,0,0,0.78,0.04,40,59,0.042,0.021,Benign,0
7,TCP,SSH,103,0,1,14507.04,140.85,1,0,0,0,0,0.187,0.722,236,11,0.809,0.527,PortScan,1
367,UDP,HTTPS,2604,9684,28,33473.17,76.27,1,28,1,0,0,0.861,0.047,32,47,0.023,0.002,Benign,0
5798,TCP,SSH,3689,14537,35,3143.44,6.04,1,35,1,1,0,0.924,0.103,42,57,0.044,0.002,Benign,0
579,TCP,HTTPS,2236,4187,43,11091.35,74.25,1,43,1,0,0,0.881,0.1,24,87,0.035,0.015,Benign,0
37,TCP,SSH,101,0,2,2722.37,53.91,2,0,0,0,0,0.051,0.896,252,7,0.668,0.776,PortScan,1
142,UDP,HTTP,316,1170,11,10457.42,77.41,2,11,1,0,0,0.842,0.009,16,64,0.031,0.004,Benign,0
125,TCP,HTTP,33630,67,824,269360.51,6586.73,692,14,0,112,0,0.954,0.027,191,150,0.969,0.191,DoS_DDoS,1
259,TCP,HTTP,2729,126863,10,500162.1,38.6,1,10,1,0,0,0.831,0.126,4,8,0.015,0.036,Benign,0
818,UDP,HTTPS,2817,10906,17,16774.23,20.78,1,17,1,0,0,0.767,0.083,15,69,0.006,0.033,Benign,0
3063,TCP,SSH,597,623,20,398.29,6.53,2,18,1,3,4,0.988,0.031,68,15,0.187,0.256,BruteForce,1
1949,UDP,DNS,1730,362,22,1073.32,11.29,1,22,1,0,0,0.933,0.025,43,46,0.013,0.014,Benign,0
1584,TCP,HTTPS,1279,864,11,1352.82,6.94,1,11,2,0,0,0.868,0.141,13,59,0.034,0.012,Benign,0
365,TCP,HTTP,312,2556,19,7855.38,52.04,2,19,1,0,0,0.845,0.116,49,92,0.0,0.001,Benign,0
849,TCP,HTTP,7116,698,22,9202.69,25.91,1,22,1,0,0,0.949,0.068,7,51,0.03,0.007,Benign,0
4649,TCP,DNS,531,5027,16,1195.5,3.44,1,15,1,0,0,0.716,0.211,32,24,0.096,0.067,Botnet_C2,1
193,TCP,HTTPS,15910,40,19,82599.69,98.39,2,19,1,0,0,0.996,0.017,36,84,0.008,0.019,Benign,0
164,TCP,HTTPS,507,571,19,6569.17,115.78,1,19,1,0,0,0.76,0.12,22,77,0.044,0.037,Benign,0
2516,UDP,SMTP,9753,59701,29,27603.83,11.53,1,29,1,0,0,0.861,0.079,41,84,0.044,0.034,Benign,0
404,TCP,HTTPS,532,2667,31,7916.36,76.71,1,31,1,1,0,0.903,0.016,22,99,0.026,0.01,Benign,0
1446,TCP,HTTP,517,4838,20,3703.06,13.83,1,20,1,0,0,0.887,0.052,24,47,0.017,0.039,Benign,0
1507,TCP,DNS,503,29429,13,19860.66,8.63,2,13,1,0,0,0.783,0.057,11,87,0.05,0.001,Benign,0
829,TCP,DNS,4500,8088,13,15182.73,15.68,1,13,2,0,0,0.911,0.101,48,87,0.041,0.04,Benign,0
165,TCP,HTTPS,1690,6883,16,51926.11,96.91,1,16,1,0,0,0.779,0.088,49,82,0.041,0.036,Benign,0
1181,UDP,HTTPS,2079,11306,100,11332.66,84.67,1,100,1,0,0,0.888,0.073,2,18,0.004,0.014,Benign,0
1357,TCP,DNS,1124,298,7,1047.82,5.16,1,7,1,0,0,0.914,0.02,17,59,0.002,0.03,Benign,0
53,TCP,HTTP,42325,10,817,797269.3,15386.06,747,81,0,133,0,0.936,0.012,180,246,0.76,0.15,DoS_DDoS,1
30,TCP,OTHER,59,34,3,3089.7,99.67,3,0,0,1,0,0.106,0.962,227,1,0.541,0.649,PortScan,1
191,TCP,HTTP,145621,112,285,762600.73,1491.37,228,17,0,36,0,0.975,0.027,184,233,0.999,0.095,DoS_DDoS,1
42,ICMP,HTTP,87550,22,269,2080095.01,6389.55,192,14,0,28,0,0.962,0.061,254,218,0.991,0.156,DoS_DDoS,1
1314,TCP,HTTPS,1835,988,16,2148.24,12.18,1,16,1,0,0,0.824,0.02,15,52,0.026,0.031,Benign,0
3233,TCP,HTTPS,372,2513,12,892.33,3.71,1,12,1,0,0,0.988,0.086,20,38,0.031,0.031,Benign,0
2023,TCP,HTTP,12547,79075,6,45287.92,2.97,1,6,1,0,0,0.87,0.001,41,99,0.031,0.029,Benign,0
1332,TCP,HTTPS,5804,77139,46,62264.84,34.53,1,46,1,0,0,0.893,0.041,23,68,0.016,0.032,Benign,0
186,TCP,HTTPS,2013,5436,11,40026.87,59.11,1,11,1,0,0,0.967,0.083,31,84,0.046,0.027,Benign,0
330,TCP,HTTPS,2654,683,46,10109.06,139.35,1,46,1,0,0,0.87,0.008,17,22,0.043,0.02,Benign,0
634,TCP,HTTPS,2738,659,38,5357.2,59.93,1,38,1,0,0,0.996,0.039,39,58,0.006,0.019,Benign,0
1472,TCP,DNS,17948,188,21,12319.82,14.27,1,21,1,0,0,0.797,0.135,2,73,0.005,0.024,Benign,0
1519,TCP,HTTP,312,921,44,811.66,28.96,1,44,1,0,0,0.951,0.103,31,61,0.008,0.025,Benign,0
1294,ICMP,DNS,3810,1267,18,3923.19,13.91,1,18,2,0,0,0.928,0.086,11,85,0.008,0.019,Benign,0
1605,TCP,HTTP,2239,21425,36,14743.01,22.43,1,36,1,0,0,0.99,0.081,14,21,0.006,0.025,Benign,0
82,TCP,SMTP,526,30458,88,377393.42,1071.86,1,88,2,0,0,0.82,0.099,34,47,0.018,0.01,Benign,0
1434,UDP,HTTP,1290,7628,43,6218.53,29.98,1,43,1,0,0,0.805,0.062,11,99,0.016,0.004,Benign,0
863,TCP,DNS,3289,21950,24,29242.27,27.81,1,24,1,0,0,0.758,0.099,1,7,0.023,0.023,Benign,0
21,TCP,FTP,101,0,3,4786.73,142.18,3,0,0,0,0,0.067,0.877,239,14,0.849,0.7,PortScan,1
332,UDP,DNS,2582,39,218,7892.2,656.43,195,15,0,73,0,0.915,0.045,204,243,0.846,0.102,DoS_DDoS,1
207,TCP,HTTP,46840,396,363,228083.05,1752.78,330,3,0,119,0,0.962,0.066,212,172,0.956,0.159,DoS_DDoS,1
31,TCP,FTP,89,0,3,2861.74,96.46,3,0,0,0,0,0.133,0.967,212,10,0.803,0.626,PortScan,1
1382,TCP,HTTP,2266,77072,16,57403.95,11.58,1,16,1,0,0,0.929,0.064,44,55,0.04,0.015,Benign,0
2124,UDP,HTTP,1348,20230,10,10158.66,4.71,2,10,1,0,0,0.93,0.084,29,61,0.021,0.007,Benign,0
619,TCP,HTTPS,2058,1287,69,5403.0,111.45,2,69,1,0,0,0.772,0.117,45,78,0.008,0.01,Benign,0
1261,UDP,SMTP,880,14034,21,11826.18,16.65,1,21,1,0,0,0.92,0.086,9,14,0.001,0.036,Benign,0
634,UDP,SSH,4612,1055,89,8937.08,140.36,1,89,1,0,0,0.959,0.068,5,81,0.015,0.009,Benign,0
108,TCP,HTTP,2161,59785,27,573043.48,249.77,1,27,2,0,0,0.825,0.018,45,61,0.042,0.007,Benign,0
637,TCP,HTTPS,3240,11725,27,23489.25,42.38,1,27,1,0,0,0.958,0.139,27,86,0.022,0.012,Benign,0
826,UDP,DNS,1293,1412,5,3274.42,6.05,1,5,1,0,0,0.998,0.138,10,96,0.047,0.038,Benign,0
476,TCP,DNS,1134,6339,31,15696.28,65.11,1,31,1,0,0,0.974,0.022,29,81,0.007,0.022,Benign,0
20,TCP,HTTPS,48053,9,289,2391144.28,14378.11,203,16,0,57,0,0.888,0.071,190,155,0.822,0.19,DoS_DDoS,1
1593,TCP,HTTP,579,5604,17,3881.11,10.67,1,17,1,0,0,0.975,0.143,27,49,0.008,0.015,Benign,0
1103,TCP,HTTPS,17899,5230,15,20967.27,13.6,1,15,1,0,0,0.926,0.001,49,71,0.034,0.006,Benign,0
560,TCP,HTTP,1806,128,49,3452.95,87.48,1,49,2,0,0,0.92,0.139,18,84,0.044,0.005,Benign,0
2142,UDP,SSH,2031,895,17,1365.95,7.94,1,17,1,0,0,0.87,0.085,6,83,0.047,0.026,Benign,0
109,TCP,HTTP,41037,468,188,380430.8,1723.19,136,9,0,50,0,0.982,0.046,180,201,0.944,0.013,DoS_DDoS,1
1577,TCP,HTTPS,2949,8371,57,7177.73,36.14,1,57,1,0,0,0.867,0.043,31,53,0.016,0.004,Benign,0
1131,TCP,HTTPS,3160,869,10,3562.02,8.84,2,10,1,0,0,0.887,0.072,39,79,0.0,0.04,Benign,0
211,TCP,HTTP,15800,92,1696,75281.86,8034.11,1492,143,0,387,0,0.875,0.03,208,192,0.835,0.185,DoS_DDoS,1
514,TCP,SSH,1168,493,22,3230.89,42.79,3,19,1,3,12,0.876,0.018,45,23,0.021,0.347,BruteForce,1
1548,TCP,HTTP,338,10730,11,7149.41,7.11,1,11,1,0,0,0.88,0.121,42,89,0.015,0.035,Benign,0
3112,TCP,HTTPS,1585,101103,46,32996.37,14.78,2,46,1,0,0,0.922,0.019,40,88,0.022,0.003,Benign,0
793,UDP,HTTP,1214,6417,22,9621.74,27.74,1,22,1,0,0,0.925,0.107,16,82,0.024,0.019,Benign,0
698,TCP,HTTPS,5282,319,47,8023.21,67.33,1,47,2,0,0,0.969,0.046,38,96,0.037,0.036,Benign,0
4979,UDP,DNS,215,2631,12,571.59,2.41,1,11,1,0,0,0.515,0.322,38,23,0.128,0.011,Botnet_C2,1
817,TCP,HTTPS,190,6296,75,7937.83,91.79,1,75,1,0,0,0.916,0.093,47,74,0.045,0.008,Benign,0
477,TCP,HTTP,4976,6801,22,24684.55,46.11,1,22,2,0,0,0.837,0.107,1,76,0.047,0.018,Benign,0
125,TCP,HTTPS,18691,6,1728,149456.43,13812.95,1599,87,0,307,0,0.974,0.076,235,219,0.863,0.067,DoS_DDoS,1
1889,TCP,HTTPS,678,1110,12,946.48,6.35,2,12,1,0,0,0.826,0.061,19,45,0.0,0.017,Benign,0
106,TCP,HTTPS,2143,5920,19,75994.34,179.08,2,19,1,0,0,0.943,0.023,11,69,0.036,0.012,Benign,0
5638,TCP,DNS,225,12065,16,2179.81,2.84,1,15,1,0,0,0.407,0.347,16,18,0.122,0.082,Botnet_C2,1
19,TCP,OTHER,117,0,1,6125.65,52.36,1,0,0,0,0,0.062,0.995,211,11,0.632,0.787,PortScan,1
821,TCP,HTTPS,2896,21876,12,30169.29,14.61,1,12,1,0,0,0.844,0.001,8,92,0.041,0.018,Benign,0
2667,TCP,HTTP,1403,571,14,740.13,5.25,1,14,1,0,0,0.971,0.08,5,79,0.043,0.022,Benign,0
3649,TCP,HTTP,2252,182695,31,50682.91,8.5,1,31,2,0,0,0.823,0.009,6,27,0.048,0.009,Benign,0
4179,TCP,FTP,1753,403,39,515.9,9.33,3,36,1,1,3,0.828,0.044,43,29,0.052,0.367,BruteForce,1
12,TCP,FTP,76,0,2,6280.99,165.29,2,0,0,0,0,0.044,0.937,241,9,0.635,0.445,PortScan,1
176,TCP,HTTPS,1105,2926,25,22890.4,141.96,1,25,1,0,0,0.933,0.08,42,70,0.048,0.014,Benign,0
979,TCP,HTTPS,611,7609,32,8395.47,32.68,1,32,1,0,0,0.991,0.12,18,74,0.027,0.025,Benign,0
827,TCP,HTTPS,853,3342,24,5071.94,29.02,1,24,1,0,0,0.922,0.149,13,81,0.026,0.027,Benign,0
15,TCP,FTP,99,0,2,6556.29,132.45,2,0,0,0,0,0.049,0.904,223,1,0.633,0.306,PortScan,1
18,TCP,OTHER,106,20,1,6961.33,55.25,1,0,0,1,0,0.003,0.869,247,9,0.57,0.566,PortScan,1
14,TCP,HTTP,34827,25,1812,2471773.05,128510.64,1346,129,0,349,0,0.94,0.033,206,227,0.847,0.063,DoS_DDoS,1
11,TCP,OTHER,43,0,3,3873.87,270.27,3,0,0,0,0,0.006,0.768,213,2,0.64,0.395,PortScan,1
152,ICMP,SSH,3136,1825,3,32616.7,19.72,1,3,1,0,0,0.862,0.019,36,67,0.009,0.01,Benign,0
314,UDP,HTTP,2051,5853,21,25163.96,66.86,1,21,1,0,0,0.942,0.13,27,81,0.033,0.022,Benign,0
469,TCP,SSH,4112,969,12,10831.38,25.58,1,12,1,1,0,0.911,0.042,36,41,0.045,0.021,Benign,0
2007,TCP,HTTPS,300,4824,19,2552.94,9.47,1,19,1,0,0,0.786,0.001,13,55,0.009,0.024,Benign,0
16,UDP,HTTP,8565,55,320,535403.73,19875.78,288,15,0,122,0,0.985,0.071,223,218,0.74,0.136,DoS_DDoS,1
50,TCP,HTTPS,716,2680,12,67784.43,239.52,1,12,1,0,0,0.993,0.09,35,98,0.034,0.038,Benign,0
321,TCP,HTTP,9208,3952,17,40984.12,52.94,1,17,1,0,0,0.85,0.009,35,80,0.044,0.006,Benign,0
235,TCP,HTTPS,1880,23609,74,108417.69,314.76,1,74,1,0,0,0.847,0.047,15,74,0.006,0.013,Benign,0
15,TCP,HTTPS,13983,56,1183,929735.1,78344.37,1076,37,0,229,0,0.986,0.009,197,156,0.792,0.158,DoS_DDoS,1
1647,TCP,HTTPS,5758,14136,90,12078.2,54.64,1,90,1,0,0,0.895,0.142,30,56,0.025,0.013,Benign,0
891,UDP,HTTPS,237,3769,14,4495.57,15.71,1,14,1,0,0,0.918,0.08,41,64,0.03,0.017,Benign,0
2735,TCP,HTTPS,76,55035,40,20149.54,14.62,1,40,1,0,0,0.763,0.134,39,70,0.007,0.004,Benign,0
964,TCP,HTTPS,4193,24230,123,29481.38,127.58,1,123,1,0,0,0.792,0.096,2,47,0.025,0.022,Benign,0
26,TCP,OTHER,90,0,1,3448.28,38.31,1,0,0,0,0,0.022,0.757,222,5,0.738,0.673,PortScan,1
882,TCP,HTTP,2463,2156,19,5236.37,21.54,1,19,1,0,0,0.79,0.073,17,25,0.033,0.022,Benign,0
572,UDP,HTTP,16204,90,302,28481.03,527.88,232,26,0,63,0,0.914,0.067,217,204,0.721,0.138,DoS_DDoS,1
1114,TCP,HTTPS,2580,4774,105,6600.84,94.25,1,105,1,0,0,0.922,0.037,11,95,0.048,0.025,Benign,0
881,TCP,HTTPS,775,9387,4,11533.31,4.54,1,4,1,0,0,0.944,0.097,33,70,0.029,0.015,Benign,0
327,TCP,DNS,219,1532,12,5353.1,36.69,1,12,2,0,0,0.866,0.075,25,45,0.033,0.028,Benign,0
373,UDP,HTTPS,4216,87,2547,11533.1,6826.59,1872,155,0,784,0,0.912,0.043,193,195,0.986,0.111,DoS_DDoS,1
15,TCP,OTHER,65,0,3,4304.64,198.68,3,0,0,0,0,0.146,0.877,229,13,0.695,0.546,PortScan,1
2444,TCP,SMTP,763,5941,25,2742.93,10.23,1,25,1,0,0,0.924,0.043,15,52,0.047,0.016,Benign,0
1182,TCP,HTTPS,4442,3736,57,6918.2,48.22,2,57,1,0,0,0.762,0.028,26,65,0.007,0.019,Benign,0
3810,TCP,DNS,2500,2923,10,1423.32,2.62,1,10,1,0,0,0.817,0.043,7,56,0.046,0.007,Benign,0
26,TCP,OTHER,74,0,3,2835.25,114.94,3,0,0,0,0,0.096,0.932,229,7,0.87,0.58,PortScan,1
737,TCP,HTTP,686,13856,7,19728.67,9.5,1,7,1,0,0,0.944,0.04,38,47,0.027,0.002,Benign,0
613,TCP,HTTP,613,12804,17,21883.87,27.73,1,17,1,0,0,0.879,0.04,10,55,0.012,0.036,Benign,0
983,TCP,HTTPS,4788,1317,18,6209.95,18.31,1,18,1,0,0,0.859,0.033,41,97,0.012,0.027,Benign,0
92,TCP,HTTPS,3423,170,5852,39011.94,63539.63,4729,160,0,2219,0,0.987,0.006,209,204,0.744,0.029,DoS_DDoS,1
38,TCP,HTTPS,1603,6869,32,222362.2,839.9,1,32,1,0,0,0.847,0.025,42,48,0.032,0.01,Benign,0
980,UDP,HTTP,5694,25605,8,31934.5,8.16,1,8,1,0,0,0.817,0.103,8,50,0.036,0.001,Benign,0
5383,UDP,OTHER,285,2819,12,576.62,2.23,1,11,1,0,0,0.712,0.372,40,13,0.089,0.051,Botnet_C2,1
1032,TCP,HTTPS,471,1583,22,1990.12,21.32,1,22,1,0,0,0.931,0.121,34,81,0.021,0.036,Benign,0
1379,TCP,DNS,267,81374,15,59198.75,10.88,1,15,1,0,0,0.982,0.01,1,31,0.047,0.009,Benign,0
509,TCP,HTTP,4064,374,177,8717.34,347.67,1,177,1,0,0,0.763,0.038,27,96,0.005,0.033,Benign,0
21,TCP,OTHER,86,0,2,4075.83,94.79,2,0,0,0,0,0.053,0.863,218,3,0.687,0.531,PortScan,1
819,TCP,HTTPS,910,19121,8,24454.89,9.77,1,8,1,0,0,0.762,0.034,24,42,0.031,0.029,Benign,0
1427,TCP,SSH,2311,2667,41,3488.19,28.73,1,41,1,0,0,0.839,0.096,25,69,0.01,0.01,Benign,0
69,UDP,HTTPS,1057,10227,67,163299.57,969.61,2,67,1,0,0,0.941,0.026,16,67,0.002,0.02,Benign,0
425,TCP,HTTP,1026,2754,9,8892.03,21.17,1,9,1,0,0,0.924,0.078,21,67,0.013,0.01,Benign,0
2541,TCP,FTP,2375,1675,21,1593.8,8.26,4,17,1,1,10,0.959,0.056,11,12,0.034,0.491,BruteForce,1
92,ICMP,DNS,12121,88,501,132562.43,5439.74,475,31,0,101,0,0.944,0.034,190,192,0.874,0.074,DoS_DDoS,1
20,TCP,HTTPS,23875,293,280,1202388.06,13930.35,202,9,0,109,0,0.923,0.038,191,253,0.807,0.028,DoS_DDoS,1
678,ICMP,HTTPS,1262,10061,18,16698.13,26.54,1,18,1,0,0,0.814,0.129,9,19,0.018,0.018,Benign,0
146,UDP,HTTP,32971,80,277,226221.77,1895.96,211,17,0,103,0,0.984,0.029,205,177,0.853,0.093,DoS_DDoS,1
1070,TCP,HTTPS,10056,4430,12,13537.05,11.21,2,12,2,0,0,0.904,0.074,48,78,0.011,0.019,Benign,0
342,TCP,HTTPS,29933,20,132,87556.27,385.85,111,8,0,34,0,0.954,0.065,252,174,0.711,0.106,DoS_DDoS,1
718,TCP,DNS,2112,22748,43,34619.13,59.88,1,43,1,0,0,0.768,0.054,3,15,0.002,0.025,Benign,0
1119,TCP,HTTPS,929,305,32,1102.67,28.59,1,32,1,1,0,0.762,0.027,20,65,0.007,0.024,Benign,0
292,TCP,DNS,1323,1684,25,10294.42,85.59,1,25,1,0,0,0.996,0.119,16,62,0.012,0.003,Benign,0
138,TCP,HTTPS,1401,28808,34,218747.28,246.2,1,34,1,0,0,0.797,0.028,37,58,0.047,0.016,Benign,0
140,TCP,HTTP,706,409,40,7958.6,285.51,1,40,1,0,0,0.839,0.095,5,6,0.029,0.006,Benign,0
65,TCP,HTTPS,11253,15,640,173087.56,9831.03,529,3,0,225,0,0.944,0.075,227,155,0.845,0.133,DoS_DDoS,1
32,TCP,OTHER,44,0,2,1370.72,62.31,2,0,0,0,0,0.159,0.7,244,7,0.93,0.665,PortScan,1
1,TCP,SSH,114,0,3,103636.36,2727.27,3,0,0,0,0,0.027,0.718,227,8,0.703,0.647,PortScan,1
4808,UDP,IRC,546,13577,9,2937.33,1.87,1,8,1,0,0,0.722,0.265,38,9,0.028,0.008,Botnet_C2,1
2156,TCP,HTTP,1579,1060,15,1223.97,6.96,1,15,2,0,0,0.958,0.114,12,20,0.032,0.016,Benign,0
8,TCP,OTHER,85,0,2,10493.83,246.91,2,0,0,0,0,0.033,0.801,240,3,0.86,0.755,PortScan,1
879,TCP,HTTPS,14836,3385,7,20726.88,7.96,1,7,1,0,0,0.934,0.127,25,35,0.023,0.04,Benign,0
5,TCP,OTHER,93,45,2,27058.82,392.16,2,0,0,1,0,0.136,0.75,201,14,0.618,0.316,PortScan,1
443,UDP,HTTPS,2599,5008,17,17167.68,38.37,2,17,1,0,0,0.94,0.05,47,74,0.047,0.014,Benign,0
138,TCP,HTTPS,5623,3617,15,66908.04,108.62,1,15,1,0,0,0.977,0.131,10,87,0.004,0.004,Benign,0
3354,TCP,SSH,1788,224,49,599.86,14.61,4,45,1,3,12,0.81,0.035,78,8,0.081,0.348,BruteForce,1
4496,TCP,FTP,367,496,49,191.94,10.9,2,47,1,2,14,0.82,0.02,22,27,0.177,0.339,BruteForce,1
10,TCP,OTHER,83,0,3,8217.82,297.03,3,0,0,0,0,0.054,0.884,225,3,0.766,0.663,PortScan,1
1679,TCP,HTTPS,1669,732,10,1429.93,5.96,1,10,1,0,0,0.897,0.113,9,59,0.024,0.037,Benign,0
5107,TCP,DNS,345,24027,11,4772.18,2.15,1,10,1,0,0,0.727,0.269,17,16,0.052,0.081,Botnet_C2,1
5117,TCP,DNS,301,6241,11,1278.46,2.15,1,10,1,0,0,0.527,0.182,32,25,0.021,0.051,Botnet_C2,1
976,UDP,HTTPS,4054,9628,10,14017.01,10.24,1,10,1,0,0,0.895,0.021,45,77,0.034,0.032,Benign,0
381,TCP,HTTP,23887,301,298,63468.91,781.95,241,23,0,96,0,0.947,0.079,219,227,0.82,0.039,DoS_DDoS,1
52,ICMP,HTTPS,3171,18,201,61209.21,3857.97,166,11,0,45,0,0.912,0.059,236,186,0.863,0.027,DoS_DDoS,1
1785,ICMP,SMTP,1202,6458,61,4291.08,34.17,1,61,1,0,0,0.979,0.013,49,61,0.01,0.0,Benign,0
1258,TCP,HTTP,168,3318,111,2770.84,88.23,1,111,1,0,0,0.791,0.018,10,67,0.049,0.002,Benign,0
1292,TCP,FTP,904,1971,15,2225.06,11.61,5,10,1,2,3,0.903,0.021,37,35,0.208,0.475,BruteForce,1
1815,TCP,HTTPS,930,9233,20,5599.14,11.02,2,20,1,0,0,0.868,0.043,44,89,0.032,0.036,Benign,0
4888,TCP,HTTPS,425,4441,22,995.48,4.5,1,21,1,0,0,0.443,0.426,19,13,0.047,0.036,Botnet_C2,1
4616,TCP,DNS,513,2020,19,548.73,4.12,1,18,1,0,0,0.559,0.215,18,17,0.132,0.095,Botnet_C2,1
2383,TCP,DNS,2086,2407,13,1885.36,5.46,1,13,1,0,0,0.777,0.114,44,90,0.049,0.004,Benign,0
479,TCP,HTTPS,644,34523,22,73402.21,45.92,1,22,1,0,0,0.904,0.095,4,97,0.046,0.037,Benign,0
1263,UDP,SSH,1961,1172,11,2480.41,8.71,2,11,1,0,0,0.911,0.089,2,6,0.02,0.012,Benign,0
3179,UDP,SSH,785,259,25,328.39,7.86,2,25,1,0,0,0.959,0.069,18,29,0.037,0.025,Benign,0
192,TCP,HTTP,21902,13,5009,114081.21,26074.96,3690,339,0,1168,0,0.937,0.025,222,252,0.808,0.17,DoS_DDoS,1
5,TCP,OTHER,53,0,1,10392.16,196.08,1,0,0,0,0,0.09,0.898,236,6,0.855,0.339,PortScan,1
106,UDP,HTTPS,2543,1113,18,34458.06,169.65,1,18,1,0,0,0.984,0.052,4,23,0.026,0.011,Benign,0
819,UDP,HTTPS,1973,1083,33,3730.92,40.29,1,33,1,0,0,0.913,0.009,2,56,0.028,0.007,Benign,0
766,TCP,HTTPS,406,3080,22,4550.32,28.72,1,22,1,0,0,0.784,0.038,21,21,0.04,0.001,Benign,0
12,TCP,DNS,2810,161,389,245537.19,32148.76,326,33,0,96,0,0.863,0.003,220,171,0.721,0.014,DoS_DDoS,1
531,UDP,DNS,263,10909,6,21035.59,11.3,1,6,1,0,0,0.796,0.077,32,52,0.003,0.021,Benign,0
20,UDP,HTTPS,640,3978,27,229751.24,1343.28,1,27,1,0,0,0.931,0.001,28,44,0.027,0.027,Benign,0
381,TCP,DNS,1557,560,13,5554.97,34.11,1,13,1,0,0,0.793,0.011,25,97,0.049,0.014,Benign,0
896,UDP,HTTPS,35656,7560,40,48226.76,44.64,1,40,1,0,0,0.779,0.093,14,26,0.045,0.035,Benign,0
600,TCP,HTTP,952,20991,23,36565.57,38.33,1,23,1,0,0,0.835,0.016,20,70,0.01,0.037,Benign,0
1567,TCP,HTTPS,229,1500,31,1103.31,19.78,2,31,1,0,0,0.797,0.136,4,42,0.039,0.009,Benign,0
101,UDP,DNS,38865,80,913,385212.66,9030.66,855,29,0,157,0,0.905,0.071,190,223,0.985,0.048,DoS_DDoS,1
572,UDP,HTTP,2576,1653,24,7392.06,41.95,1,24,1,0,0,0.942,0.071,16,62,0.039,0.013,Benign,0
1897,TCP,HTTPS,14223,3194,23,9180.85,12.12,1,23,2,0,0,0.898,0.09,45,91,0.043,0.005,Benign,0
258,TCP,HTTP,20806,23,115,80701.28,445.56,109,5,0,34,0,0.925,0.008,242,175,0.925,0.16,DoS_DDoS,1
188,TCP,HTTPS,19608,102,326,104784.69,1733.12,257,32,0,128,0,0.97,0.027,207,211,0.839,0.123,DoS_DDoS,1
3662,TCP,SSH,1689,2342,44,1100.73,12.01,5,39,1,3,6,0.895,0.031,25,21,0.128,0.351,BruteForce,1
495,UDP,HTTPS,4781,6846,31,23484.14,62.61,1,31,1,0,0,0.883,0.094,29,90,0.036,0.028,Benign,0
825,TCP,DNS,1194,89494,40,109911.53,48.48,2,40,1,0,0,0.795,0.148,39,39,0.031,0.002,Benign,0
748,TCP,HTTPS,611,10280,10,14558.21,13.37,1,10,1,0,0,0.87,0.133,48,95,0.034,0.014,Benign,0
4976,TCP,HTTPS,3208,2325,6,1111.91,1.21,1,6,1,0,0,0.89,0.113,25,87,0.001,0.034,Benign,0
4844,TCP,SSH,1500,2457,16,816.87,3.3,1,16,1,0,0,0.944,0.138,42,96,0.022,0.001,Benign,0
6465,TCP,SSH,3269,1045,19,667.28,2.94,2,17,1,2,4,0.809,0.099,61,5,0.213,0.331,BruteForce,1
286,TCP,HTTP,7589,1681,20,32401.26,69.91,1,20,1,0,0,0.966,0.07,6,74,0.04,0.017,Benign,0
5,TCP,OTHER,98,0,1,19215.69,196.08,1,0,0,0,0,0.103,0.814,246,5,0.526,0.568,PortScan,1
2679,TCP,SSH,1094,499,39,594.6,14.56,2,37,1,1,11,0.897,0.099,20,23,0.07,0.253,BruteForce,1
24,TCP,OTHER,51,0,2,2116.18,82.99,2,0,0,0,0,0.19,0.711,202,4,0.81,0.412,PortScan,1
1487,TCP,HTTP,753,7442,65,5510.73,43.71,1,65,1,0,0,0.989,0.131,39,51,0.033,0.033,Benign,0
4265,UDP,DNS,783,25382,21,6134.67,4.92,1,20,1,0,0,0.412,0.436,5,16,0.052,0.06,Botnet_C2,1
5328,TCP,IRC,351,7039,10,1386.99,1.88,1,9,1,0,0,0.535,0.466,18,13,0.021,0.023,Botnet_C2,1
24,TCP,OTHER,73,0,3,3029.05,124.48,3,0,0,0,0,0.089,0.947,218,11,0.863,0.745,PortScan,1
175,TCP,DNS,182,8140,38,47527.13,217.02,1,38,1,0,0,0.854,0.072,17,81,0.046,0.0,Benign,0
1588,TCP,HTTP,1657,1675,38,2098.1,23.93,1,38,1,0,0,0.79,0.088,33,97,0.033,0.025,Benign,0
125,TCP,SMTP,279,10113,23,83069.54,183.85,1,23,1,1,0,0.95,0.098,18,74,0.044,0.005,Benign,0
7763,TCP,SSH,567,302,30,111.94,3.86,4,26,1,2,12,0.97,0.046,37,26,0.03,0.342,BruteForce,1
372,TCP,DNS,1030,1150,109,5858.64,292.93,1,109,1,0,0,0.961,0.047,37,42,0.021,0.029,Benign,0
5,TCP,OTHER,116,0,1,22745.1,196.08,1,0,0,0,0,0.098,0.804,245,9,0.544,0.779,PortScan,1
108,TCP,HTTPS,606,1361,29,18196.11,268.27,1,29,2,0,0,0.804,0.094,46,60,0.044,0.002,Benign,0
5120,TCP,HTTPS,515,33152,12,6575.46,2.34,1,11,1,0,0,0.73,0.23,31,15,0.121,0.041,Botnet_C2,1
460,TCP,HTTPS,1095,6823,58,17209.3,126.06,1,58,1,0,0,0.846,0.125,49,83,0.022,0.016,Benign,0
29,TCP,SSH,59,53,1,3848.8,34.36,1,0,0,1,0,0.171,0.763,208,2,0.859,0.632,PortScan,1
193,TCP,HTTP,35120,67,161,182221.65,833.76,113,2,0,40,0,0.971,0.07,213,165,0.983,0.03,DoS_DDoS,1
1081,UDP,DNS,1977,5141,9,6584.03,8.32,1,9,1,0,0,0.835,0.043,11,84,0.036,0.026,Benign,0
343,UDP,DNS,6300,12,272,18396.97,792.77,254,11,0,35,0,0.976,0.073,188,234,0.848,0.184,DoS_DDoS,1
499,TCP,DNS,1352,42768,22,88399.12,44.08,1,22,1,0,0,0.916,0.14,6,63,0.018,0.036,Benign,0
77,UDP,HTTP,39950,53,1694,518845.65,21971.47,1499,110,0,503,0,0.902,0.02,224,152,0.907,0.077,DoS_DDoS,1
34,TCP,HTTP,1864,2424,27,125747.8,791.79,1,27,1,0,0,0.87,0.025,23,90,0.015,0.007,Benign,0
1717,TCP,FTP,518,388,51,527.63,29.7,4,47,1,2,11,0.842,0.081,47,32,0.052,0.374,BruteForce,1
2043,TCP,HTTP,5740,49555,9,27064.27,4.41,1,9,1,0,0,0.756,0.138,5,87,0.039,0.016,Benign,0
1063,TCP,DNS,917,12628,7,12741.04,6.58,1,7,1,0,0,0.992,0.138,31,86,0.047,0.017,Benign,0
191,UDP,HTTPS,9583,22,838,50261.64,4385.14,740,43,0,142,0,0.856,0.076,200,176,0.737,0.086,DoS_DDoS,1
141,TCP,HTTPS,3019,72091,82,532317.51,581.15,2,82,1,0,0,0.894,0.027,19,56,0.029,0.014,Benign,0
246,TCP,HTTPS,611,331,3,3827.71,12.19,1,3,1,0,0,0.849,0.045,25,82,0.043,0.02,Benign,0
701,TCP,DNS,1131,2280,71,4865.21,101.27,1,71,1,0,0,0.774,0.078,38,57,0.04,0.039,Benign,0
1426,TCP,HTTPS,988,1595,12,1811.23,8.41,1,12,1,0,0,0.781,0.042,41,58,0.012,0.007,Benign,0
1106,UDP,DNS,5621,160441,15,150132.9,13.56,1,15,1,1,0,0.949,0.005,39,44,0.024,0.015,Benign,0
1783,UDP,DNS,3646,8811,11,6986.15,6.17,1,11,1,0,0,0.918,0.118,44,50,0.023,0.002,Benign,0
136,TCP,HTTP,622,957,20,11601.76,146.95,1,20,1,0,0,0.991,0.091,31,56,0.01,0.005,Benign,0
1700,UDP,HTTPS,3518,419,17,2315.75,10.0,1,17,1,0,0,0.972,0.001,24,45,0.023,0.027,Benign,0
104,ICMP,DNS,16600,226,57,161633.05,547.55,1,57,1,0,0,0.872,0.024,24,52,0.035,0.018,Benign,0
3772,TCP,HTTPS,248,6171,9,1701.7,2.39,1,9,1,0,0,0.916,0.023,40,59,0.04,0.018,Benign,0
3148,UDP,HTTPS,843,1158,4,635.62,1.27,1,4,2,0,0,0.93,0.013,48,83,0.023,0.035,Benign,0
899,UDP,DNS,183,8553,85,9716.38,94.54,1,85,1,0,0,0.806,0.146,16,38,0.045,0.009,Benign,0
4995,TCP,HTTPS,289,1690,14,396.19,2.8,1,13,1,0,0,0.715,0.3,19,9,0.11,0.03,Botnet_C2,1
2967,TCP,HTTP,4572,10887,39,5210.14,13.14,1,39,1,0,0,0.941,0.039,31,34,0.031,0.015,Benign,0
33,TCP,SSH,113,0,3,3413.9,90.63,3,0,0,0,0,0.16,0.758,219,12,0.553,0.52,PortScan,1
36,UDP,HTTP,68613,75,290,1902714.68,8033.24,234,0,0,98,0,0.991,0.074,207,246,0.903,0.193,DoS_DDoS,1
9096,TCP,FTP,826,828,44,181.84,4.84,3,41,1,1,11,0.926,0.041,14,9,0.207,0.325,BruteForce,1
5629,TCP,IRC,567,16416,13,3017.0,2.31,1,12,1,0,0,0.571,0.341,31,24,0.035,0.078,Botnet_C2,1
79,UDP,DNS,653,5305,29,75322.38,366.62,1,29,1,0,0,0.877,0.11,26,75,0.011,0.013,Benign,0
1901,UDP,HTTPS,12630,11146,19,12506.44,9.99,1,19,1,0,0,0.793,0.095,40,70,0.025,0.003,Benign,0
929,TCP,HTTP,2959,276,18,3481.86,19.37,1,18,1,0,0,0.822,0.056,35,43,0.039,0.013,Benign,0
8,TCP,OTHER,99,0,1,12222.22,123.46,1,0,0,0,0,0.075,0.707,206,5,0.764,0.766,PortScan,1
659,TCP,HTTPS,3541,3675,65,10948.26,98.62,1,65,1,0,0,0.792,0.128,15,47,0.015,0.016,Benign,0
33,TCP,OTHER,91,33,1,3746.22,30.21,1,0,0,1,0,0.098,0.997,252,14,0.532,0.627,PortScan,1
2496,TCP,HTTPS,353,64166,34,25847.92,13.62,1,34,1,1,0,0.989,0.027,4,77,0.002,0.026,Benign,0
17,TCP,SSH,95,0,3,5555.56,175.44,3,0,0,0,0,0.048,0.773,225,9,0.571,0.551,PortScan,1
328,TCP,HTTP,939,26702,20,84245.66,60.96,1,20,1,0,0,0.822,0.101,45,76,0.017,0.014,Benign,0
7,UDP,DNS,4964,10,438,700563.38,61690.14,327,19,0,169,0,0.864,0.063,189,189,0.946,0.092,DoS_DDoS,1
1107,UDP,SSH,3515,1955,23,4940.84,20.77,1,23,1,0,0,0.934,0.139,13,75,0.039,0.007,Benign,0
488,UDP,HTTPS,2535,25873,21,58201.19,43.02,1,21,1,0,0,0.757,0.137,38,66,0.025,0.005,Benign,0
4427,UDP,DNS,442,4479,9,1111.56,2.03,1,8,1,0,0,0.798,0.314,21,22,0.129,0.059,Botnet_C2,1
493,TCP,HTTPS,625,192,16,1656.86,32.45,1,16,1,0,0,0.828,0.065,30,60,0.011,0.0,Benign,0
26,TCP,OTHER,82,45,2,4865.9,76.63,2,0,0,1,0,0.133,0.906,233,7,0.796,0.671,PortScan,1
2,TCP,OTHER,81,33,2,54285.71,952.38,2,0,0,1,0,0.115,0.715,228,6,0.796,0.392,PortScan,1
2914,TCP,SSH,636,371,27,345.56,9.27,5,22,1,1,10,0.974,0.016,71,10,0.15,0.572,BruteForce,1
2367,TCP,HTTP,16852,6537,23,9880.87,9.72,2,23,1,0,0,0.892,0.127,10,38,0.006,0.005,Benign,0
791,TCP,SSH,2420,837,48,4117.05,60.68,5,43,1,3,14,0.804,0.026,14,33,0.056,0.522,BruteForce,1
331,TCP,DNS,4862,6167,13,33310.18,39.26,2,13,1,0,0,0.808,0.084,11,83,0.043,0.004,Benign,0
40,TCP,HTTP,5841,6435,21,306134.66,523.69,2,21,1,0,0,0.995,0.03,46,97,0.043,0.035,Benign,0
107,TCP,DNS,355,15149,19,144761.9,177.4,1,19,1,0,0,0.903,0.142,45,91,0.02,0.021,Benign,0
2999,TCP,SMTP,1039,1906,34,981.96,11.34,1,34,1,0,0,0.949,0.013,24,24,0.021,0.032,Benign,0
958,TCP,DNS,2278,287,41,2677.17,42.79,1,41,1,0,0,0.821,0.133,28,87,0.007,0.028,Benign,0
138,UDP,HTTP,515,9815,27,74800.87,195.51,1,27,1,0,0,0.972,0.05,27,30,0.047,0.003,Benign,0
15202,TCP,SSH,547,797,18,88.41,1.18,2,16,1,2,14,0.888,0.059,53,5,0.014,0.314,BruteForce,1
1001,TCP,HTTP,338,3143,40,3477.18,39.96,1,40,1,0,0,0.875,0.136,9,97,0.001,0.026,Benign,0
2968,TCP,SSH,718,782,49,505.37,16.51,5,44,1,2,4,0.846,0.057,64,16,0.147,0.525,BruteForce,1
35,TCP,FTP,40,0,3,1139.6,85.47,3,0,0,0,0,0.178,0.812,212,9,0.877,0.403,PortScan,1
786,UDP,HTTPS,2719,148958,30,192948.73,38.16,2,30,1,0,0,0.939,0.077,2,60,0.016,0.014,Benign,0
304,UDP,HTTP,30747,103,941,101446.89,3094.38,679,75,0,342,0,0.857,0.08,225,189,0.764,0.083,DoS_DDoS,1
289,TCP,HTTPS,8328,119,616,29218.26,2130.75,502,30,0,235,0,0.96,0.044,233,246,0.975,0.002,DoS_DDoS,1
25,TCP,HTTP,7975,50,551,319721.12,21952.19,473,47,0,190,0,0.981,0.058,202,175,0.81,0.102,DoS_DDoS,1
1725,UDP,HTTPS,2244,6083,30,4826.97,17.39,1,30,1,0,0,0.972,0.036,9,35,0.034,0.009,Benign,0
1808,UDP,SSH,873,1077,17,1078.48,9.4,1,17,1,0,0,0.959,0.037,17,64,0.033,0.017,Benign,0
8,UDP,HTTP,1825,115,685,239506.17,84567.9,537,2,0,217,0,0.96,0.05,236,178,0.761,0.057,DoS_DDoS,1
5389,TCP,HTTPS,481,5134,23,1041.92,4.27,1,22,1,0,0,0.78,0.457,42,21,0.002,0.08,Botnet_C2,1
3293,UDP,HTTPS,4778,2611,48,2243.78,14.58,1,48,1,0,0,0.962,0.149,34,36,0.037,0.014,Benign,0
845,TCP,HTTP,961,2817,13,4470.48,15.38,2,13,1,0,0,0.755,0.123,45,64,0.031,0.003,Benign,0
377,UDP,HTTPS,765,11283,39,31949.09,103.42,1,39,1,0,0,0.899,0.055,9,73,0.025,0.026,Benign,0
726,TCP,HTTP,746,281,21,1414.41,28.92,1,21,1,0,0,0.895,0.118,31,66,0.024,0.032,Benign,0
1451,TCP,DNS,30118,5048,147,24234.03,101.3,1,147,1,0,0,0.821,0.018,9,57,0.03,0.009,Benign,0
1729,TCP,SMTP,815,7481,6,4797.87,3.47,1,6,1,0,0,0.813,0.136,4,89,0.008,0.028,Benign,0
1581,TCP,HTTPS,4103,11345,51,9770.41,32.26,1,51,2,0,0,0.816,0.061,32,53,0.018,0.009,Benign,0
47,TCP,HTTPS,4744,5466,29,216772.82,615.71,1,29,1,0,0,0.881,0.014,32,71,0.031,0.029,Benign,0
4806,TCP,IRC,245,31136,23,6529.41,4.79,1,22,1,0,0,0.479,0.15,39,28,0.059,0.01,Botnet_C2,1
5431,TCP,IRC,664,3988,22,856.55,4.05,1,21,1,0,0,0.779,0.187,13,21,0.14,0.087,Botnet_C2,1
1102,TCP,HTTPS,2125,9219,24,10293.08,21.78,1,24,1,0,0,0.765,0.026,35,53,0.02,0.015,Benign,0
4870,TCP,IRC,403,3317,14,763.84,2.87,1,13,1,0,0,0.81,0.221,21,13,0.15,0.093,Botnet_C2,1
776,TCP,DNS,6175,6032,5,15728.64,6.44,1,5,1,1,0,0.835,0.094,13,21,0.007,0.033,Benign,0
666,TCP,HTTP,7267,763,12,12055.25,18.02,1,12,1,0,0,0.906,0.061,30,38,0.022,0.012,Benign,0
1544,UDP,HTTPS,6032,55558,21,39887.31,13.6,1,21,1,0,0,0.78,0.128,39,65,0.036,0.015,Benign,0
61,UDP,HTTP,3355,19,942,55220.95,15417.35,807,1,0,135,0,0.956,0.07,217,154,0.892,0.012,DoS_DDoS,1
2198,TCP,DNS,589,17086,11,8041.04,5.0,1,11,1,0,0,0.763,0.009,14,14,0.012,0.02,Benign,0
228,TCP,HTTP,14814,278,167,66163.96,732.14,157,14,0,33,0,0.896,0.058,206,235,0.775,0.196,DoS_DDoS,1
5665,TCP,OTHER,793,3442,14,747.56,2.47,1,13,1,0,0,0.711,0.392,15,23,0.092,0.017,Botnet_C2,1
26,UDP,HTTPS,1784,25568,19,1047969.35,727.97,1,19,1,0,0,0.777,0.143,33,46,0.043,0.023,Benign,0
86,UDP,HTTP,390,7828,12,95447.15,139.37,1,12,1,0,0,0.894,0.062,23,85,0.036,0.028,Benign,0
4669,TCP,IRC,459,5433,16,1261.91,3.43,1,15,1,0,0,0.57,0.238,33,12,0.073,0.031,Botnet_C2,1
628,TCP,SSH,1141,353,19,2378.6,30.25,5,14,1,1,12,0.97,0.032,67,23,0.206,0.434,BruteForce,1
977,TCP,HTTP,756,736,52,1526.97,53.22,1,52,1,0,0,0.791,0.018,30,50,0.045,0.016,Benign,0
261,TCP,DNS,13798,17,561,52910.76,2148.6,471,45,0,201,0,0.854,0.055,231,193,0.856,0.185,DoS_DDoS,1
5384,TCP,HTTPS,415,36480,15,6852.58,2.79,1,14,1,0,0,0.739,0.414,12,13,0.136,0.006,Botnet_C2,1
276,TCP,HTTP,17027,106,344,62053.6,1245.93,253,17,0,64,0,0.868,0.032,198,223,0.899,0.044,DoS_DDoS,1
102,TCP,HTTPS,15606,86,1070,153692.46,10479.92,749,84,0,249,0,0.995,0.066,248,184,0.89,0.039,DoS_DDoS,1
7,TCP,OTHER,67,0,3,9436.62,422.54,3,0,0,0,0,0.166,0.763,231,11,0.501,0.686,PortScan,1
68,TCP,HTTPS,566,3335,15,57283.41,220.26,1,15,1,0,0,0.846,0.09,17,40,0.013,0.026,Benign,0
1,TCP,HTTP,84,50,2,121818.18,1818.18,2,0,0,1,0,0.185,0.871,214,8,0.588,0.763,PortScan,1
769,TCP,HTTP,8367,803,37,11923.03,48.11,1,37,1,0,0,0.837,0.092,36,54,0.037,0.038,Benign,0
1314,TCP,DNS,1574,28211,14,22665.7,10.65,1,14,1,0,0,0.751,0.125,24,38,0.033,0.026,Benign,0
199,TCP,HTTP,963,2126,12,15514.82,60.27,1,12,1,0,0,0.944,0.108,20,38,0.002,0.035,Benign,0
855,TCP,HTTPS,2850,5929,15,10266.64,17.54,1,15,2,0,0,0.853,0.012,36,44,0.012,0.003,Benign,0
1042,UDP,SSH,1344,29376,14,29478.94,13.43,1,14,1,0,0,0.914,0.036,26,45,0.005,0.02,Benign,0
71,TCP,HTTP,3295,74,1237,47383.97,17398.03,868,18,0,285,0,0.872,0.077,232,215,0.83,0.022,DoS_DDoS,1
3193,TCP,SSH,790,401,39,372.99,12.21,4,35,1,2,3,0.905,0.047,49,10,0.114,0.508,BruteForce,1
595,TCP,HTTPS,1210,734,9,3266.68,15.12,2,9,1,0,0,0.813,0.057,22,77,0.015,0.004,Benign,0
3146,TCP,DNS,611,37539,23,12126.12,7.31,1,23,1,0,0,0.785,0.074,46,83,0.014,0.032,Benign,0
329,UDP,HTTP,23677,49,338,72093.59,1027.04,281,11,0,116,0,0.989,0.079,198,203,0.781,0.032,DoS_DDoS,1
4942,UDP,HTTPS,722,28883,23,5990.37,4.65,1,22,1,0,0,0.79,0.276,42,12,0.147,0.022,Botnet_C2,1
601,UDP,SSH,437,1542,13,3292.3,21.63,1,13,1,0,0,0.842,0.048,31,85,0.041,0.013,Benign,0
151,TCP,HTTP,28276,114,411,187888.82,2720.05,330,33,0,121,0,0.952,0.018,242,171,0.954,0.033,DoS_DDoS,1
301,TCP,DNS,3265,8036,15,37532.38,49.82,2,15,1,0,0,0.891,0.061,19,23,0.014,0.027,Benign,0
159,UDP,HTTPS,11670,20,6157,73475.8,38698.93,4532,479,0,1497,0,0.944,0.03,221,216,0.803,0.173,DoS_DDoS,1
31,TCP,HTTP,42757,99,2299,1378006.43,73922.83,1864,130,0,277,0,0.872,0.061,226,180,0.728,0.114,DoS_DDoS,1
1047,TCP,HTTPS,6409,6623,8,12445.8,7.64,1,8,1,0,0,0.861,0.074,49,90,0.036,0.024,Benign,0
71,TCP,HTTPS,1322,2800,22,57974.68,309.42,1,22,1,0,0,0.85,0.02,48,65,0.04,0.025,Benign,0
1411,TCP,HTTP,7316,409819,8,295609.81,5.67,2,8,1,0,0,0.834,0.05,10,74,0.004,0.033,Benign,0
71,UDP,HTTPS,238,7199,13,104599.16,182.84,1,13,1,0,0,0.939,0.031,36,93,0.029,0.038,Benign,0
61,ICMP,DNS,31272,38,387,512438.63,6333.88,335,0,0,60,0,0.899,0.07,199,191,0.975,0.198,DoS_DDoS,1
3898,TCP,TELNET,700,250,17,243.71,4.36,2,15,1,1,6,0.941,0.058,36,26,0.062,0.294,BruteForce,1
1296,TCP,HTTPS,1112,30122,24,24098.45,18.52,1,24,1,0,0,0.753,0.082,41,58,0.003,0.021,Benign,0
985,UDP,HTTP,7119,7517,61,14857.37,61.92,1,61,1,0,0,0.953,0.127,43,50,0.03,0.04,Benign,0
2336,TCP,HTTP,10802,1344,14,5199.26,5.99,1,14,1,0,0,0.919,0.072,44,60,0.016,0.009,Benign,0
2146,TCP,HTTPS,2861,22284,14,11716.6,6.52,1,14,1,0,0,0.933,0.124,20,61,0.032,0.017,Benign,0
444,TCP,DNS,234,1019,57,2821.44,128.35,1,57,1,0,0,0.904,0.079,8,65,0.027,0.029,Benign,0
158,TCP,DNS,4317,304,143,29228.34,904.49,115,8,0,22,0,0.889,0.04,227,244,0.946,0.164,DoS_DDoS,1
519,TCP,DNS,38930,41,276,75074.17,531.69,212,8,0,79,0,0.969,0.016,201,251,0.766,0.059,DoS_DDoS,1
987,UDP,HTTPS,3790,23950,6,28102.52,6.08,1,6,1,0,0,0.839,0.006,45,72,0.042,0.01,Benign,0
673,TCP,HTTPS,660,207,45,1288.07,66.85,2,45,2,0,0,0.757,0.147,8,9,0.011,0.027,Benign,0
510,TCP,HTTP,232,4809,36,9882.38,70.57,1,36,2,0,0,0.965,0.056,45,75,0.003,0.019,Benign,0
501,TCP,HTTP,4191,51,213,8465.38,425.06,165,8,0,82,0,0.945,0.024,196,152,0.983,0.071,DoS_DDoS,1
1328,TCP,DNS,386,12442,27,9658.91,20.33,1,27,1,0,0,0.863,0.013,15,44,0.049,0.026,Benign,0
1,TCP,HTTP,75,57,2,120000.0,1818.18,2,0,0,1,0,0.128,0.746,216,5,0.745,0.671,PortScan,1
2776,TCP,HTTP,24115,60359,9,30429.02,3.24,2,9,2,0,0,0.82,0.041,39,59,0.024,0.021,Benign,0
7,TCP,HTTP,22721,78,419,3211126.76,59014.08,337,31,0,63,0,0.955,0.023,243,254,0.8,0.024,DoS_DDoS,1
5185,TCP,DNS,1783,20568,24,4310.62,4.63,1,23,1,0,0,0.725,0.176,45,20,0.055,0.019,Botnet_C2,1
802,TCP,SMTP,1055,7132,7,10206.96,8.73,2,7,1,0,0,0.927,0.052,47,58,0.048,0.005,Benign,0
986,TCP,HTTP,767,887,10,1677.31,10.14,1,10,1,0,0,0.989,0.089,14,30,0.03,0.009,Benign,0
214,UDP,HTTPS,11181,487,28,54497.9,130.78,1,28,2,0,0,0.929,0.05,45,64,0.049,0.013,Benign,0
103,TCP,HTTP,29185,46,148,283520.85,1435.5,122,10,0,56,0,0.926,0.028,186,203,0.89,0.189,DoS_DDoS,1
263,ICMP,HTTP,41242,41,438,156909.92,1664.77,360,2,0,95,0,0.903,0.052,235,231,0.711,0.155,DoS_DDoS,1
6485,TCP,SSH,1155,1084,16,345.25,2.47,1,16,1,0,0,0.874,0.115,40,45,0.013,0.031,Benign,0
1939,TCP,HTTPS,8595,1822,14,5372.08,7.22,1,14,1,0,0,0.777,0.014,23,98,0.032,0.004,Benign,0
675,TCP,DNS,1636,4520,88,9118.65,130.35,1,88,2,0,0,0.996,0.098,11,61,0.044,0.028,Benign,0
515,UDP,HTTP,131,50236,9,97781.01,17.47,1,9,1,0,0,0.781,0.053,41,68,0.006,0.033,Benign,0
466,TCP,HTTP,384,26424,19,57515.55,40.76,1,19,1,0,0,0.976,0.096,46,91,0.046,0.003,Benign,0
3688,UDP,HTTPS,6043,28054,18,9245.14,4.88,1,18,1,0,0,0.852,0.044,34,85,0.043,0.035,Benign,0
10,TCP,OTHER,52,0,2,5148.51,198.02,2,0,0,0,0,0.081,0.957,240,14,0.806,0.618,PortScan,1
2625,UDP,HTTP,2649,948,11,1370.23,4.19,1,11,1,0,0,0.874,0.019,38,66,0.006,0.038,Benign,0
138,UDP,HTTP,32976,4,958,238812.45,6937.0,905,73,0,187,0,0.98,0.072,237,225,0.723,0.039,DoS_DDoS,1
54,TCP,DNS,4527,94,1923,85415.9,35545.29,1605,90,0,765,0,0.853,0.027,180,229,0.893,0.108,DoS_DDoS,1
56,UDP,HTTPS,2397,56,125,43725.49,2228.16,87,10,0,47,0,0.917,0.043,200,157,0.733,0.14,DoS_DDoS,1
12049,TCP,SSH,1113,2119,17,268.24,1.41,2,15,1,3,14,0.868,0.075,60,32,0.026,0.458,BruteForce,1
1101,UDP,HTTPS,823,6223,18,6399.06,16.35,1,18,1,0,0,0.871,0.039,33,89,0.0,0.039,Benign,0
90,UDP,DNS,2280,660,34,32630.41,377.36,1,34,2,0,0,0.851,0.044,22,55,0.027,0.005,Benign,0
33,TCP,FTP,43,39,3,2477.34,90.63,3,0,0,1,0,0.072,0.918,214,14,0.58,0.688,PortScan,1
140,UDP,HTTP,30964,39,623,221291.93,4446.82,518,36,0,109,0,0.991,0.049,226,168,0.977,0.169,DoS_DDoS,1
3282,TCP,HTTP,881,2504,10,1031.35,3.05,1,10,1,0,0,0.927,0.036,8,78,0.032,0.038,Benign,0
74,UDP,HTTPS,4748,122,458,65722.0,6180.84,321,32,0,103,0,0.958,0.041,191,173,0.995,0.017,DoS_DDoS,1
2685,TCP,DNS,314,36737,10,13798.74,3.72,1,10,1,0,0,0.922,0.063,2,27,0.002,0.038,Benign,0
178,UDP,HTTPS,3034,14905,159,100724.31,892.76,2,159,2,0,0,0.953,0.03,42,57,0.034,0.016,Benign,0
628,TCP,DNS,10632,689,22,18024.2,35.03,1,22,1,0,0,0.781,0.02,15,23,0.007,0.035,Benign,0
63,UDP,SMTP,3399,305,19,58700.48,301.11,1,19,2,1,0,0.976,0.03,41,62,0.041,0.023,Benign,0
4260,TCP,DNS,257,45693,10,10786.13,2.35,1,9,1,0,0,0.687,0.179,8,3,0.053,0.034,Botnet_C2,1
88,TCP,HTTP,21804,22,921,247741.2,10454.03,842,14,0,342,0,0.994,0.073,191,161,0.766,0.183,DoS_DDoS,1
1698,TCP,HTTPS,578,949,9,899.24,5.3,1,9,1,0,0,0.754,0.138,46,92,0.003,0.03,Benign,0
744,TCP,HTTP,6629,689,6,9834.7,8.06,1,6,1,0,0,0.88,0.108,10,43,0.022,0.001,Benign,0
307,TCP,DNS,634,4949,18,18179.75,58.61,1,18,1,0,0,0.86,0.026,26,90,0.041,0.018,Benign,0
2609,TCP,HTTPS,1287,490,18,681.08,6.9,1,18,1,0,0,0.805,0.095,11,73,0.038,0.016,Benign,0
17,TCP,OTHER,66,35,3,5906.43,175.44,3,0,0,1,0,0.045,0.732,225,2,0.545,0.376,PortScan,1
403,TCP,HTTP,21137,7894,14,72019.35,34.73,1,14,1,1,0,0.924,0.049,21,59,0.042,0.035,Benign,0
4610,TCP,HTTPS,403,7490,19,1712.11,4.12,1,18,1,0,0,0.812,0.216,7,6,0.101,0.059,Botnet_C2,1
1233,TCP,HTTP,2470,14467,29,13735.3,23.52,1,29,2,0,0,0.986,0.112,6,67,0.002,0.026,Benign,0
71,TCP,HTTPS,7072,2471,9,134219.41,126.58,1,9,1,0,0,0.893,0.028,42,77,0.017,0.029,Benign,0
124,TCP,HTTP,2231,16286,52,149210.31,419.02,1,52,1,0,0,0.816,0.073,12,16,0.041,0.01,Benign,0
45,TCP,HTTPS,11714,1680,21,296984.48,465.63,1,21,1,0,0,0.834,0.059,46,46,0.027,0.039,Benign,0
581,TCP,HTTPS,870,19398,151,34878.68,259.85,1,151,1,0,0,0.904,0.099,33,74,0.033,0.03,Benign,0
520,UDP,DNS,22827,2327,17,48363.78,32.69,1,17,2,0,0,0.885,0.103,16,39,0.047,0.038,Benign,0
402,TCP,HTTPS,831,54767,12,138269.09,29.84,1,12,1,0,0,0.816,0.145,30,32,0.018,0.019,Benign,0
450,TCP,HTTPS,4379,5413,49,21755.17,108.86,2,49,2,0,0,0.821,0.015,31,44,0.033,0.005,Benign,0
29,TCP,HTTP,10048,44,2679,346804.12,92061.86,2409,120,0,448,0,0.914,0.039,242,205,0.931,0.019,DoS_DDoS,1
701,UDP,HTTP,20913,25,1743,29864.5,2486.09,1551,160,0,233,0,0.987,0.029,220,228,0.734,0.177,DoS_DDoS,1
14,UDP,HTTPS,542,739,52,90851.06,3687.94,1,52,1,0,0,0.944,0.14,14,90,0.006,0.003,Benign,0
15,TCP,FTP,56,0,2,3708.61,132.45,2,0,0,0,0,0.027,0.998,213,7,0.753,0.482,PortScan,1
39,TCP,OTHER,55,50,1,2685.42,25.58,1,0,0,1,0,0.151,0.92,229,2,0.627,0.766,PortScan,1
1777,TCP,DNS,1241,244,27,835.63,15.19,1,27,2,0,0,0.882,0.017,44,76,0.045,0.004,Benign,0
2990,UDP,HTTPS,1765,3524,18,1768.84,6.02,1,18,1,0,0,0.985,0.099,41,44,0.009,0.017,Benign,0
1329,UDP,HTTP,1336,13467,16,11137.61,12.04,1,16,1,0,0,0.838,0.057,35,64,0.01,0.01,Benign,0
1036,TCP,HTTP,27110,3289,9,29339.83,8.69,1,9,2,0,0,0.868,0.141,28,29,0.048,0.024,Benign,0
309,TCP,HTTPS,2836,653,16,11287.61,51.76,1,16,1,1,0,0.854,0.127,37,40,0.037,0.031,Benign,0
1485,TCP,SSH,1773,7502,22,6245.37,14.81,1,22,1,0,0,0.807,0.016,8,85,0.015,0.016,Benign,0
192,TCP,HTTPS,13525,78,3160,70812.08,16449.77,2607,225,0,453,0,0.952,0.074,215,168,0.714,0.101,DoS_DDoS,1
1600,TCP,HTTPS,24296,29314,25,33504.16,15.62,1,25,1,0,0,0.77,0.085,14,31,0.009,0.035,Benign,0
674,TCP,HTTPS,3787,4749,17,12662.81,25.22,1,17,1,0,0,0.795,0.092,20,79,0.039,0.025,Benign,0
59,TCP,HTTPS,1747,5872,30,128917.09,507.61,1,30,1,0,0,0.861,0.125,18,80,0.033,0.031,Benign,0
2571,TCP,HTTP,2633,1310,11,1533.58,4.28,1,11,1,0,0,0.811,0.04,15,42,0.029,0.039,Benign,0
2753,TCP,HTTP,5117,11080,12,5883.19,4.36,1,12,1,0,0,0.846,0.098,38,88,0.034,0.014,Benign,0
780,TCP,HTTP,3595,27,241,4642.99,308.93,219,3,0,96,0,0.961,0.077,199,227,0.715,0.012,DoS_DDoS,1
1848,TCP,HTTP,617,2725,34,1808.34,18.4,1,34,1,0,0,0.833,0.044,46,85,0.016,0.004,Benign,0
1270,TCP,SSH,1145,2210,15,2641.52,11.81,1,15,1,0,0,0.796,0.147,31,53,0.033,0.001,Benign,0
557,UDP,SMTP,15427,2733,40,32597.38,71.8,1,40,1,0,0,0.805,0.131,37,75,0.039,0.025,Benign,0
1052,UDP,HTTPS,446,5049,8,5222.89,7.6,1,8,1,0,0,0.827,0.123,42,94,0.021,0.018,Benign,0
51,TCP,DNS,35622,21,248,697514.68,4853.23,180,2,0,77,0,0.869,0.035,238,248,0.977,0.175,DoS_DDoS,1
1739,UDP,DNS,1357,1319,36,1538.73,20.7,1,36,1,0,0,0.939,0.049,5,81,0.043,0.032,Benign,0
7186,TCP,FTP,760,578,30,186.19,4.17,4,26,1,2,11,0.965,0.019,62,27,0.046,0.53,BruteForce,1
62,UDP,SSH,306,4488,8,77198.07,128.82,1,8,1,1,0,0.782,0.067,26,38,0.012,0.006,Benign,0
4542,TCP,DNS,397,1573,17,433.72,3.74,1,16,1,0,0,0.507,0.296,47,24,0.031,0.093,Botnet_C2,1
337,TCP,HTTPS,1174,2456,24,10768.32,71.2,1,24,1,0,0,0.803,0.106,34,64,0.038,0.03,Benign,0
186,TCP,HTTP,505,2183,82,14443.85,440.62,1,82,1,0,0,0.863,0.036,20,32,0.037,0.036,Benign,0
5037,TCP,IRC,571,9301,9,1959.86,1.79,1,8,1,0,0,0.635,0.202,10,9,0.025,0.017,Botnet_C2,1
54,TCP,DNS,981,539549,10,9991312.38,184.84,1,10,1,0,0,0.751,0.04,46,74,0.046,0.005,Benign,0
1123,UDP,DNS,535,17523,10,16078.71,8.9,1,10,1,0,0,0.847,0.15,28,90,0.039,0.006,Benign,0
7933,TCP,FTP,671,960,30,205.59,3.78,2,28,1,3,3,0.87,0.081,72,35,0.074,0.222,BruteForce,1
82,UDP,HTTP,29067,320,2615,357941.53,31851.4,2276,214,0,992,0,0.957,0.032,188,244,0.838,0.196,DoS_DDoS,1
376,UDP,HTTP,15508,40,199,41340.07,529.11,143,4,0,74,0,0.952,0.019,180,151,0.929,0.157,DoS_DDoS,1
1692,TCP,FTP,715,202,24,541.93,14.18,5,19,1,3,9,0.887,0.098,54,16,0.146,0.558,BruteForce,1
1790,TCP,HTTP,107,665,114,431.26,63.68,1,114,1,0,0,0.802,0.15,11,86,0.028,0.022,Benign,0
357,UDP,DNS,1217,15673,6,47297.68,16.8,1,6,1,0,0,0.991,0.018,4,5,0.017,0.008,Benign,0
344,TCP,HTTPS,723,34290,25,101752.4,72.65,1,25,1,0,0,0.882,0.09,3,32,0.041,0.01,Benign,0
6362,TCP,SSH,1078,771,16,290.63,2.51,2,14,1,2,13,0.944,0.041,60,28,0.181,0.453,BruteForce,1
508,UDP,HTTPS,2415,4508,14,13625.27,27.55,1,14,1,0,0,0.883,0.015,7,75,0.039,0.004,Benign,0
3055,TCP,HTTP,1318,4086,34,1768.85,11.13,2,34,1,0,0,0.896,0.146,18,21,0.042,0.028,Benign,0
3430,TCP,FTP,555,671,46,357.42,13.41,2,44,1,3,12,0.87,0.072,20,20,0.248,0.505,BruteForce,1
174,TCP,HTTPS,16665,140,951,96524.99,5462.38,834,74,0,364,0,0.879,0.053,253,225,0.795,0.029,DoS_DDoS,1
4838,TCP,HTTPS,270,15094,22,3175.63,4.55,1,21,1,0,0,0.764,0.247,11,21,0.085,0.056,Botnet_C2,1
2455,TCP,FTP,988,1152,54,871.65,22.0,4,50,1,1,5,0.92,0.015,44,20,0.217,0.556,BruteForce,1
5148,TCP,HTTPS,316,3569,14,754.65,2.72,1,13,1,0,0,0.459,0.167,10,12,0.066,0.026,Botnet_C2,1
4695,TCP,IRC,351,6871,11,1538.2,2.34,1,10,1,0,0,0.849,0.328,27,27,0.119,0.088,Botnet_C2,1
2442,TCP,SMTP,2166,114295,34,47688.87,13.92,1,34,1,0,0,0.876,0.097,24,61,0.014,0.006,Benign,0
316,TCP,DNS,39102,14,5337,123745.65,16883.9,5025,436,0,1115,0,0.94,0.004,192,163,0.883,0.143,DoS_DDoS,1
2,TCP,SSH,84,0,2,40000.0,952.38,2,0,0,0,0,0.007,0.983,210,11,0.573,0.737,PortScan,1
685,UDP,HTTP,28733,9907,17,56400.53,24.81,1,17,1,0,0,0.795,0.047,6,43,0.047,0.015,Benign,0
2469,UDP,HTTPS,346,620,31,391.24,12.56,1,31,1,0,0,0.982,0.011,20,45,0.027,0.015,Benign,0
87,TCP,HTTP,2697,41,329,31435.13,3777.27,305,2,0,129,0,0.977,0.016,204,215,0.727,0.032,DoS_DDoS,1
136,UDP,HTTPS,10612,60,268,78412.93,1969.14,254,12,0,88,0,0.972,0.052,241,161,0.706,0.164,DoS_DDoS,1
807,TCP,DNS,1445,2796,3,5254.62,3.72,1,3,1,0,0,0.959,0.005,4,33,0.048,0.019,Benign,0
1137,TCP,HTTPS,8379,1451,28,8644.8,24.62,1,28,1,0,0,0.84,0.016,32,59,0.04,0.02,Benign,0
1540,UDP,HTTPS,2130,26122,50,18344.26,32.47,2,50,1,0,0,0.838,0.059,4,75,0.004,0.028,Benign,0
13,TCP,DNS,6160,41,132,473358.78,10076.34,95,13,0,52,0,0.928,0.045,209,194,0.961,0.164,DoS_DDoS,1
3688,UDP,HTTPS,4166,1351,27,1495.89,7.32,1,27,1,0,0,0.981,0.078,1,46,0.018,0.0,Benign,0
672,TCP,HTTP,4020,432,17,6624.01,25.29,1,17,1,0,0,0.826,0.027,44,75,0.036,0.008,Benign,0
942,TCP,HTTPS,4130,607,11,5028.13,11.68,2,11,1,0,0,0.876,0.07,2,94,0.002,0.027,Benign,0
96,TCP,DNS,8655,27323,99,374380.85,1030.18,2,99,1,1,0,0.862,0.079,18,20,0.028,0.013,Benign,0
58,TCP,HTTP,1678,454,19,36695.35,327.02,1,19,1,0,0,0.888,0.004,15,30,0.038,0.038,Benign,0
507,TCP,HTTP,11731,76,991,23283.38,1954.25,808,22,0,137,0,0.871,0.064,234,243,0.908,0.108,DoS_DDoS,1
572,TCP,HTTPS,2117,5134,15,12674.36,26.22,1,15,1,0,0,0.948,0.019,16,27,0.006,0.034,Benign,0
211,TCP,HTTPS,1207,11686,10,61075.32,47.37,1,10,2,1,0,0.86,0.097,27,90,0.003,0.032,Benign,0
1376,UDP,HTTPS,632,38195,33,28215.25,23.98,1,33,1,0,0,0.777,0.065,31,62,0.002,0.013,Benign,0
144,TCP,HTTP,718,7088,26,54170.71,180.43,1,26,2,0,0,0.861,0.017,13,41,0.05,0.036,Benign,0
62,UDP,DNS,14830,5,6016,238888.89,96876.01,4374,457,0,1538,0,0.988,0.067,220,170,0.837,0.025,DoS_DDoS,1
1965,ICMP,HTTP,238,578,88,415.25,44.78,1,88,1,0,0,0.885,0.144,2,74,0.008,0.019,Benign,0
2,TCP,HTTP,119,0,1,56666.67,476.19,1,0,0,0,0,0.096,0.909,253,13,0.745,0.489,PortScan,1
42,TCP,FTP,119,0,2,2826.6,47.51,2,0,0,0,0,0.059,0.889,229,11,0.736,0.436,PortScan,1
3252,UDP,HTTPS,3794,767702,48,237230.1,14.76,2,48,1,0,0,0.829,0.055,22,93,0.048,0.031,Benign,0
1617,TCP,HTTP,2692,5153,12,4851.28,7.42,1,12,1,1,0,0.88,0.027,40,48,0.002,0.039,Benign,0
100,TCP,HTTPS,116438,32,2032,1163536.46,20299.7,1825,77,0,392,0,0.87,0.019,186,178,0.903,0.026,DoS_DDoS,1
1090,TCP,HTTPS,2689,15133,34,16348.96,31.19,2,34,1,0,0,0.78,0.08,28,97,0.014,0.025,Benign,0
23,TCP,SSH,76,0,2,3290.04,86.58,2,0,0,0,0,0.132,0.798,213,8,0.542,0.541,PortScan,1
97,TCP,HTTP,7729,207,464,81730.18,4778.58,426,40,0,80,0,0.868,0.077,185,195,0.765,0.036,DoS_DDoS,1
2410,UDP,HTTPS,899,3139,19,1675.45,7.88,1,19,1,0,0,0.773,0.031,40,47,0.048,0.01,Benign,0
691,TCP,HTTP,650,3358,23,5799.45,33.28,1,23,1,0,0,0.77,0.094,36,74,0.009,0.003,Benign,0
303,TCP,SSH,2094,1346,64,11349.39,211.15,1,64,1,0,0,0.804,0.03,18,44,0.036,0.029,Benign,0
103,UDP,HTTPS,4860,66,108,47778.86,1047.53,99,9,0,30,0,0.929,0.018,188,156,0.956,0.061,DoS_DDoS,1
184,UDP,HTTP,890,24976,16,140499.73,86.91,1,16,2,0,0,0.937,0.041,1,3,0.035,0.034,Benign,0
1102,TCP,HTTPS,1339,339,5,1522.55,4.54,1,5,1,0,0,0.811,0.063,46,70,0.044,0.01,Benign,0
38,TCP,OTHER,54,0,1,1417.32,26.25,1,0,0,0,0,0.13,0.748,230,13,0.59,0.68,PortScan,1
77,TCP,HTTP,4628,50,325,60674.45,4215.3,250,11,0,124,0,0.959,0.053,197,206,0.867,0.103,DoS_DDoS,1
3772,TCP,HTTPS,690,34482,11,9324.25,2.92,1,11,1,0,0,0.794,0.015,30,37,0.013,0.001,Benign,0
556,TCP,HTTPS,44753,1677,13,83492.18,23.38,1,13,1,0,0,0.793,0.065,31,79,0.008,0.028,Benign,0
632,TCP,DNS,1222,4838,83,9587.09,131.31,1,83,1,0,0,0.76,0.072,47,86,0.048,0.003,Benign,0
834,TCP,HTTPS,9491,9442,15,22698.72,17.98,1,15,1,0,0,0.894,0.111,25,67,0.0,0.013,Benign,0
7,TCP,HTTPS,503,9,170,72112.68,23943.66,127,11,0,21,0,0.896,0.066,234,235,0.84,0.134,DoS_DDoS,1
1425,UDP,HTTP,20373,7671,18,19678.62,12.63,1,18,1,1,0,0.781,0.014,36,77,0.043,0.023,Benign,0
1615,TCP,SSH,210,82140,38,50987.55,23.53,1,38,1,0,0,0.873,0.095,27,95,0.007,0.024,Benign,0
30,UDP,DNS,5130,7,514,170664.45,17076.41,414,0,0,162,0,0.88,0.029,187,246,0.72,0.073,DoS_DDoS,1
748,TCP,FTP,868,1919,27,3725.44,36.09,4,23,1,2,9,0.835,0.081,62,38,0.042,0.6,BruteForce,1
2576,TCP,HTTPS,1849,5214,123,2741.74,47.75,1,123,1,1,0,0.779,0.052,44,83,0.036,0.001,Benign,0
8351,TCP,SSH,791,1106,55,227.16,6.59,2,53,1,1,8,0.886,0.076,26,10,0.02,0.523,BruteForce,1
85,TCP,HTTPS,369,2069,63,28648.65,740.31,2,63,1,0,0,0.843,0.03,25,98,0.025,0.014,Benign,0
992,TCP,SSH,679,415,54,1102.71,54.43,4,50,1,2,10,0.989,0.079,59,21,0.163,0.419,BruteForce,1
307,TCP,HTTPS,20019,43,1811,65327.25,5897.1,1491,58,0,261,0,0.882,0.011,209,251,0.751,0.081,DoS_DDoS,1
430,TCP,HTTP,9665,24,601,22527.32,1397.35,445,19,0,159,0,0.956,0.025,211,178,0.928,0.165,DoS_DDoS,1
660,UDP,DNS,1185,320,15,2279.96,22.72,1,15,1,0,0,0.858,0.014,46,59,0.001,0.026,Benign,0
130,TCP,HTTP,3845,4061,27,60768.64,207.53,1,27,1,0,0,0.875,0.146,8,86,0.045,0.028,Benign,0
2441,TCP,HTTPS,1603,339624,16,139784.11,6.55,2,16,1,0,0,0.955,0.069,46,65,0.045,0.036,Benign,0
20,TCP,OTHER,66,54,3,5970.15,149.25,3,0,0,1,0,0.04,0.721,220,13,0.574,0.372,PortScan,1
183,TCP,HTTP,930,186809,26,1025335.88,142.0,1,26,1,0,0,0.855,0.133,20,28,0.009,0.004,Benign,0
4459,TCP,SSH,1206,559,46,395.82,10.32,3,43,1,1,5,0.898,0.033,79,16,0.106,0.258,BruteForce,1
2622,TCP,SSH,1309,635,25,741.39,9.53,3,22,1,3,12,0.979,0.005,75,14,0.186,0.268,BruteForce,1
365,TCP,HTTPS,1178,332,44,4135.85,120.51,2,44,2,0,0,0.926,0.099,1,28,0.01,0.029,Benign,0
37,ICMP,HTTPS,13734,342,63,379407.01,1698.11,59,4,0,16,0,0.915,0.073,221,250,0.857,0.105,DoS_DDoS,1
54,TCP,HTTPS,424,2386,43,51940.85,794.82,2,43,1,0,0,0.991,0.128,14,46,0.034,0.037,Benign,0
577,TCP,HTTPS,7212,5208,11,21521.4,19.06,1,11,1,0,0,0.803,0.01,26,28,0.041,0.023,Benign,0
1231,UDP,HTTPS,3299,1621,20,3996.43,16.25,1,20,1,0,0,0.885,0.101,40,63,0.016,0.016,Benign,0
20,TCP,SSH,71,0,3,3532.34,149.25,3,0,0,0,0,0.114,0.848,216,8,0.681,0.553,PortScan,1
1276,TCP,HTTPS,1935,920,14,2237.29,10.97,1,14,1,0,0,0.755,0.146,27,57,0.028,0.011,Benign,0
259,TCP,HTTP,1554,12405,11,53874.95,42.45,1,11,1,0,0,0.94,0.116,27,57,0.003,0.002,Benign,0
6818,TCP,FTP,485,516,21,146.82,3.08,2,19,1,1,3,0.994,0.012,42,12,0.091,0.597,BruteForce,1
1136,TCP,HTTPS,822,46486,32,41640.7,28.17,1,32,2,0,0,0.91,0.001,26,83,0.021,0.026,Benign,0
3481,TCP,TELNET,701,446,36,329.49,10.34,2,34,1,3,10,0.861,0.03,72,26,0.011,0.485,BruteForce,1
987,TCP,HTTPS,355,569,42,936.08,42.55,1,42,1,0,0,0.899,0.092,36,43,0.024,0.012,Benign,0
4163,TCP,SSH,306,734,30,249.81,7.21,5,25,1,3,10,0.902,0.016,43,9,0.209,0.481,BruteForce,1
559,ICMP,HTTPS,2016,2108,25,7376.14,44.71,1,25,2,0,0,0.811,0.086,27,74,0.037,0.028,Benign,0
1081,TCP,SSH,465,1278,14,1612.25,12.95,1,14,1,1,0,0.979,0.012,27,53,0.039,0.032,Benign,0
38,TCP,OTHER,65,0,3,1706.04,78.74,3,0,0,0,0,0.037,0.88,208,12,0.55,0.427,PortScan,1
902,TCP,HTTPS,3652,28934,35,36122.38,38.8,1,35,2,0,0,0.768,0.052,39,45,0.021,0.006,Benign,0
572,TCP,HTTPS,2524,4385,36,12076.56,62.93,1,36,1,1,0,0.939,0.102,44,86,0.028,0.01,Benign,0
69,TCP,DNS,3856,11375,18,220419.68,260.49,1,18,1,0,0,0.881,0.127,41,75,0.034,0.006,Benign,0
307,TCP,HTTP,42519,19506,20,201970.04,65.13,1,20,1,0,0,0.992,0.068,48,78,0.029,0.037,Benign,0
13,TCP,HTTPS,105848,69,1999,8085267.18,152595.42,1563,149,0,768,0,0.873,0.011,228,186,0.94,0.133,DoS_DDoS,1
760,TCP,SMTP,1200,2265,19,4558.61,25.0,2,19,1,0,0,0.984,0.013,11,60,0.021,0.007,Benign,0
31,TCP,FTP,92,0,3,2958.2,96.46,3,0,0,0,0,0.025,0.799,248,2,0.774,0.734,PortScan,1
1190,TCP,SMTP,931,31506,24,27255.69,20.17,1,24,1,0,0,0.947,0.086,21,89,0.013,0.009,Benign,0
18,TCP,SSH,75,0,1,4143.65,55.25,1,0,0,0,0,0.093,0.948,204,12,0.877,0.358,PortScan,1
625,TCP,SMTP,443,3266,23,5933.45,36.79,1,23,1,0,0,0.849,0.13,36,92,0.03,0.034,Benign,0
361,UDP,HTTP,11132,43,199,30947.11,551.09,149,4,0,69,0,0.938,0.025,236,236,0.764,0.111,DoS_DDoS,1
6504,TCP,HTTPS,11222,32539,41,6728.22,6.3,1,41,1,0,0,0.891,0.043,29,33,0.036,0.003,Benign,0
1444,TCP,HTTPS,4641,30006,34,23992.11,23.54,2,34,1,0,0,0.811,0.126,43,70,0.031,0.0,Benign,0
4113,TCP,SSH,565,893,19,354.48,4.62,3,16,1,2,9,0.954,0.064,10,10,0.124,0.582,BruteForce,1
2400,TCP,HTTP,1613,4566,31,2574.48,12.92,1,31,1,0,0,0.863,0.127,31,49,0.044,0.006,Benign,0
405,TCP,HTTP,524,10472,33,27143.92,81.46,1,33,1,1,0,0.789,0.108,9,87,0.036,0.02,Benign,0
1157,TCP,HTTPS,1183,235,33,1225.48,28.52,1,33,1,0,0,0.755,0.098,37,68,0.027,0.02,Benign,0
6182,UDP,SSH,1437,10199,17,1882.21,2.75,1,17,1,0,0,0.903,0.065,27,91,0.026,0.039,Benign,0
429,TCP,HTTPS,4409,3660,16,18804.47,37.29,1,16,1,0,0,0.834,0.141,25,34,0.001,0.029,Benign,0
658,TCP,HTTPS,6133,703,19,10387.48,28.87,1,19,1,0,0,0.893,0.068,15,65,0.022,0.011,Benign,0
441,TCP,SMTP,1513,13595,16,34250.74,36.27,1,16,1,0,0,0.791,0.148,39,86,0.03,0.006,Benign,0
54,UDP,HTTPS,5852,75,1539,109556.38,28447.32,1176,142,0,558,0,0.927,0.079,228,151,0.839,0.094,DoS_DDoS,1
181,TCP,DNS,12776,271,1759,72043.07,9712.87,1402,168,0,206,0,0.854,0.033,183,207,0.863,0.002,DoS_DDoS,1
275,TCP,HTTPS,31128,74,220,113420.57,799.71,161,12,0,23,0,0.934,0.042,238,210,0.907,0.114,DoS_DDoS,1
153,TCP,HTTP,973,82,10,6890.92,65.32,1,10,1,0,0,0.901,0.062,36,77,0.009,0.031,Benign,0
34,TCP,HTTPS,1988,9,544,58563.05,15953.08,476,36,0,156,0,0.966,0.019,218,186,0.932,0.175,DoS_DDoS,1
1150,TCP,DNS,1901,99954,23,88561.86,20.0,1,23,2,0,0,1.0,0.065,10,63,0.018,0.0,Benign,0
84,UDP,DNS,29601,50,1002,352568.37,11914.39,754,53,0,220,0,0.869,0.002,221,200,0.98,0.088,DoS_DDoS,1
3976,TCP,FTP,1473,1006,41,623.48,10.31,3,38,1,2,13,0.92,0.052,41,24,0.175,0.545,BruteForce,1
2015,TCP,DNS,2198,1989,13,2077.81,6.45,2,13,1,0,0,0.999,0.11,32,84,0.042,0.017,Benign,0
1242,TCP,HTTPS,1698,29634,12,25225.02,9.66,1,12,1,0,0,0.753,0.055,45,47,0.039,0.013,Benign,0
590,TCP,HTTP,7072,2476,20,16180.31,33.89,2,20,1,0,0,0.882,0.124,11,42,0.004,0.027,Benign,0
1092,TCP,HTTPS,1766,12413,31,12983.24,28.39,1,31,1,0,0,0.813,0.129,42,82,0.045,0.014,Benign,0
214,TCP,SMTP,4381,20666,59,116987.39,275.57,2,59,1,0,0,0.783,0.14,31,88,0.045,0.018,Benign,0
109,TCP,HTTP,2756,136,801,26507.79,7341.89,644,51,0,236,0,0.932,0.014,249,238,0.946,0.039,DoS_DDoS,1
1284,TCP,SSH,1073,748,48,1418.11,37.38,4,44,1,1,6,0.975,0.095,19,12,0.036,0.217,BruteForce,1
1793,TCP,SSH,691,925,21,901.23,11.71,3,18,1,2,8,0.926,0.027,19,11,0.121,0.555,BruteForce,1
452,TCP,SMTP,2721,14996,33,39188.23,72.99,1,33,1,0,0,0.835,0.05,43,97,0.03,0.034,Benign,0
35,TCP,HTTP,100,0,2,2849.0,56.98,2,0,0,0,0,0.085,0.914,210,2,0.562,0.54,PortScan,1
1457,UDP,HTTPS,3353,5031,8,5753.89,5.49,1,8,1,0,0,0.875,0.044,49,85,0.046,0.0,Benign,0
1374,TCP,HTTPS,1240,19612,18,15175.02,13.1,1,18,1,0,0,0.952,0.1,8,27,0.029,0.016,Benign,0
3989,TCP,DNS,401,15252,32,3923.94,8.02,1,32,1,0,0,0.769,0.073,5,49,0.037,0.03,Benign,0
156,TCP,HTTP,5905,72,800,38289.56,5124.92,596,46,0,89,0,0.996,0.066,230,209,0.826,0.079,DoS_DDoS,1
225,TCP,HTTP,34427,50,1195,153163.04,5308.75,1073,95,0,401,0,0.964,0.017,210,166,0.718,0.01,DoS_DDoS,1
9,TCP,HTTP,83,40,2,13516.48,219.78,2,0,0,1,0,0.046,0.972,208,6,0.537,0.31,PortScan,1
44,TCP,SSH,73,0,2,1655.33,45.35,2,0,0,0,0,0.038,0.762,251,14,0.613,0.517,PortScan,1
380,TCP,HTTPS,27819,57,476,73338.6,1252.3,427,41,0,111,0,0.865,0.003,237,151,0.832,0.047,DoS_DDoS,1
36,TCP,OTHER,77,0,2,2132.96,55.4,2,0,0,0,0,0.082,0.705,248,9,0.828,0.583,PortScan,1
245,TCP,HTTPS,6665,4355,18,44961.24,73.44,1,18,2,0,0,0.837,0.013,27,52,0.047,0.004,Benign,0
324,TCP,HTTP,4211,8325,21,38679.42,64.79,1,21,1,0,0,0.815,0.142,23,54,0.041,0.026,Benign,0
1182,TCP,DNS,1647,5491,14,6038.41,11.84,1,14,1,0,0,0.835,0.032,39,50,0.011,0.022,Benign,0
4686,TCP,IRC,657,5276,20,1266.08,4.27,1,19,1,0,0,0.824,0.472,37,2,0.06,0.058,Botnet_C2,1
4542,TCP,SSH,520,1927,47,538.74,10.35,5,42,1,1,5,0.821,0.099,43,7,0.001,0.288,BruteForce,1
45,TCP,DNS,1068,203,21,28181.82,465.63,1,21,2,0,0,0.851,0.023,16,34,0.027,0.038,Benign,0
718,TCP,HTTPS,6317,2253,7,11934.27,9.75,2,7,1,0,0,0.911,0.089,9,16,0.018,0.014,Benign,0
1008,TCP,SSH,1213,29752,15,30716.2,14.88,1,15,1,0,0,0.9,0.149,22,85,0.039,0.005,Benign,0
1677,TCP,TELNET,743,193,15,558.11,8.94,2,13,1,2,7,0.802,0.088,61,39,0.167,0.424,BruteForce,1
7,TCP,OTHER,73,0,2,10281.69,281.69,2,0,0,0,0,0.04,0.706,226,7,0.926,0.632,PortScan,1
1640,TCP,SSH,463,1038,87,915.19,53.05,1,87,1,0,0,0.975,0.078,40,84,0.047,0.036,Benign,0
67,TCP,HTTPS,32276,169,9868,483532.04,147064.08,7552,707,0,3456,0,0.968,0.032,225,184,0.78,0.025,DoS_DDoS,1
215,TCP,HTTPS,706,14718,72,71706.18,334.73,2,72,1,0,0,0.932,0.039,44,81,0.001,0.01,Benign,0
1942,TCP,HTTPS,4001,2734,27,3467.9,13.9,1,27,1,0,0,0.992,0.042,47,85,0.014,0.025,Benign,0
1981,TCP,HTTP,1548,83247,21,42801.98,10.6,1,21,1,0,0,0.832,0.118,26,40,0.017,0.034,Benign,0
224,TCP,DNS,1521,50,28,7010.26,124.94,1,28,1,0,0,0.967,0.02,2,46,0.033,0.018,Benign,0
434,TCP,HTTP,348,1122,18,3386.32,41.47,1,18,1,0,0,0.997,0.082,35,75,0.043,0.007,Benign,0
2210,TCP,SSH,470,1158,45,736.62,20.36,2,43,1,3,5,0.885,0.009,24,28,0.221,0.557,BruteForce,1
253,UDP,HTTPS,5241,37,3460,20853.42,13670.49,3197,315,0,799,0,0.923,0.039,193,242,0.779,0.169,DoS_DDoS,1
5127,TCP,HTTPS,363,9613,20,1945.74,3.9,1,19,1,0,0,0.503,0.31,39,4,0.025,0.004,Botnet_C2,1
2941,TCP,HTTP,1099,109690,57,37669.24,19.38,1,57,1,0,0,0.83,0.084,42,53,0.0,0.025,Benign,0
47,UDP,HTTPS,3817,197,6373,85222.93,135307.86,5960,610,0,1738,0,0.976,0.065,226,175,0.831,0.078,DoS_DDoS,1
7234,TCP,DNS,1194,390,39,218.96,5.39,1,39,1,0,0,0.863,0.048,21,63,0.042,0.032,Benign,0
4823,TCP,HTTPS,272,1916,17,453.65,3.52,1,16,1,0,0,0.745,0.292,42,21,0.036,0.014,Botnet_C2,1
272,TCP,HTTP,137573,112,366,506008.82,1345.09,287,17,0,41,0,0.983,0.072,224,248,0.823,0.061,DoS_DDoS,1
441,TCP,HTTPS,781,32154,35,74665.61,79.35,1,35,1,0,0,0.865,0.084,6,98,0.024,0.036,Benign,0
4007,UDP,HTTPS,1686,7492,11,2290.43,2.75,2,11,1,0,0,0.945,0.005,45,48,0.04,0.005,Benign,0
1608,TCP,HTTPS,1979,25632,7,17169.95,4.35,1,7,2,0,0,0.901,0.033,18,47,0.032,0.009,Benign,0
661,TCP,HTTPS,7892,1030,51,13495.69,77.14,1,51,1,0,0,0.861,0.118,43,93,0.024,0.006,Benign,0
3321,ICMP,HTTP,2684,7854,6,3173.05,1.81,2,6,1,0,0,0.862,0.085,26,35,0.037,0.02,Benign,0
959,TCP,HTTP,1430,704,21,2225.0,21.9,1,21,1,0,0,0.878,0.097,26,46,0.034,0.039,Benign,0
17,TCP,OTHER,57,0,2,3333.33,116.96,2,0,0,0,0,0.159,0.89,250,3,0.763,0.404,PortScan,1
659,UDP,DNS,273,3392,24,5560.61,36.41,1,24,1,0,0,0.964,0.08,37,81,0.034,0.022,Benign,0
100,TCP,HTTP,18911,47,1137,189390.61,11358.64,1051,96,0,262,0,0.956,0.017,213,217,0.701,0.015,DoS_DDoS,1
350,TCP,DNS,1877,13837,49,44884.32,139.96,1,49,1,0,0,0.874,0.023,35,57,0.031,0.003,Benign,0
141,TCP,HTTP,14856,56,70,105683.91,496.1,65,1,0,12,0,0.986,0.052,219,208,0.902,0.164,DoS_DDoS,1
14,TCP,OTHER,49,0,2,3475.18,141.84,2,0,0,0,0,0.101,0.76,246,14,0.54,0.779,PortScan,1
765,UDP,HTTP,3215,3786,19,9150.44,24.83,1,19,1,0,0,0.977,0.141,19,67,0.019,0.037,Benign,0
1350,UDP,HTTPS,847,12216,58,9675.58,42.96,1,58,1,0,0,0.881,0.086,5,70,0.033,0.004,Benign,0
5056,TCP,OTHER,274,27912,17,5574.65,3.36,1,16,1,0,0,0.435,0.207,37,18,0.138,0.042,Botnet_C2,1
5480,TCP,TELNET,925,446,56,250.18,10.22,5,51,1,1,13,0.84,0.078,77,20,0.233,0.397,BruteForce,1
7117,TCP,SSH,584,68313,8,9680.49,1.12,1,8,1,0,0,0.815,0.063,1,56,0.045,0.006,Benign,0
5582,TCP,OTHER,172,47769,23,8588.34,4.12,1,22,1,0,0,0.776,0.277,38,17,0.133,0.029,Botnet_C2,1
1661,TCP,HTTPS,5415,4153,9,5760.04,5.42,1,9,1,0,0,0.772,0.127,21,46,0.015,0.017,Benign,0
1744,UDP,HTTPS,32115,1303,53,19160.6,30.39,1,53,2,0,0,0.767,0.136,35,83,0.021,0.013,Benign,0
1838,UDP,DNS,93,523,42,335.13,22.85,1,42,1,0,0,0.936,0.03,48,98,0.005,0.001,Benign,0
140,UDP,HTTPS,461,9103,20,68265.52,142.76,1,20,1,0,0,0.773,0.084,27,65,0.048,0.014,Benign,0
777,ICMP,HTTP,9543,4782,10,18433.92,12.87,1,10,1,0,0,0.858,0.087,40,41,0.028,0.01,Benign,0
5273,TCP,SSH,4860,7744,14,2390.24,2.65,2,14,1,0,0,0.855,0.088,44,44,0.015,0.037,Benign,0
526,TCP,HTTPS,3413,5710,37,17340.81,70.33,1,37,1,0,0,0.874,0.0,32,46,0.03,0.019,Benign,0
123,TCP,SSH,699,1530,3,18107.23,24.37,1,3,1,0,0,0.898,0.126,22,48,0.001,0.009,Benign,0
26,UDP,SSH,2897,536,9,131532.57,344.83,1,9,1,1,0,0.999,0.048,49,72,0.028,0.023,Benign,0
3678,TCP,SSH,442,381,18,223.76,4.89,2,16,1,2,3,0.878,0.031,66,13,0.081,0.528,BruteForce,1
102,TCP,HTTPS,3343,5,2336,32791.38,22879.53,1824,148,0,375,0,0.964,0.063,212,206,0.811,0.003,DoS_DDoS,1
913,TCP,HTTP,204,4199,48,4822.03,52.57,1,48,1,0,0,0.793,0.064,27,64,0.024,0.014,Benign,0
2650,TCP,HTTPS,392,15276,14,5912.23,5.28,1,14,1,0,0,0.799,0.016,1,68,0.035,0.008,Benign,0
12,UDP,HTTPS,3633,6751,58,858181.82,4793.39,2,58,1,0,0,0.841,0.072,35,40,0.048,0.036,Benign,0
177,TCP,DNS,8031,24,690,45482.78,3896.1,619,60,0,102,0,0.854,0.011,188,199,0.977,0.0,DoS_DDoS,1
11,TCP,SSH,100,0,2,9009.01,180.18,2,0,0,0,0,0.081,0.935,245,14,0.872,0.338,PortScan,1
561,TCP,HTTP,12878,8054,18,37305.29,32.08,1,18,1,0,0,0.836,0.14,41,54,0.015,0.032,Benign,0
1050,TCP,HTTP,841,10112,11,10430.44,10.48,1,11,1,1,0,0.844,0.067,44,45,0.046,0.005,Benign,0
1427,TCP,FTP,965,729,37,1187.02,25.93,2,35,1,2,7,0.876,0.098,78,8,0.247,0.297,BruteForce,1
56,TCP,HTTP,8720,40,239,156149.73,4260.25,194,12,0,26,0,0.883,0.065,186,165,0.838,0.037,DoS_DDoS,1
115,TCP,HTTP,6891,107,198,60799.3,1720.24,167,9,0,42,0,0.946,0.069,239,243,0.846,0.091,DoS_DDoS,1
2388,TCP,SSH,1262,414,45,701.81,18.84,5,40,1,1,9,0.8,0.097,39,37,0.02,0.242,BruteForce,1
3164,ICMP,HTTP,310,2561,38,907.37,12.01,2,38,1,0,0,0.91,0.079,39,63,0.04,0.008,Benign,0
1436,TCP,HTTPS,2411,1696,41,2859.83,28.55,2,41,2,0,0,0.929,0.098,37,96,0.025,0.032,Benign,0
57,UDP,HTTPS,1784,82,2162,32679.51,37863.4,1898,42,0,668,0,0.937,0.068,192,151,0.744,0.064,DoS_DDoS,1
1436,TCP,HTTP,347,5632,14,4163.36,9.75,1,14,1,0,0,0.908,0.134,25,65,0.011,0.036,Benign,0
86,ICMP,HTTPS,672,4149,28,55993.03,325.2,1,28,1,0,0,0.883,0.04,14,99,0.024,0.016,Benign,0
345,TCP,DNS,15120,28,273,43894.52,791.08,247,5,0,99,0,0.973,0.065,208,198,0.706,0.067,DoS_DDoS,1
961,TCP,HTTPS,3497,1837,20,5549.89,20.81,1,20,1,0,0,0.949,0.093,18,72,0.042,0.007,Benign,0
852,TCP,DNS,1532,4439,18,7007.39,21.12,1,18,1,0,0,0.813,0.057,45,59,0.048,0.03,Benign,0
4968,TCP,IRC,652,11306,17,2406.96,3.42,1,16,1,0,0,0.567,0.383,12,10,0.075,0.041,Botnet_C2,1
69,TCP,HTTP,12438,235,1930,183400.87,27930.54,1412,94,0,707,0,0.872,0.077,181,193,0.73,0.036,DoS_DDoS,1
443,UDP,DNS,4083,925,18,11302.19,40.62,1,18,1,0,0,0.784,0.09,13,54,0.015,0.013,Benign,0
78,TCP,HTTP,213,53182,24,683674.78,307.3,1,24,1,0,0,0.887,0.046,29,88,0.042,0.007,Benign,0
5682,TCP,IRC,290,4625,15,865.0,2.64,1,14,1,0,0,0.836,0.179,7,22,0.135,0.073,Botnet_C2,1
531,UDP,HTTPS,1445,3109,48,8574.66,90.38,1,48,1,0,0,0.979,0.114,32,37,0.049,0.019,Benign,0
947,UDP,HTTP,692,7052,162,8176.54,171.05,1,162,1,0,0,0.968,0.095,37,83,0.008,0.022,Benign,0
5774,TCP,SSH,1369,591,20,339.45,3.46,5,15,1,3,14,0.806,0.057,69,30,0.107,0.463,BruteForce,1
77,UDP,HTTPS,23705,45,502,308041.5,6511.02,458,9,0,184,0,0.93,0.057,215,212,0.893,0.158,DoS_DDoS,1
340,TCP,HTTP,340,13518,19,40746.84,55.87,1,19,1,0,0,0.896,0.114,48,62,0.03,0.008,Benign,0
236,TCP,HTTPS,6837,1663,46,36001.69,194.83,1,46,1,0,0,0.888,0.091,25,83,0.01,0.034,Benign,0
64,TCP,HTTP,219,40474,21,634836.19,327.61,1,21,1,0,0,0.801,0.075,30,33,0.017,0.039,Benign,0
739,UDP,HTTPS,2597,3015,15,7593.02,20.29,1,15,1,0,0,0.947,0.011,37,79,0.028,0.038,Benign,0
1689,TCP,DNS,1470,2593,53,2405.42,31.38,1,53,2,1,0,0.945,0.1,48,83,0.003,0.023,Benign,0
43,TCP,FTP,45,0,2,1044.08,46.4,2,0,0,0,0,0.107,0.91,253,10,0.695,0.52,PortScan,1
220,TCP,HTTP,7619,2475226,12,11280531.58,54.52,1,12,1,0,0,0.866,0.065,31,56,0.036,0.03,Benign,0
323,UDP,HTTPS,12147,13329,11,78848.65,34.05,1,11,1,0,0,0.892,0.084,10,47,0.03,0.001,Benign,0
281,UDP,HTTPS,736,34448,55,125165.42,195.66,1,55,1,0,0,0.819,0.099,13,77,0.011,0.026,Benign,0
688,TCP,HTTPS,3172,46305,32,71903.79,46.5,1,32,1,0,0,0.984,0.112,39,56,0.015,0.032,Benign,0
5158,TCP,DNS,315,4487,9,930.96,1.74,1,8,1,0,0,0.666,0.454,36,3,0.08,0.066,Botnet_C2,1
744,TCP,SSH,463,1494,20,2630.02,26.88,4,16,1,2,14,0.913,0.0,68,33,0.163,0.216,BruteForce,1
809,TCP,DNS,7653,1636,17,11480.66,21.01,1,17,2,0,0,0.792,0.069,49,64,0.034,0.035,Benign,0
342,TCP,HTTPS,859,3988,9,14168.37,26.31,1,9,1,0,0,0.934,0.043,6,75,0.032,0.027,Benign,0
728,UDP,HTTPS,210,1522,48,2378.79,65.93,2,48,1,0,0,0.904,0.149,49,95,0.041,0.037,Benign,0
107,UDP,HTTPS,3546,2438,39,55873.02,364.15,1,39,1,0,0,0.816,0.049,22,98,0.014,0.017,Benign,0
2964,UDP,SSH,339,1397,15,585.68,5.06,1,15,1,0,0,0.995,0.146,22,66,0.005,0.001,Benign,0
5124,TCP,HTTPS,358,42337,16,8332.19,3.12,1,15,1,0,0,0.552,0.307,20,27,0.138,0.01,Botnet_C2,1
377,UDP,DNS,2790,823,10,9581.01,26.52,1,10,1,0,0,0.783,0.123,26,59,0.006,0.034,Benign,0
2650,TCP,HTTP,2435,315,57,1037.7,21.51,1,57,1,0,0,0.921,0.061,7,24,0.048,0.01,Benign,0
94,UDP,HTTP,18007,125,2944,192688.63,31285.87,2535,141,0,1058,0,0.972,0.042,212,186,0.986,0.193,DoS_DDoS,1
1105,TCP,SSH,371,681,36,951.95,32.58,4,32,1,1,11,0.9,0.063,26,22,0.032,0.383,BruteForce,1
998,TCP,HTTP,116,30213,25,30386.73,25.05,1,25,1,0,0,0.914,0.041,41,55,0.035,0.005,Benign,0
2935,UDP,HTTP,3323,19007,9,7607.92,3.07,1,9,2,1,0,0.931,0.133,33,90,0.021,0.017,Benign,0
467,UDP,HTTPS,1781,53156,45,117612.93,96.34,2,45,1,0,0,0.892,0.114,30,91,0.011,0.035,Benign,0
332,TCP,HTTPS,1872,8117,9,30078.29,27.1,1,9,1,0,0,0.868,0.078,43,58,0.038,0.004,Benign,0
21,TCP,HTTP,15069,733,10,748909.95,473.93,2,10,1,0,0,0.817,0.089,25,56,0.012,0.012,Benign,0
91,TCP,HTTP,2652,10165,69,140691.55,757.41,1,69,1,0,0,0.955,0.043,33,86,0.003,0.032,Benign,0
13,TCP,OTHER,44,0,2,3358.78,152.67,2,0,0,0,0,0.093,0.873,218,11,0.84,0.51,PortScan,1
11,UDP,HTTPS,166,471,37,57387.39,3333.33,2,37,1,0,0,0.817,0.022,38,78,0.008,0.017,Benign,0
591,TCP,HTTPS,1093,1155,48,3803.08,81.2,2,48,1,0,0,0.786,0.016,39,97,0.05,0.004,Benign,0
613,TCP,HTTP,11263,2652,67,22696.13,109.28,1,67,1,0,0,0.915,0.052,14,90,0.047,0.034,Benign,0
1510,UDP,HTTPS,9909,13348,35,15400.97,23.18,2,35,1,0,0,0.978,0.054,2,29,0.042,0.017,Benign,0
1280,TCP,SMTP,384,4656,29,3937.19,22.65,2,29,1,0,0,0.878,0.041,14,14,0.005,0.036,Benign,0
1172,TCP,DNS,356,83345,9,71411.14,7.68,1,9,1,0,0,0.975,0.076,15,61,0.016,0.011,Benign,0
1115,TCP,HTTPS,7376,3357,18,9625.15,16.14,1,18,1,0,0,0.798,0.102,9,12,0.023,0.032,Benign,0
172,TCP,HTTPS,6226,9,312,36228.94,1812.9,267,12,0,67,0,0.976,0.025,233,177,0.962,0.124,DoS_DDoS,1
1390,TCP,HTTPS,4110,19302,30,16841.95,21.58,1,30,2,0,0,0.852,0.024,29,49,0.029,0.019,Benign,0
41,TCP,HTTPS,3730,118,2157,93625.3,52481.75,1783,209,0,787,0,0.934,0.045,192,184,0.976,0.179,DoS_DDoS,1
6,TCP,OTHER,111,0,2,18196.72,327.87,2,0,0,0,0,0.09,0.838,254,4,0.745,0.648,PortScan,1
1821,TCP,HTTPS,2714,667,12,1856.57,6.59,2,12,1,0,0,0.894,0.13,26,60,0.047,0.003,Benign,0
1670,TCP,DNS,4795,1568,19,3809.95,11.38,1,19,1,0,0,0.961,0.087,47,52,0.019,0.032,Benign,0
271,UDP,HTTP,3031,767,512,14009.59,1888.6,369,50,0,99,0,0.992,0.038,185,236,0.832,0.163,DoS_DDoS,1
4934,UDP,DNS,794,1890,16,543.97,3.24,1,15,1,0,0,0.476,0.403,44,26,0.042,0.075,Botnet_C2,1
481,TCP,HTTP,5555,192,518,11945.54,1076.7,389,31,0,192,0,0.98,0.006,225,244,0.75,0.062,DoS_DDoS,1
2582,TCP,HTTP,1847,42339,12,17112.43,4.65,2,12,1,0,0,0.771,0.033,48,90,0.049,0.02,Benign,0
108,TCP,DNS,24206,521,3485,228741.91,32238.67,3107,127,0,965,0,0.862,0.044,195,179,0.876,0.176,DoS_DDoS,1
170,UDP,SSH,24002,3025,20,158888.89,117.58,2,20,1,0,0,0.929,0.064,9,84,0.032,0.01,Benign,0
40,TCP,SSH,1545,1191,14,68229.43,349.13,1,14,1,0,0,0.94,0.016,26,73,0.023,0.035,Benign,0
239,UDP,DNS,677,3070,34,15671.27,142.2,1,34,1,0,0,0.929,0.144,39,48,0.012,0.036,Benign,0
642,TCP,HTTPS,5227,3551,60,13670.77,93.44,1,60,2,0,0,0.789,0.001,3,20,0.034,0.004,Benign,0
5051,TCP,HTTPS,218,1104,23,261.73,4.55,1,22,1,0,0,0.488,0.173,16,29,0.092,0.086,Botnet_C2,1
212,UDP,DNS,10689,52,143,50641.21,674.21,101,7,0,18,0,0.969,0.005,197,219,0.983,0.017,DoS_DDoS,1
115,UDP,DNS,4462,486,23,42988.71,199.83,1,23,1,0,0,0.834,0.031,15,85,0.031,0.019,Benign,0
646,TCP,HTTPS,7885,800,30,13442.19,46.43,2,30,1,0,0,0.995,0.002,36,68,0.05,0.004,Benign,0
34,TCP,HTTP,41198,6,2768,1208328.45,81173.02,2395,27,0,856,0,0.985,0.002,219,226,0.881,0.142,DoS_DDoS,1
3571,TCP,HTTP,11558,1614,9,3688.5,2.52,1,9,1,0,0,0.883,0.117,44,99,0.029,0.035,Benign,0
109,TCP,HTTPS,21078,331,589,196232.81,5398.72,510,58,0,121,0,0.953,0.013,197,232,0.936,0.145,DoS_DDoS,1
3287,TCP,FTP,853,235,48,330.99,14.6,4,44,1,3,14,0.842,0.051,28,19,0.189,0.5,BruteForce,1
50,TCP,HTTP,2782,26,185,56047.9,3692.61,145,5,0,62,0,0.947,0.058,248,201,0.952,0.083,DoS_DDoS,1
1394,TCP,DNS,898,17970,9,13534.18,6.46,2,9,2,0,0,0.762,0.131,4,54,0.016,0.007,Benign,0
912,UDP,DNS,7510,23663,10,34177.17,10.96,1,10,1,0,0,0.889,0.039,24,63,0.02,0.007,Benign,0
30,UDP,HTTPS,13205,23,1239,439468.44,41162.79,1047,5,0,276,0,0.933,0.048,215,178,0.842,0.067,DoS_DDoS,1
2417,TCP,DNS,284,12540,19,5305.53,7.86,1,19,1,0,0,0.99,0.031,25,60,0.05,0.037,Benign,0
12,TCP,OTHER,50,0,1,4132.23,82.64,1,0,0,0,0,0.075,0.703,224,8,0.848,0.648,PortScan,1
40,TCP,HTTP,40518,25,1232,1011047.38,30723.19,902,23,0,131,0,0.945,0.079,207,194,0.753,0.035,DoS_DDoS,1
72,TCP,HTTP,37834,14,273,524937.59,3786.41,239,17,0,45,0,0.942,0.0,201,167,0.918,0.082,DoS_DDoS,1
798,TCP,HTTPS,966,33960,21,43761.43,26.31,1,21,2,0,0,0.913,0.03,25,85,0.024,0.034,Benign,0
1360,TCP,HTTP,703,5974,19,4909.2,13.97,1,19,1,0,0,0.805,0.124,43,76,0.045,0.003,Benign,0
140,UDP,HTTP,1710,2329,18,28829.41,128.48,1,18,1,0,0,0.894,0.009,41,74,0.031,0.013,Benign,0
238,TCP,HTTPS,4932,276,572,21873.16,2402.35,493,44,0,197,0,0.966,0.026,192,180,0.942,0.05,DoS_DDoS,1
1133,TCP,HTTPS,446,2282,9,2407.55,7.94,2,9,1,0,0,0.893,0.03,13,27,0.034,0.013,Benign,0
211,TCP,DNS,1113,17740,16,89308.38,75.79,1,16,1,0,0,0.852,0.005,41,93,0.009,0.01,Benign,0
1085,TCP,HTTPS,988,38993,21,36845.45,19.35,1,21,1,0,0,0.864,0.143,47,61,0.006,0.034,Benign,0
23,UDP,HTTP,644,862,25,65194.81,1082.25,1,25,2,0,0,0.854,0.032,23,65,0.012,0.038,Benign,0
527,TCP,SSH,6165,2236,15,15938.15,28.46,1,15,2,0,0,0.806,0.083,6,83,0.034,0.007,Benign,0
198,TCP,HTTP,5740,45,694,29202.42,3503.28,551,67,0,203,0,0.927,0.019,189,226,0.874,0.132,DoS_DDoS,1
3,TCP,SSH,105,0,1,33870.97,322.58,1,0,0,0,0,0.098,0.782,226,5,0.531,0.613,PortScan,1
111,UDP,HTTP,22071,152,1208,200027.0,10873.09,970,14,0,253,0,0.914,0.06,211,236,0.834,0.11,DoS_DDoS,1
975,TCP,HTTPS,171,45044,9,46369.6,9.23,1,9,1,0,0,0.82,0.033,45,98,0.041,0.011,Benign,0
148,UDP,HTTP,6144,32,1441,41701.55,9729.91,1298,13,0,194,0,0.91,0.033,184,178,0.707,0.023,DoS_DDoS,1
44,TCP,HTTP,78,0,2,1768.71,45.35,2,0,0,0,0,0.195,0.977,203,3,0.943,0.748,PortScan,1
1316,UDP,DNS,1985,2477,8,3390.32,6.08,1,8,2,0,0,0.884,0.047,30,39,0.037,0.01,Benign,0
1705,TCP,DNS,1069,15028,15,9440.5,8.8,1,15,1,0,0,0.818,0.046,13,42,0.037,0.022,Benign,0
240,TCP,DNS,1251,27111,76,118125.78,316.53,1,76,1,0,0,0.993,0.1,8,15,0.007,0.039,Benign,0
21,TCP,FTP,119,46,3,7819.91,142.18,3,0,0,1,0,0.059,0.963,228,6,0.621,0.503,PortScan,1
1907,UDP,HTTPS,1633,12485,16,7402.86,8.39,2,16,1,0,0,0.995,0.073,32,86,0.019,0.011,Benign,0
277,TCP,HTTP,73556,121,278,265885.96,1003.25,209,1,0,49,0,0.976,0.007,230,234,0.702,0.126,DoS_DDoS,1
4901,TCP,IRC,426,1056,14,302.38,2.86,1,13,1,0,0,0.802,0.384,36,29,0.095,0.086,Botnet_C2,1
556,TCP,FTP,940,706,22,2959.9,39.56,5,17,1,1,10,0.934,0.085,46,31,0.214,0.259,BruteForce,1
29,UDP,HTTP,16735,97,462,578419.24,15876.29,371,2,0,137,0,0.923,0.036,180,199,0.855,0.097,DoS_DDoS,1
40,TCP,HTTPS,4925,62,1435,124364.09,35785.54,1251,55,0,503,0,0.945,0.021,210,218,0.931,0.104,DoS_DDoS,1
62,UDP,DNS,35903,58,978,579082.13,15748.79,752,67,0,131,0,0.942,0.024,250,151,0.9,0.142,DoS_DDoS,1
1885,TCP,DNS,7729,6093,10,7332.24,5.3,1,10,1,0,0,0.884,0.012,4,96,0.049,0.001,Benign,0
823,TCP,HTTP,5302,15352,17,25092.94,20.65,1,17,1,0,0,0.864,0.138,9,68,0.011,0.04,Benign,0
1521,UDP,HTTPS,127,7601,15,5080.53,9.86,1,15,1,0,0,0.759,0.034,20,75,0.019,0.01,Benign,0
1821,TCP,HTTP,3263,460,11,2044.37,6.04,2,11,1,0,0,0.861,0.134,3,80,0.026,0.038,Benign,0
1950,TCP,FTP,1265,1192,50,1259.94,25.64,3,47,1,3,13,0.805,0.03,34,12,0.035,0.382,BruteForce,1
1412,TCP,HTTPS,421,3587,59,2838.33,41.78,1,59,1,0,0,0.949,0.049,47,98,0.029,0.01,Benign,0
78,UDP,HTTPS,3761,17,253,48373.88,3239.44,239,17,0,34,0,0.871,0.052,238,230,0.898,0.145,DoS_DDoS,1
131,UDP,HTTPS,599,712,9,10000.0,68.65,1,9,1,0,0,0.905,0.094,43,49,0.043,0.034,Benign,0
91,TCP,DNS,6167,19,4172,67903.4,45795.83,3722,101,0,652,0,0.88,0.075,253,242,0.97,0.021,DoS_DDoS,1
1179,TCP,TELNET,934,823,54,1490.12,45.8,3,51,1,2,10,0.98,0.054,73,39,0.001,0.38,BruteForce,1
884,TCP,SMTP,1273,15208,56,18641.56,63.34,1,56,2,0,0,0.866,0.13,44,61,0.02,0.034,Benign,0
3611,UDP,HTTP,111,15897,21,4433.0,5.82,1,21,1,0,0,0.958,0.061,33,64,0.025,0.023,Benign,0
216,ICMP,HTTPS,6974,72,5493,32605.28,25418.79,4160,373,0,1900,0,0.891,0.016,227,152,0.702,0.051,DoS_DDoS,1
27,TCP,HTTP,75,0,3,2767.53,110.7,3,0,0,0,0,0.196,0.927,253,2,0.565,0.696,PortScan,1
1599,TCP,HTTP,3011,8221,23,7023.95,14.38,1,23,2,0,0,0.918,0.015,21,81,0.0,0.014,Benign,0
1379,TCP,SSH,5515,18254,25,17235.15,18.13,1,25,1,1,0,0.913,0.01,34,56,0.04,0.027,Benign,0
1161,UDP,HTTP,2086,39531,22,35842.74,18.95,1,22,1,0,0,0.787,0.001,16,95,0.014,0.026,Benign,0
6086,TCP,SSH,824,223,37,172.03,6.08,5,32,1,3,9,0.873,0.027,53,13,0.034,0.213,BruteForce,1
38,TCP,OTHER,54,0,1,1417.32,26.25,1,0,0,0,0,0.09,0.964,211,7,0.835,0.347,PortScan,1
1199,TCP,FTP,1500,598,20,1749.65,16.68,5,15,1,3,6,0.951,0.053,48,8,0.025,0.331,BruteForce,1
38,TCP,OTHER,58,0,1,1522.31,26.25,1,0,0,0,0,0.013,0.919,206,9,0.634,0.692,PortScan,1
55,UDP,DNS,6747,1441,8,148602.54,145.19,1,8,1,0,0,0.934,0.023,28,97,0.001,0.01,Benign,0
200,UDP,HTTPS,11870,84,1744,59740.13,8715.64,1514,152,0,497,0,0.961,0.001,203,171,0.821,0.073,DoS_DDoS,1
1400,TCP,HTTPS,557,20466,31,15015.36,22.14,2,31,1,0,0,0.965,0.03,17,91,0.044,0.013,Benign,0
391,TCP,HTTP,1674,4601,49,16044.49,125.29,1,49,1,0,0,0.891,0.017,7,77,0.017,0.028,Benign,0
25,TCP,HTTP,339,10893,8,447490.04,318.73,1,8,1,0,0,0.809,0.042,46,53,0.027,0.001,Benign,0
921,UDP,HTTP,414,4056,11,4852.89,11.94,1,11,1,0,0,0.844,0.003,17,60,0.012,0.014,Benign,0
223,TCP,HTTPS,10378,4533,13,66835.5,58.27,1,13,1,0,0,0.848,0.093,25,39,0.001,0.022,Benign,0
9,TCP,OTHER,58,0,3,6373.63,329.67,3,0,0,0,0,0.025,0.979,243,2,0.87,0.775,PortScan,1
37,TCP,OTHER,47,0,3,1266.85,80.86,3,0,0,0,0,0.065,0.932,246,11,0.594,0.747,PortScan,1
403,TCP,HTTPS,847,8122,11,22250.06,27.29,1,11,1,0,0,0.835,0.106,21,43,0.008,0.033,Benign,0
556,UDP,SSH,3237,26445,12,53375.29,21.58,1,12,1,0,0,0.855,0.044,21,86,0.033,0.037,Benign,0
649,TCP,HTTPS,5179,2294,7,11512.86,10.78,2,7,1,0,0,0.811,0.012,34,49,0.036,0.031,Benign,0
409,UDP,HTTP,1923,700,12,6411.64,29.33,1,12,2,0,0,0.865,0.124,6,75,0.013,0.039,Benign,0
275,UDP,HTTPS,3070,16,236,11217.74,857.87,201,15,0,84,0,0.954,0.062,227,154,0.8,0.163,DoS_DDoS,1
4858,TCP,OTHER,375,20170,12,4229.02,2.47,1,11,1,0,0,0.489,0.282,29,13,0.095,0.016,Botnet_C2,1
282,TCP,HTTP,1018,4341,109,18996.81,386.39,2,109,1,0,0,0.972,0.009,8,16,0.01,0.023,Benign,0
2053,TCP,HTTPS,2109,3193,77,2582.44,37.5,2,77,1,0,0,0.788,0.121,47,69,0.047,0.032,Benign,0
21,TCP,HTTPS,1677,9422,36,526018.96,1706.16,2,36,1,0,0,0.812,0.105,13,16,0.049,0.022,Benign,0
279,ICMP,DNS,19465,4,910,69756.36,3260.48,644,34,0,355,0,0.905,0.032,217,178,0.788,0.19,DoS_DDoS,1
1345,TCP,HTTPS,601,359,31,713.7,23.05,1,31,1,0,0,0.785,0.048,3,63,0.002,0.033,Benign,0
3242,TCP,SSH,436,320,28,233.18,8.64,4,24,1,3,11,0.872,0.002,59,36,0.006,0.3,BruteForce,1
2037,TCP,DNS,62,417,17,235.14,8.35,1,17,1,0,0,0.856,0.098,29,86,0.019,0.006,Benign,0
1576,UDP,DNS,205,4150,18,2763.15,11.42,1,18,1,0,0,0.906,0.002,33,59,0.046,0.014,Benign,0
2253,TCP,DNS,177,32444,35,14478.27,15.53,1,35,1,0,0,0.915,0.018,33,79,0.032,0.002,Benign,0
80,TCP,HTTP,380,30321,17,383283.4,212.23,1,17,1,0,0,0.888,0.02,24,63,0.042,0.026,Benign,0
1234,TCP,SSH,3390,1203,92,3721.74,74.55,1,92,1,0,0,0.931,0.092,45,64,0.02,0.011,Benign,0
5277,TCP,HTTPS,1093,266395,14,50688.45,2.65,1,14,1,0,0,0.984,0.139,8,95,0.036,0.021,Benign,0
814,UDP,HTTPS,5851,9920,46,19372.31,56.5,1,46,1,1,0,0.917,0.064,40,76,0.011,0.033,Benign,0
3500,TCP,DNS,391,2213,25,743.98,7.14,1,25,1,0,0,0.92,0.018,6,14,0.007,0.032,Benign,0
18,TCP,HTTP,4793,32,4047,266574.59,223591.16,3369,51,0,1615,0,0.966,0.032,212,175,0.883,0.16,DoS_DDoS,1
1084,UDP,HTTPS,5010,16136,46,19505.58,42.43,1,46,1,0,0,0.774,0.002,22,36,0.036,0.016,Benign,0
177,ICMP,DNS,25003,43,1073,141422.92,6058.72,753,34,0,420,0,0.982,0.004,190,250,0.724,0.158,DoS_DDoS,1
2198,TCP,SMTP,894,21840,4,10342.57,1.82,1,4,1,0,0,0.994,0.028,39,80,0.024,0.033,Benign,0
65,TCP,HTTP,17426,45,3082,268371.74,47342.55,2370,296,0,873,0,0.85,0.021,240,229,0.75,0.024,DoS_DDoS,1
558,UDP,HTTPS,3667,21331,27,44791.26,48.38,1,27,1,0,0,0.925,0.148,22,26,0.027,0.03,Benign,0
2832,TCP,HTTP,100,4750,143,1712.51,50.49,1,143,1,0,0,0.908,0.148,11,40,0.038,0.007,Benign,0
2181,TCP,SSH,963,815,30,815.18,13.75,5,25,1,1,7,0.842,0.035,78,27,0.192,0.563,BruteForce,1
4889,TCP,IRC,361,2855,21,657.79,4.3,1,20,1,0,0,0.695,0.422,8,3,0.097,0.098,Botnet_C2,1
425,UDP,HTTP,10767,935,20,27527.64,47.05,1,20,1,0,0,0.788,0.066,33,43,0.018,0.003,Benign,0
121,TCP,DNS,3089,268,363,27720.89,2997.52,338,29,0,137,0,0.89,0.009,247,227,0.713,0.135,DoS_DDoS,1
4330,TCP,HTTPS,242,2730,14,686.36,3.23,1,13,1,0,0,0.411,0.284,20,17,0.051,0.059,Botnet_C2,1
1408,UDP,SMTP,5302,218,18,3920.18,12.78,1,18,1,0,0,0.989,0.086,36,45,0.024,0.04,Benign,0
4257,TCP,HTTPS,940,684,25,381.48,5.87,1,25,1,0,0,0.815,0.059,46,65,0.006,0.026,Benign,0
6,TCP,HTTP,99885,206,383,16408360.66,62786.89,311,21,0,106,0,0.863,0.014,249,183,0.838,0.084,DoS_DDoS,1
264,TCP,HTTP,3412,18,2454,12987.5,9291.93,2206,242,0,425,0,0.904,0.079,243,240,0.723,0.104,DoS_DDoS,1
3256,TCP,SSH,1298,485,36,547.59,11.06,3,33,1,2,14,0.988,0.063,72,21,0.127,0.482,BruteForce,1
1111,TCP,SSH,429,914,21,1208.71,18.9,2,19,1,3,11,0.999,0.089,37,16,0.13,0.398,BruteForce,1
12269,TCP,SSH,643,2121,56,225.28,4.56,2,54,1,1,4,0.852,0.015,37,37,0.175,0.361,BruteForce,1
1133,TCP,DNS,2042,9946,23,10579.83,20.3,1,23,1,0,0,0.912,0.004,49,56,0.006,0.01,Benign,0
1538,TCP,HTTPS,3399,22487,6,16829.86,3.9,1,6,1,0,0,0.887,0.108,26,96,0.031,0.032,Benign,0
3993,TCP,FTP,1099,585,26,421.73,6.51,4,22,1,2,12,0.803,0.008,25,26,0.14,0.304,BruteForce,1
645,TCP,HTTPS,317,39386,11,61545.5,17.05,1,11,1,0,0,0.921,0.095,34,93,0.042,0.026,Benign,0
913,TCP,HTTP,3028,1220,16,4652.28,17.52,1,16,1,0,0,0.899,0.05,24,34,0.04,0.018,Benign,0
89,TCP,HTTP,920,565,2200,16666.67,24691.36,1946,197,0,550,0,0.872,0.032,240,156,0.948,0.169,DoS_DDoS,1
14,TCP,SSH,77,0,3,5460.99,212.77,3,0,0,0,0,0.158,0.857,209,12,0.684,0.366,PortScan,1
12,TCP,OTHER,113,0,2,9338.84,165.29,2,0,0,0,0,0.133,0.947,233,13,0.861,0.696,PortScan,1
56,UDP,DNS,7161,179,2905,130837.79,51782.53,2577,274,0,672,0,0.922,0.032,230,230,0.891,0.166,DoS_DDoS,1
11745,TCP,TELNET,795,298,34,93.06,2.89,3,31,1,3,9,0.894,0.068,77,8,0.177,0.263,BruteForce,1
57,TCP,HTTPS,837,53742,22,955849.39,385.29,1,22,1,0,0,0.956,0.013,37,66,0.025,0.012,Benign,0
3496,TCP,HTTPS,460,5132,17,1599.5,4.86,1,17,1,0,0,0.965,0.089,30,91,0.034,0.039,Benign,0
847,TCP,HTTPS,5128,19522,41,29099.28,48.4,1,41,1,0,0,0.98,0.082,39,67,0.016,0.005,Benign,0
1877,TCP,TELNET,1593,378,38,1050.02,20.24,2,36,1,1,14,0.862,0.083,36,6,0.067,0.339,BruteForce,1
56,TCP,HTTPS,26980,39,279,481622.1,4973.26,213,11,0,43,0,0.994,0.064,216,227,0.854,0.009,DoS_DDoS,1
1226,TCP,SSH,1382,682,36,1683.39,29.36,2,34,1,2,6,0.862,0.098,23,27,0.027,0.257,BruteForce,1
16,TCP,OTHER,57,46,1,6397.52,62.11,1,0,0,1,0,0.174,0.803,213,3,0.534,0.693,PortScan,1
103,TCP,HTTPS,3215,27240,16,295392.82,155.19,1,16,1,0,0,0.763,0.068,10,69,0.035,0.021,Benign,0
1907,TCP,SSH,859,29550,19,15945.15,9.96,1,19,1,0,0,0.788,0.14,19,78,0.047,0.023,Benign,0
5330,UDP,OTHER,695,11791,14,2342.55,2.63,1,13,1,0,0,0.459,0.239,45,17,0.126,0.005,Botnet_C2,1
336,TCP,DNS,12610,155,390,37979.77,1160.37,359,24,0,104,0,0.951,0.013,223,186,0.946,0.115,DoS_DDoS,1
5382,TCP,DNS,534,4808,22,992.55,4.09,1,21,1,0,0,0.513,0.389,36,14,0.01,0.009,Botnet_C2,1
14,UDP,HTTPS,651,3437,4,289929.08,283.69,1,4,1,0,0,0.775,0.067,10,14,0.008,0.031,Benign,0
475,TCP,HTTPS,47953,619,32,102235.32,67.35,1,32,1,0,0,0.837,0.125,22,92,0.039,0.035,Benign,0
137,UDP,HTTP,6723,109,1465,49832.24,10685.63,1155,88,0,337,0,0.982,0.034,187,174,0.752,0.07,DoS_DDoS,1
1399,TCP,FTP,456,533,50,706.88,35.74,3,47,1,2,4,0.857,0.048,64,9,0.194,0.47,BruteForce,1
86,UDP,SSH,1713,811,23,29314.75,267.13,1,23,1,0,0,0.779,0.125,35,95,0.026,0.037,Benign,0
1773,UDP,DNS,9028,1534,9,5956.8,5.08,1,9,1,0,0,0.958,0.14,41,77,0.042,0.019,Benign,0
3123,TCP,HTTPS,1440,59861,40,19628.25,12.81,1,40,1,0,0,0.893,0.104,3,16,0.011,0.016,Benign,0
3726,TCP,SSH,570,540,58,297.9,15.57,2,56,1,3,9,0.889,0.061,57,23,0.038,0.537,BruteForce,1
348,TCP,HTTP,2103,7519,19,27641.48,54.58,1,19,1,0,0,0.907,0.115,20,70,0.041,0.007,Benign,0
2121,TCP,HTTPS,1883,4678,4,3093.21,1.89,1,4,2,0,0,0.927,0.044,26,49,0.01,0.018,Benign,0
8,TCP,OTHER,41,0,2,5061.73,246.91,2,0,0,0,0,0.048,0.728,203,6,0.647,0.386,PortScan,1
2890,TCP,HTTP,2485,9153,189,4026.85,65.4,1,189,1,0,0,0.894,0.103,19,65,0.02,0.006,Benign,0
1689,TCP,HTTPS,1750,27083,34,17070.04,20.13,2,34,1,0,0,0.8,0.062,38,63,0.007,0.004,Benign,0
226,UDP,DNS,25288,6,1370,111870.85,6059.27,1291,133,0,271,0,0.952,0.012,252,171,0.927,0.058,DoS_DDoS,1
3134,TCP,TELNET,1293,1749,47,970.61,15.0,3,44,1,1,7,0.806,0.049,37,29,0.011,0.306,BruteForce,1
100,TCP,DNS,10658,39,732,106863.14,7312.69,601,31,0,223,0,0.891,0.06,221,163,0.908,0.04,DoS_DDoS,1
1854,TCP,SSH,1342,568,17,1030.15,9.17,2,15,1,1,6,0.863,0.02,62,31,0.232,0.564,BruteForce,1
3909,TCP,HTTP,200,891,31,279.09,7.93,1,31,1,0,0,0.844,0.117,42,50,0.02,0.016,Benign,0
386,TCP,HTTPS,15389,12596,136,72481.22,352.24,1,136,1,1,0,0.809,0.138,5,40,0.027,0.018,Benign,0
50,UDP,HTTPS,26851,11,228,536167.66,4550.9,162,3,0,47,0,0.954,0.017,183,175,0.785,0.082,DoS_DDoS,1
321,TCP,HTTP,1094,6149,88,22556.84,274.06,1,88,1,0,0,0.99,0.043,9,51,0.016,0.032,Benign,0
124,TCP,HTTP,51629,15,287,416148.27,2312.65,202,7,0,61,0,0.894,0.05,230,180,0.934,0.037,DoS_DDoS,1
335,TCP,DNS,2662,10689,28,39841.84,83.56,1,28,1,0,0,0.971,0.107,44,89,0.04,0.013,Benign,0
42,ICMP,HTTPS,3196,189,441,80403.8,10475.06,324,4,0,116,0,0.868,0.003,250,191,0.939,0.031,DoS_DDoS,1
272,UDP,HTTPS,50257,18,2539,184766.63,9331.13,1932,69,0,685,0,0.982,0.036,190,246,0.92,0.171,DoS_DDoS,1
1914,TCP,SSH,843,412,41,655.66,21.42,2,39,1,1,3,0.89,0.081,73,25,0.096,0.272,BruteForce,1
341,TCP,HTTPS,4512,4803,33,27308.71,96.75,1,33,1,0,0,0.961,0.015,26,93,0.043,0.01,Benign,0
8673,UDP,HTTPS,1960,5951,106,912.13,12.22,2,106,1,0,0,0.96,0.058,42,60,0.01,0.04,Benign,0
2719,UDP,HTTP,4340,3755,25,2977.09,9.19,1,25,2,0,0,0.846,0.084,12,71,0.011,0.032,Benign,0
719,TCP,HTTP,10763,5878,38,23141.43,52.84,1,38,1,1,0,0.997,0.091,38,59,0.016,0.008,Benign,0
37,TCP,DNS,26584,20,1599,717088.95,43099.73,1242,6,0,637,0,0.897,0.013,189,161,0.869,0.03,DoS_DDoS,1
22,ICMP,DNS,1551,3728,54,238868.78,2443.44,2,54,1,0,0,0.875,0.133,16,69,0.046,0.016,Benign,0
593,TCP,HTTP,3817,6061,20,16654.86,33.72,1,20,1,0,0,0.901,0.11,35,35,0.045,0.012,Benign,0
493,TCP,HTTPS,16557,1157,56,35923.75,113.57,1,56,1,0,0,0.947,0.108,35,43,0.044,0.007,Benign,0
4617,TCP,IRC,304,7339,10,1655.37,2.17,1,9,1,0,0,0.823,0.334,28,15,0.008,0.05,Botnet_C2,1
7721,TCP,SSH,1634,1181,56,364.59,7.25,5,51,1,3,3,0.824,0.056,32,22,0.106,0.339,BruteForce,1
3566,TCP,DNS,682,7714,5,2354.39,1.4,1,5,1,1,0,0.864,0.107,17,21,0.025,0.034,Benign,0
89,TCP,HTTP,14759,30,333,165982.04,3737.37,291,9,0,96,0,0.924,0.061,223,156,0.835,0.118,DoS_DDoS,1
31,TCP,OTHER,53,20,3,2347.27,96.46,3,0,0,1,0,0.071,0.853,227,14,0.811,0.321,PortScan,1
798,TCP,FTP,1945,166,55,2645.03,68.91,4,51,1,2,10,0.898,0.034,54,35,0.194,0.33,BruteForce,1
640,TCP,HTTP,74,20000,57,31360.72,89.05,1,57,1,0,0,0.918,0.003,47,83,0.009,0.026,Benign,0
1039,TCP,SSH,458,429,54,853.62,51.97,4,50,1,1,8,0.937,0.037,39,29,0.091,0.284,BruteForce,1
149,TCP,HTTP,2621,21,2009,17719.65,13474.18,1676,130,0,480,0,0.931,0.006,243,186,0.798,0.136,DoS_DDoS,1
2053,UDP,DNS,4446,4593,7,4402.61,3.41,2,7,1,0,0,0.865,0.002,10,99,0.022,0.036,Benign,0
1,TCP,OTHER,118,0,3,107272.73,2727.27,3,0,0,0,0,0.087,0.719,248,2,0.55,0.301,PortScan,1
5136,TCP,IRC,302,10813,21,2164.09,4.09,1,20,1,0,0,0.671,0.177,15,29,0.022,0.098,Botnet_C2,1
673,TCP,HTTPS,527,12953,31,20026.74,46.06,2,31,1,0,0,0.939,0.081,19,67,0.01,0.011,Benign,0
11264,TCP,FTP,1093,256,20,119.76,1.78,4,16,1,1,13,0.971,0.04,37,28,0.033,0.213,BruteForce,1
1816,TCP,HTTPS,502,3505,10,2206.38,5.51,1,10,1,0,0,0.789,0.027,40,71,0.001,0.035,Benign,0
2367,TCP,HTTPS,465,6034,11,2745.55,4.65,2,11,1,0,0,0.763,0.087,37,57,0.039,0.005,Benign,0
591,TCP,SSH,12565,946,17,22857.38,28.76,1,17,1,0,0,0.822,0.135,37,78,0.019,0.019,Benign,0
34,TCP,HTTPS,26603,98,632,783020.53,18533.72,597,56,0,131,0,0.98,0.072,201,171,0.83,0.162,DoS_DDoS,1
1602,UDP,DNS,2337,120281,29,76535.8,18.1,1,29,1,0,0,0.962,0.047,10,97,0.0,0.027,Benign,0
37,TCP,HTTP,553,2842,23,91509.43,619.95,1,23,1,0,0,0.954,0.009,31,77,0.036,0.039,Benign,0
84,TCP,HTTP,8092,190,1359,98478.0,16159.33,1277,127,0,430,0,0.879,0.012,236,227,0.989,0.124,DoS_DDoS,1
1,TCP,FTP,110,0,2,100000.0,1818.18,2,0,0,0,0,0.104,0.825,222,9,0.895,0.314,PortScan,1
66,TCP,HTTPS,39419,81,220,597579.43,3328.29,158,20,0,73,0,0.987,0.003,228,178,0.885,0.049,DoS_DDoS,1
181,TCP,SSH,1183,18547,17,108945.33,93.87,1,17,1,0,0,0.832,0.092,41,91,0.018,0.04,Benign,0
4645,TCP,DNS,627,6127,24,1454.01,5.17,1,23,1,0,0,0.666,0.338,12,16,0.127,0.088,Botnet_C2,1
739,TCP,HTTPS,400,9775,10,13766.74,13.53,1,10,1,0,0,0.903,0.055,13,36,0.024,0.009,Benign,0
265,TCP,DNS,520,4218,10,17872.5,37.72,1,10,1,0,0,0.819,0.112,8,15,0.0,0.005,Benign,0
1526,TCP,SSH,914,1358,53,1488.76,34.73,5,48,1,2,14,0.901,0.069,33,8,0.096,0.492,BruteForce,1
670,TCP,DNS,140,4640,44,7133.26,65.66,1,44,1,0,0,0.892,0.041,2,82,0.018,0.001,Benign,0
188,TCP,HTTP,2924,12,784,15608.72,4168.0,654,27,0,100,0,0.864,0.027,189,186,0.967,0.162,DoS_DDoS,1
589,UDP,HTTP,532,10874,33,19361.74,56.02,1,33,1,0,0,0.884,0.05,11,30,0.011,0.038,Benign,0
4512,TCP,HTTPS,402,2630,16,671.97,3.55,1,15,1,0,0,0.808,0.382,43,21,0.062,0.064,Botnet_C2,1
4182,TCP,HTTPS,9942,2087,12,2876.31,2.87,1,12,1,0,0,0.884,0.089,14,24,0.044,0.011,Benign,0
1888,UDP,HTTP,1832,93,62,1019.54,32.84,1,62,1,0,0,0.761,0.039,13,46,0.025,0.03,Benign,0
285,TCP,HTTPS,11267,35,1089,39642.23,3819.71,863,27,0,311,0,0.874,0.05,251,199,0.919,0.116,DoS_DDoS,1
477,TCP,HTTP,38455,17,679,80637.18,1423.18,508,3,0,212,0,0.956,0.048,199,155,0.799,0.114,DoS_DDoS,1
1073,TCP,HTTPS,560,1585,16,1998.88,14.91,2,16,1,0,0,0.849,0.084,41,96,0.046,0.031,Benign,0
1355,UDP,DNS,4069,1762,15,4303.0,11.07,1,15,1,0,0,0.785,0.045,35,62,0.041,0.03,Benign,0
87,ICMP,HTTP,29961,63,525,344707.23,6027.55,393,26,0,159,0,0.954,0.006,209,155,0.891,0.13,DoS_DDoS,1
2666,UDP,HTTP,784,22613,15,8775.74,5.63,1,15,1,0,0,0.946,0.135,46,50,0.031,0.016,Benign,0
1800,TCP,HTTPS,1363,4382,44,3191.49,24.44,2,44,1,0,0,0.897,0.137,34,56,0.048,0.004,Benign,0
3281,TCP,HTTPS,1328,914,18,683.31,5.49,1,18,1,0,0,0.995,0.058,44,56,0.049,0.039,Benign,0
293,TCP,HTTP,9898,97,196,34100.99,668.71,143,14,0,41,0,0.975,0.07,229,184,0.945,0.158,DoS_DDoS,1
3862,UDP,HTTPS,1470,1176,46,685.12,11.91,1,46,1,0,0,0.823,0.003,41,91,0.02,0.007,Benign,0
619,UDP,HTTP,1392,3440,15,7804.88,24.23,1,15,1,0,0,0.882,0.025,1,52,0.024,0.023,Benign,0
521,TCP,HTTPS,967,2159,26,5998.85,49.89,2,26,2,0,0,0.998,0.045,43,74,0.03,0.036,Benign,0
33,UDP,HTTPS,3793,26,560,115377.64,16918.43,500,41,0,138,0,0.918,0.037,222,153,0.81,0.026,DoS_DDoS,1
7283,TCP,SSH,1130,384,24,207.88,3.3,4,20,1,1,8,0.847,0.016,55,22,0.171,0.274,BruteForce,1
21,TCP,FTP,116,0,2,5497.63,94.79,2,0,0,0,0,0.012,0.986,216,10,0.803,0.772,PortScan,1
12655,TCP,FTP,427,950,52,108.81,4.11,5,47,1,3,10,0.983,0.048,21,35,0.083,0.45,BruteForce,1
2779,TCP,HTTPS,3696,5785,16,3411.54,5.76,1,16,1,0,0,0.759,0.11,21,77,0.028,0.031,Benign,0
116,UDP,SSH,5325,1550,88,59216.19,757.97,1,88,1,0,0,0.819,0.032,16,54,0.008,0.031,Benign,0
71,TCP,HTTP,12154,56,1279,171729.96,17988.75,1009,71,0,402,0,0.891,0.023,233,234,0.901,0.141,DoS_DDoS,1
26,TCP,HTTPS,3441,161,906,138007.66,34712.64,732,87,0,224,0,0.983,0.021,232,151,0.725,0.085,DoS_DDoS,1
21,TCP,DNS,8137,47,596,387867.3,28246.45,555,17,0,144,0,0.896,0.06,220,168,0.826,0.015,DoS_DDoS,1
3085,TCP,HTTPS,954,2115,60,994.78,19.45,1,60,1,0,0,0.965,0.098,39,60,0.008,0.018,Benign,0
38,TCP,OTHER,51,39,1,2362.2,26.25,1,0,0,1,0,0.117,0.717,228,12,0.759,0.745,PortScan,1
776,TCP,HTTP,716,31133,12,41037.24,15.46,2,12,1,0,0,0.861,0.064,42,64,0.037,0.031,Benign,0
317,TCP,HTTP,6243,76,1275,19927.47,4020.81,1206,65,0,325,0,0.887,0.015,240,234,0.788,0.137,DoS_DDoS,1
191,UDP,HTTP,5731,136,1322,30701.2,6917.84,1161,82,0,351,0,0.995,0.075,218,196,0.853,0.149,DoS_DDoS,1
91,TCP,HTTP,33224,109,305,365894.62,3347.97,267,14,0,44,0,0.88,0.002,183,205,0.918,0.194,DoS_DDoS,1
5252,TCP,HTTPS,250,7318,24,1440.95,4.57,1,23,1,0,0,0.525,0.299,44,19,0.102,0.008,Botnet_C2,1
591,TCP,HTTPS,784,4551,15,9025.55,25.38,1,15,1,0,0,0.896,0.139,2,27,0.038,0.007,Benign,0
657,TCP,HTTP,1282,14800,11,24474.2,16.74,1,11,1,0,0,0.802,0.119,46,84,0.016,0.016,Benign,0
5098,UDP,HTTPS,490,2096,12,507.25,2.35,1,11,1,0,0,0.752,0.193,6,3,0.092,0.013,Botnet_C2,1
13,TCP,HTTP,69,0,2,5267.18,152.67,2,0,0,0,0,0.177,0.881,214,11,0.749,0.563,PortScan,1
41,TCP,HTTP,113,0,3,2749.39,72.99,3,0,0,0,0,0.079,0.722,212,8,0.643,0.503,PortScan,1
1960,TCP,HTTP,12613,9170,9,11113.21,4.59,1,9,1,0,0,0.936,0.057,9,30,0.023,0.033,Benign,0
4940,UDP,HTTPS,194,4868,21,1024.68,4.25,1,20,1,0,0,0.537,0.473,15,27,0.138,0.092,Botnet_C2,1
252,TCP,SSH,1587,40556,22,167167.79,87.27,1,22,1,0,0,0.83,0.069,17,21,0.009,0.031,Benign,0
152,UDP,HTTP,7738,3692,12,75147.93,78.9,1,12,1,0,0,0.921,0.105,47,85,0.015,0.008,Benign,0
11,ICMP,HTTP,5363,73,527,489729.73,47477.48,384,40,0,150,0,0.959,0.021,196,216,0.81,0.076,DoS_DDoS,1
3595,UDP,DNS,5697,4562,50,2853.61,13.91,1,50,1,0,0,0.842,0.084,6,95,0.035,0.0,Benign,0
1929,UDP,HTTPS,2484,10727,46,6848.27,23.85,1,46,1,0,0,0.763,0.057,47,64,0.05,0.012,Benign,0
749,TCP,HTTP,222,710,27,1244.16,36.04,1,27,1,0,0,0.809,0.053,6,29,0.004,0.005,Benign,0
144,TCP,HTTP,2043,43,927,14476.06,6433.03,739,10,0,94,0,0.864,0.012,223,181,0.766,0.127,DoS_DDoS,1
246,TCP,HTTP,17626,159,714,72267.37,2901.26,504,33,0,157,0,0.879,0.043,191,170,0.946,0.172,DoS_DDoS,1
94,UDP,HTTPS,21163,157,1971,226567.48,20945.8,1588,46,0,694,0,0.875,0.043,253,231,0.914,0.029,DoS_DDoS,1
94,UDP,DNS,13870,23,3299,147640.81,35058.45,3067,185,0,1074,0,0.852,0.046,233,155,0.997,0.1,DoS_DDoS,1
812,TCP,HTTPS,3038,2146,14,6383.45,17.24,1,14,1,0,0,0.977,0.043,16,38,0.049,0.03,Benign,0
1857,TCP,HTTP,1092,91300,7,49750.69,3.77,1,7,1,0,0,0.896,0.114,16,38,0.022,0.008,Benign,0
879,TCP,SSH,310,817,21,1281.99,23.89,2,19,1,1,6,0.876,0.091,17,20,0.096,0.438,BruteForce,1
35,TCP,OTHER,105,23,1,3646.72,28.49,1,0,0,1,0,0.171,0.872,239,6,0.565,0.426,PortScan,1
503,TCP,HTTPS,5807,18200,28,47718.15,55.65,1,28,1,0,0,0.951,0.027,4,25,0.038,0.026,Benign,0
447,TCP,HTTPS,607,2404,34,6734.51,76.05,1,34,1,0,0,0.994,0.05,8,14,0.029,0.036,Benign,0
641,TCP,HTTPS,6270,869,36,11135.55,56.15,2,36,1,0,0,0.771,0.003,37,70,0.041,0.028,Benign,0
251,TCP,DNS,22771,31,2164,90808.44,8618.08,1923,132,0,459,0,0.896,0.063,249,229,0.711,0.004,DoS_DDoS,1
2383,TCP,HTTPS,1872,14002,9,6661.07,3.78,1,9,1,0,0,0.883,0.142,36,89,0.035,0.02,Benign,0
457,TCP,HTTPS,777,5017,13,12675.56,28.44,1,13,1,0,0,0.937,0.098,13,51,0.004,0.029,Benign,0
52,TCP,HTTP,7005,96,4856,136295.59,93205.37,3515,214,0,583,0,0.978,0.009,205,198,0.853,0.106,DoS_DDoS,1
7218,TCP,FTP,2790,540,29,461.34,4.02,2,27,1,3,5,0.954,0.059,26,16,0.012,0.242,BruteForce,1
27,TCP,HTTPS,4847,96,503,182398.52,18560.89,380,16,0,58,0,0.99,0.01,206,185,0.751,0.092,DoS_DDoS,1
1477,TCP,HTTPS,284,10121,11,7044.21,7.45,1,11,1,0,0,0.975,0.062,24,70,0.021,0.014,Benign,0
1288,TCP,HTTPS,1169,3461,9,3594.44,6.99,1,9,1,0,0,0.903,0.048,9,34,0.024,0.023,Benign,0
76,TCP,HTTPS,14531,38,241,191445.47,3166.89,178,3,0,34,0,0.983,0.043,187,222,0.911,0.064,DoS_DDoS,1
37,TCP,OTHER,73,0,2,1967.65,53.91,2,0,0,0,0,0.106,0.928,226,1,0.509,0.626,PortScan,1
43,TCP,DNS,24092,12,2243,559257.54,52041.76,1891,2,0,632,0,0.867,0.006,197,199,0.721,0.171,DoS_DDoS,1
4445,TCP,OTHER,346,6690,21,1582.87,4.72,1,20,1,0,0,0.843,0.185,43,2,0.121,0.085,Botnet_C2,1
1197,TCP,HTTPS,2109,25472,43,23039.85,35.92,1,43,2,0,0,0.774,0.1,14,51,0.028,0.024,Benign,0
2717,TCP,HTTP,2227,4453,15,2458.5,5.52,1,15,1,0,0,0.89,0.086,26,60,0.027,0.028,Benign,0
50,UDP,HTTPS,6486,7190,28,272974.05,558.88,1,28,1,0,0,0.762,0.097,18,48,0.016,0.014,Benign,0
136,TCP,HTTP,1576,26,1431,11770.76,10514.33,1251,128,0,409,0,0.966,0.016,197,220,0.878,0.168,DoS_DDoS,1
2264,UDP,HTTPS,1094,6743,72,3461.42,31.8,1,72,1,0,0,0.862,0.05,38,65,0.034,0.018,Benign,0
4438,TCP,SSH,669,455,35,253.26,7.89,5,30,1,2,12,0.833,0.03,40,26,0.198,0.323,BruteForce,1
3382,TCP,HTTPS,539,534,52,317.26,15.38,1,52,1,0,0,0.883,0.134,36,64,0.008,0.012,Benign,0
36,TCP,HTTP,44,47,1,2520.78,27.7,1,0,0,1,0,0.022,0.914,249,9,0.525,0.463,PortScan,1
334,TCP,HTTP,58682,97,428,175932.36,1281.05,329,23,0,170,0,0.942,0.046,254,250,0.776,0.168,DoS_DDoS,1
2167,UDP,HTTPS,3008,1208,6,1945.46,2.77,1,6,1,0,0,0.846,0.037,21,61,0.021,0.007,Benign,0
345,TCP,HTTP,2524,15235,32,51460.45,92.73,2,32,1,0,0,0.958,0.113,38,52,0.033,0.035,Benign,0
1608,TCP,DNS,749,14870,40,9712.7,24.87,1,40,1,0,0,0.847,0.0,41,84,0.044,0.009,Benign,0
1882,TCP,HTTP,936,26482,74,14567.77,39.32,1,74,1,0,0,0.961,0.035,11,23,0.033,0.008,Benign,0
1849,TCP,HTTP,453,117182,80,63617.44,43.26,1,80,1,0,0,0.908,0.015,2,2,0.007,0.005,Benign,0
1220,UDP,HTTPS,2826,4271,13,5816.74,10.65,1,13,1,0,0,0.86,0.045,15,72,0.0,0.03,Benign,0
5032,TCP,DNS,195,2769,8,589.02,1.59,1,7,1,0,0,0.642,0.374,26,17,0.143,0.097,Botnet_C2,1
1419,TCP,HTTPS,423,826,17,880.14,11.98,1,17,1,0,0,0.905,0.042,7,50,0.002,0.032,Benign,0
216,UDP,HTTPS,4176,35776,24,184877.37,111.06,1,24,1,0,0,0.827,0.057,4,21,0.01,0.029,Benign,0
933,UDP,DNS,4948,4681,44,10319.37,47.15,1,44,1,0,0,0.83,0.058,38,38,0.006,0.004,Benign,0
2884,TCP,SSH,1963,1503,48,1201.76,16.64,4,44,1,1,3,0.819,0.014,40,6,0.132,0.586,BruteForce,1
19,TCP,OTHER,84,30,2,5968.59,104.71,2,0,0,1,0,0.022,0.896,209,3,0.7,0.665,PortScan,1
5122,TCP,IRC,649,532,9,230.57,1.76,1,8,1,0,0,0.516,0.287,14,13,0.07,0.011,Botnet_C2,1
178,ICMP,HTTPS,7981,241,1970,46165.08,11061.2,1391,158,0,461,0,0.92,0.026,235,242,0.879,0.107,DoS_DDoS,1
2041,UDP,HTTP,2985,2687,9,2778.89,4.41,1,9,1,1,0,0.767,0.037,22,93,0.002,0.029,Benign,0
60,UDP,HTTPS,4552,16,466,76006.66,7753.74,402,38,0,100,0,0.859,0.061,216,247,0.949,0.072,DoS_DDoS,1
8331,TCP,FTP,550,367,20,110.07,2.4,4,16,1,3,9,0.972,0.029,33,26,0.053,0.234,BruteForce,1
5197,TCP,IRC,395,4684,18,977.28,3.46,1,17,1,0,0,0.488,0.372,36,27,0.029,0.076,Botnet_C2,1
3876,TCP,SSH,956,449,48,362.48,12.38,5,43,1,1,14,0.824,0.077,32,7,0.128,0.343,BruteForce,1
312,TCP,HTTPS,634,2255,8,9256.65,25.63,1,8,1,0,0,0.795,0.008,16,94,0.003,0.012,Benign,0
347,TCP,HTTPS,48626,27,1836,140169.98,5289.54,1348,95,0,497,0,0.923,0.052,219,201,0.741,0.123,DoS_DDoS,1
432,TCP,HTTP,4093,1255,63,12376.76,145.8,2,63,1,0,0,0.756,0.068,16,43,0.029,0.037,Benign,0
4,TCP,OTHER,59,0,2,14390.24,487.8,2,0,0,0,0,0.193,0.846,240,2,0.555,0.455,PortScan,1
20,ICMP,HTTP,24079,85,846,1202189.05,42089.55,627,83,0,134,0,0.863,0.04,239,159,0.806,0.066,DoS_DDoS,1
214,TCP,HTTPS,688,114196,14,536590.38,65.39,2,14,1,0,0,0.925,0.133,21,41,0.033,0.036,Benign,0
283,TCP,HTTP,7669,1542,39,32536.21,137.76,1,39,1,1,0,1.0,0.13,42,97,0.019,0.03,Benign,0
2331,TCP,SSH,1810,1338,30,1350.44,12.87,4,26,1,1,11,0.916,0.011,52,16,0.062,0.554,BruteForce,1
504,TCP,DNS,261,79240,68,157708.79,134.89,1,68,1,1,0,0.793,0.113,6,9,0.007,0.037,Benign,0
1458,TCP,DNS,2730,48534,15,35158.08,10.29,1,15,1,0,0,0.91,0.145,13,80,0.029,0.006,Benign,0
406,UDP,HTTP,1352,5194,12,16119.18,29.55,1,12,1,1,0,0.881,0.137,3,79,0.015,0.017,Benign,0
2544,TCP,HTTP,2447,16386,30,7402.62,11.79,1,30,1,0,0,0.893,0.079,48,66,0.042,0.037,Benign,0
1667,TCP,HTTP,3682,54848,28,35108.87,16.8,2,28,1,0,0,0.955,0.057,27,64,0.031,0.029,Benign,0
58,UDP,HTTP,48408,499,252,841772.81,4337.35,186,10,0,68,0,0.927,0.046,239,191,0.719,0.011,DoS_DDoS,1
855,TCP,DNS,608,6302,42,8080.93,49.12,1,42,1,0,0,0.821,0.016,32,58,0.011,0.017,Benign,0
9,TCP,OTHER,85,0,2,9340.66,219.78,2,0,0,0,0,0.032,0.849,211,6,0.644,0.538,PortScan,1
350,UDP,DNS,613,990,19,4578.69,54.27,2,19,1,0,0,0.918,0.093,28,99,0.001,0.02,Benign,0
43,TCP,SSH,72,0,3,1670.53,69.61,3,0,0,0,0,0.152,0.99,225,8,0.811,0.722,PortScan,1
939,TCP,HTTPS,251,456,13,752.85,13.84,1,13,2,0,0,0.782,0.019,27,47,0.021,0.039,Benign,0
886,UDP,HTTPS,422,8001,13,9505.7,14.67,1,13,1,0,0,0.993,0.082,14,49,0.012,0.035,Benign,0
1175,TCP,FTP,382,656,42,883.33,35.74,2,40,1,1,9,0.876,0.016,71,37,0.248,0.328,BruteForce,1
191,TCP,DNS,475,7783,7,43212.98,36.63,1,7,1,0,0,0.902,0.095,27,81,0.004,0.005,Benign,0
139,TCP,HTTP,1980,1904,13,27922.36,93.46,1,13,1,0,0,0.982,0.004,23,31,0.019,0.012,Benign,0
724,TCP,HTTPS,3479,2599,96,8393.87,132.58,1,96,1,0,0,0.956,0.122,13,33,0.032,0.004,Benign,0
295,UDP,HTTPS,13139,16,272,44578.11,921.72,195,22,0,65,0,0.999,0.018,253,235,0.941,0.175,DoS_DDoS,1
1283,TCP,HTTP,737,1649,15,1859.56,11.69,2,15,2,0,0,0.803,0.003,8,51,0.008,0.021,Benign,0
115,UDP,HTTPS,17197,27,1699,149643.79,14761.08,1477,123,0,369,0,0.998,0.028,208,247,0.791,0.02,DoS_DDoS,1
40,TCP,OTHER,106,0,1,2643.39,24.94,1,0,0,0,0,0.113,0.759,229,6,0.653,0.62,PortScan,1
389,UDP,HTTPS,3140,70,1487,8249.81,3821.64,1397,64,0,334,0,0.902,0.011,196,225,0.704,0.102,DoS_DDoS,1
2756,TCP,HTTPS,1394,9426,10,3925.84,3.63,1,10,1,0,0,0.967,0.137,4,24,0.047,0.039,Benign,0
1103,UDP,DNS,1911,1041,20,2676.09,18.13,1,20,1,1,0,1.0,0.107,4,15,0.002,0.011,Benign,0
180,TCP,HTTP,3981,9522,16,74975.01,88.84,1,16,1,1,0,0.988,0.059,49,82,0.045,0.033,Benign,0
252,UDP,HTTP,34751,8,333,137877.83,1320.9,285,29,0,68,0,0.861,0.028,229,158,0.756,0.01,DoS_DDoS,1
2630,TCP,HTTPS,391,3104,38,1328.85,14.45,1,38,2,1,0,0.877,0.068,25,52,0.013,0.019,Benign,0
3718,UDP,DNS,19344,10277,16,7966.7,4.3,1,16,1,0,0,0.77,0.143,43,48,0.037,0.024,Benign,0
1899,TCP,HTTP,705,885,89,837.24,46.86,1,89,1,0,0,0.94,0.037,18,33,0.029,0.019,Benign,0
771,UDP,HTTPS,6301,6291,8,16329.92,10.37,2,8,2,0,0,0.953,0.042,15,43,0.006,0.001,Benign,0
4314,UDP,HTTP,1420,7452,29,2056.51,6.72,2,29,2,0,0,0.79,0.073,22,50,0.029,0.036,Benign,0
88,TCP,HTTP,38617,136,3675,439875.14,41713.96,3058,35,0,1306,0,0.981,0.021,209,220,0.721,0.065,DoS_DDoS,1
293,TCP,HTTPS,1350,7939,19,31692.26,64.82,1,19,1,0,0,0.778,0.135,10,66,0.032,0.017,Benign,0
4659,TCP,SSH,1634,527,59,463.82,12.66,2,57,1,1,14,0.802,0.086,52,37,0.033,0.225,BruteForce,1
12,TCP,DNS,1995,1113,37,256859.5,3057.85,1,37,1,0,0,0.864,0.052,24,58,0.008,0.025,Benign,0
80,UDP,HTTPS,5766,112,1840,73383.27,22971.29,1560,179,0,540,0,0.897,0.068,206,234,0.991,0.096,DoS_DDoS,1
35,TCP,FTP,72,0,2,2051.28,56.98,2,0,0,0,0,0.1,0.841,212,12,0.635,0.649,PortScan,1
87,TCP,DNS,16234,21,420,186624.57,4822.04,310,25,0,47,0,0.939,0.062,240,184,0.948,0.053,DoS_DDoS,1
1430,TCP,HTTPS,6410,1502,13,5532.48,9.09,1,13,1,0,0,0.901,0.048,2,59,0.035,0.033,Benign,0
32,UDP,HTTPS,60657,17,2444,1890155.76,76137.07,1886,95,0,780,0,0.868,0.063,182,235,0.831,0.181,DoS_DDoS,1
994,TCP,HTTPS,15545,6876,12,22554.07,12.07,2,12,1,0,0,0.928,0.047,11,76,0.041,0.018,Benign,0
5854,TCP,FTP,918,1246,17,369.66,2.9,2,15,1,2,13,0.963,0.036,19,39,0.003,0.258,BruteForce,1
901,UDP,DNS,1072,3079,8,4606.59,8.88,1,8,2,0,0,0.972,0.098,8,41,0.02,0.032,Benign,0
1116,UDP,SSH,889,4085,11,4456.59,9.86,1,11,2,0,0,0.877,0.003,39,81,0.043,0.011,Benign,0
1562,TCP,SSH,664,726,50,889.83,32.01,2,48,1,2,9,0.995,0.088,49,35,0.09,0.221,BruteForce,1
208,TCP,HTTPS,4447,130,93,21994.23,446.9,87,7,0,15,0,0.882,0.053,225,225,0.755,0.189,DoS_DDoS,1
749,TCP,HTTPS,665,596,6,1683.35,8.01,1,6,1,0,0,0.778,0.058,30,61,0.039,0.012,Benign,0
691,TCP,HTTPS,646,17326,85,26004.92,122.99,1,85,2,0,0,0.81,0.014,25,25,0.048,0.03,Benign,0
1912,TCP,HTTP,231,525,38,395.38,19.87,1,38,1,0,0,0.794,0.044,34,76,0.022,0.021,Benign,0
854,TCP,HTTPS,261,604,58,1012.76,67.91,1,58,1,0,0,0.811,0.04,17,81,0.044,0.024,Benign,0
1241,TCP,HTTPS,116,2079,28,1768.59,22.56,1,28,1,0,0,0.92,0.068,28,95,0.036,0.037,Benign,0
337,UDP,HTTPS,20193,5876,12,77333.14,35.6,1,12,1,0,0,0.977,0.026,29,51,0.036,0.033,Benign,0
12,TCP,FTP,80,0,1,6611.57,82.64,1,0,0,0,0,0.038,0.882,210,6,0.869,0.771,PortScan,1
1265,TCP,HTTPS,39655,1927,29,32868.55,22.92,1,29,1,0,0,0.834,0.135,34,92,0.018,0.039,Benign,0
6573,TCP,HTTP,573,1165,20,264.41,3.04,1,20,1,0,0,0.808,0.127,27,46,0.03,0.035,Benign,0
1759,TCP,HTTPS,15348,6018,44,12145.98,25.01,2,44,1,0,0,0.777,0.053,14,19,0.019,0.031,Benign,0
3384,TCP,HTTP,1676,10323,6,3545.7,1.77,1,6,1,0,0,0.756,0.035,9,57,0.047,0.006,Benign,0
634,TCP,HTTPS,747,930,38,2644.69,59.93,1,38,2,0,0,0.791,0.113,22,61,0.028,0.003,Benign,0
524,UDP,DNS,2345,9339,4,22293.46,7.63,1,4,1,0,0,0.802,0.081,42,76,0.011,0.007,Benign,0
1159,TCP,HTTPS,956,6780,7,6674.14,6.04,2,7,1,0,0,0.848,0.095,47,56,0.029,0.025,Benign,0
510,TCP,HTTP,704,1217,52,3765.93,101.94,1,52,1,0,0,0.8,0.131,21,57,0.029,0.023,Benign,0
35,TCP,HTTPS,1548,97908,21,2833504.27,598.29,1,21,1,0,0,0.926,0.129,42,80,0.045,0.028,Benign,0
12,TCP,DNS,2000,956,13,244297.52,1074.38,1,13,1,0,0,0.777,0.087,3,40,0.001,0.018,Benign,0
81,UDP,HTTP,9906,10,987,122268.8,12170.16,794,74,0,146,0,0.925,0.021,206,162,0.93,0.1,DoS_DDoS,1
1948,UDP,HTTP,660,1769,36,1246.86,18.48,1,36,1,0,0,0.934,0.041,41,69,0.044,0.012,Benign,0
193,TCP,HTTP,36202,25,2581,187607.46,13366.13,2162,21,0,557,0,0.9,0.065,188,227,0.779,0.023,DoS_DDoS,1
765,TCP,HTTPS,431,2001,14,3178.67,18.3,1,14,1,0,0,0.789,0.071,27,45,0.003,0.014,Benign,0
1281,UDP,HTTPS,3283,1125,14,3440.79,10.93,1,14,1,0,0,0.878,0.037,23,36,0.038,0.001,Benign,0
324,TCP,HTTPS,1240,212,31,4480.1,95.65,1,31,1,0,0,0.903,0.011,42,69,0.033,0.038,Benign,0
629,TCP,DNS,8165,111777,27,190656.49,42.92,1,27,1,0,0,0.799,0.147,38,50,0.023,0.003,Benign,0
1829,TCP,HTTPS,2318,2053,6,2389.7,3.28,2,6,1,0,0,0.913,0.123,18,99,0.035,0.028,Benign,0
20,ICMP,HTTPS,8497,52,1542,425323.38,76716.42,1259,84,0,227,0,0.852,0.079,233,192,0.871,0.149,DoS_DDoS,1
520,TCP,HTTPS,2369,5403,18,14943.28,34.61,1,18,1,0,0,0.827,0.141,29,73,0.048,0.003,Benign,0
1884,TCP,HTTP,35631,29399,25,34515.15,13.27,1,25,1,0,0,0.925,0.129,21,55,0.002,0.021,Benign,0
199,TCP,HTTPS,3728,3641,15,37011.55,75.34,1,15,1,0,0,0.895,0.022,37,62,0.006,0.021,Benign,0
35,UDP,HTTP,4354,52,3310,125527.07,94301.99,2723,199,0,1299,0,0.907,0.034,224,236,0.755,0.058,DoS_DDoS,1
344,UDP,DNS,1513,9887,57,33129.9,165.65,1,57,2,0,0,0.797,0.128,31,81,0.004,0.005,Benign,0
8,TCP,FTP,79,0,2,9753.09,246.91,2,0,0,0,0,0.089,0.955,223,13,0.7,0.796,PortScan,1
121,UDP,HTTPS,14276,37,566,118191.58,4673.82,507,2,0,66,0,0.894,0.046,183,229,0.727,0.095,DoS_DDoS,1
1878,TCP,SSH,837,1208,21,1088.87,11.18,3,18,1,2,7,0.911,0.041,63,34,0.096,0.223,BruteForce,1
2,TCP,SSH,65,0,2,30952.38,952.38,2,0,0,0,0,0.026,0.835,234,7,0.866,0.342,PortScan,1
309,TCP,HTTPS,17540,10750,31,91523.78,100.29,1,31,1,1,0,0.922,0.009,45,52,0.039,0.022,Benign,0
712,UDP,DNS,2510,40568,20,60494.31,28.09,2,20,1,1,0,0.883,0.03,48,98,0.049,0.015,Benign,0
7980,TCP,SSH,891,920,50,226.94,6.27,2,48,1,2,13,0.952,0.01,70,5,0.201,0.573,BruteForce,1
881,TCP,HTTPS,1394,2099,27,3964.36,30.64,1,27,2,0,0,0.907,0.123,47,90,0.036,0.012,Benign,0
721,UDP,HTTPS,1138,1249,17,3310.22,23.58,2,17,1,0,0,0.869,0.097,48,73,0.031,0.005,Benign,0
389,TCP,HTTP,12218,41,560,31506.04,1439.22,462,32,0,158,0,0.919,0.048,242,153,0.986,0.131,DoS_DDoS,1
4951,UDP,HTTPS,367,3046,14,689.34,2.83,1,13,1,0,0,0.635,0.398,7,22,0.063,0.093,Botnet_C2,1
1254,UDP,HTTP,3118,6939,35,8019.3,27.91,1,35,1,0,0,0.831,0.085,46,76,0.028,0.003,Benign,0
813,TCP,HTTPS,8648,2555,15,13778.13,18.45,1,15,2,0,0,0.964,0.009,14,77,0.01,0.012,Benign,0
222,UDP,HTTP,45848,6,915,206456.55,4119.77,654,66,0,307,0,0.919,0.035,193,153,0.893,0.176,DoS_DDoS,1
617,TCP,HTTP,1992,35,306,3284.72,495.87,244,2,0,101,0,0.875,0.003,240,223,0.901,0.152,DoS_DDoS,1
1021,TCP,HTTPS,720,3060,19,3701.89,18.61,1,19,2,0,0,0.891,0.001,11,43,0.006,0.013,Benign,0
2770,TCP,SSH,78,13412,20,4869.86,7.22,1,20,1,0,0,0.909,0.081,47,97,0.034,0.007,Benign,0
889,TCP,HTTP,1712,14733,17,18496.23,19.12,1,17,1,0,0,0.826,0.07,21,52,0.049,0.021,Benign,0
55,UDP,DNS,9448,138,924,173974.59,16769.51,747,80,0,279,0,0.974,0.033,238,164,0.81,0.147,DoS_DDoS,1
184,UDP,HTTPS,450,1276,18,9375.34,97.77,1,18,1,0,0,0.952,0.088,35,73,0.01,0.014,Benign,0
4727,TCP,DNS,695,7074,9,1643.5,1.9,1,8,1,0,0,0.52,0.407,5,20,0.052,0.014,Botnet_C2,1
1121,TCP,HTTPS,147,34396,14,30811.7,12.49,1,14,1,0,0,0.901,0.097,19,72,0.013,0.028,Benign,0
15,TCP,HTTP,5712,17,144,379403.97,9536.42,102,1,0,43,0,0.859,0.004,183,153,0.979,0.148,DoS_DDoS,1
67,UDP,HTTP,5066,176,544,78122.21,8107.3,492,7,0,144,0,0.87,0.004,212,211,0.897,0.055,DoS_DDoS,1
866,TCP,DNS,3998,15348,22,22336.91,25.4,2,22,1,0,0,0.967,0.011,4,62,0.006,0.033,Benign,0
34,TCP,OTHER,93,0,3,2727.27,87.98,3,0,0,0,0,0.085,0.761,237,6,0.938,0.338,PortScan,1
1274,UDP,HTTPS,7229,3611,20,8507.97,15.7,1,20,1,0,0,0.932,0.011,7,49,0.037,0.017,Benign,0
42,TCP,OTHER,96,39,3,3206.65,71.26,3,0,0,1,0,0.025,0.774,236,8,0.518,0.393,PortScan,1
660,TCP,HTTP,1824,413,13,3388.88,19.69,1,13,1,0,0,0.804,0.101,15,43,0.004,0.005,Benign,0
141,TCP,HTTPS,22603,47,452,160524.45,3203.4,352,32,0,123,0,0.942,0.068,240,177,0.704,0.032,DoS_DDoS,1
3683,TCP,HTTPS,2560,822,12,918.25,3.26,1,12,1,0,0,0.911,0.043,5,66,0.034,0.018,Benign,0
758,TCP,HTTPS,353,10057,9,13731.7,11.87,1,9,1,1,0,0.764,0.088,47,49,0.002,0.009,Benign,0
4080,TCP,TELNET,1212,447,55,406.61,13.48,2,53,1,2,12,0.959,0.053,39,24,0.074,0.416,BruteForce,1
2698,TCP,SSH,1390,1499,46,1070.75,17.05,4,42,1,2,10,0.989,0.076,66,19,0.002,0.524,BruteForce,1
31,TCP,SSH,45,0,2,1446.95,64.31,2,0,0,0,0,0.036,0.759,224,9,0.628,0.462,PortScan,1
1714,TCP,HTTPS,508,10323,24,6318.77,14.0,1,24,1,0,0,0.891,0.012,43,65,0.011,0.01,Benign,0
4282,TCP,SSH,712,553,48,295.42,11.21,2,46,1,2,7,0.987,0.069,23,38,0.073,0.577,BruteForce,1
32,TCP,SSH,117,0,3,3644.86,93.46,3,0,0,0,0,0.171,0.729,204,13,0.883,0.648,PortScan,1
1992,TCP,SSH,680,310,19,496.96,9.54,5,14,1,1,11,0.826,0.071,12,15,0.132,0.253,BruteForce,1
557,TCP,DNS,5794,39,1074,10470.29,1927.84,826,43,0,294,0,0.999,0.076,216,207,0.927,0.175,DoS_DDoS,1
615,TCP,HTTPS,3292,60208,16,103235.25,26.01,1,16,1,0,0,0.767,0.146,46,73,0.01,0.017,Benign,0
293,TCP,HTTP,2499,7289,36,33394.75,122.82,1,36,1,0,0,0.988,0.021,24,49,0.001,0.021,Benign,0
160,TCP,HTTPS,16122,26,10580,100861.96,66083.7,9964,148,0,2783,0,0.971,0.032,216,224,0.964,0.118,DoS_DDoS,1
747,TCP,HTTPS,409,37585,31,50855.31,41.49,1,31,1,0,0,0.804,0.078,36,45,0.04,0.009,Benign,0
188,UDP,HTTP,11123,21,635,59245.08,3375.86,553,6,0,80,0,0.905,0.059,237,240,0.84,0.161,DoS_DDoS,1
2654,UDP,SSH,23455,1805,15,9517.35,5.65,2,15,1,0,0,0.968,0.018,32,71,0.001,0.035,Benign,0
195,TCP,HTTP,5882,2576,20,43352.13,102.51,1,20,1,0,0,0.961,0.057,21,29,0.034,0.034,Benign,0
1168,TCP,HTTPS,3913,7216,14,9527.44,11.99,2,14,1,0,0,0.848,0.055,28,78,0.035,0.001,Benign,0
87,TCP,HTTPS,3794,14007,11,204374.28,126.29,1,11,1,0,0,0.795,0.103,47,60,0.037,0.03,Benign,0
148,TCP,HTTP,8393,2700,55,74902.09,371.37,1,55,2,0,0,0.76,0.131,22,50,0.049,0.02,Benign,0
3738,TCP,SSH,1053,422,39,394.59,10.43,2,37,1,1,7,0.92,0.005,48,13,0.054,0.395,BruteForce,1
1168,TCP,HTTP,14825,4279,16,16354.76,13.7,1,16,1,0,0,0.871,0.122,17,98,0.012,0.01,Benign,0
1578,ICMP,HTTPS,130,13185,16,8437.36,10.14,1,16,1,0,0,0.816,0.043,46,89,0.012,0.02,Benign,0
28,TCP,OTHER,110,0,1,3914.59,35.59,1,0,0,0,0,0.072,0.841,217,14,0.747,0.735,PortScan,1
5401,TCP,IRC,266,12419,15,2348.6,2.78,1,14,1,0,0,0.671,0.151,5,29,0.034,0.025,Botnet_C2,1
22,TCP,OTHER,83,0,2,3755.66,90.5,2,0,0,0,0,0.01,0.997,221,7,0.618,0.546,PortScan,1
697,TCP,HTTP,5583,82092,28,125771.05,40.17,1,28,1,0,0,0.858,0.045,34,61,0.007,0.008,Benign,0
477,TCP,HTTPS,457,762,30,2555.02,62.88,1,30,1,0,0,0.802,0.148,26,26,0.033,0.026,Benign,0
210,TCP,HTTPS,17248,312,807,83579.25,3841.03,655,59,0,89,0,0.936,0.036,213,252,0.855,0.025,DoS_DDoS,1
58,TCP,HTTP,8294,24,477,143166.95,8209.98,418,29,0,93,0,0.999,0.052,193,169,0.867,0.11,DoS_DDoS,1
8,TCP,OTHER,108,0,1,13333.33,123.46,1,0,0,0,0,0.174,0.729,217,14,0.884,0.598,PortScan,1
3702,TCP,SSH,2579,6304,46,2399.45,12.43,1,46,1,0,0,0.908,0.147,20,50,0.049,0.002,Benign,0
2361,TCP,HTTPS,3361,1197,10,1930.46,4.24,1,10,1,1,0,0.8,0.117,15,33,0.006,0.021,Benign,0
93,UDP,HTTPS,137,48109,42,518216.97,451.13,1,42,2,0,0,0.78,0.047,27,34,0.011,0.029,Benign,0
757,TCP,DNS,10982,3322,6,18893.14,7.92,1,6,1,0,0,0.898,0.104,33,35,0.037,0.027,Benign,0
1110,TCP,HTTPS,6219,2249,23,7628.14,20.72,1,23,2,0,0,0.795,0.081,47,86,0.034,0.024,Benign,0
2331,UDP,HTTPS,201,1661,63,798.76,27.03,2,63,1,1,0,0.942,0.149,36,96,0.014,0.03,Benign,0
1232,TCP,HTTPS,164,2746,6,2361.82,4.87,1,6,1,0,0,0.788,0.021,47,85,0.008,0.039,Benign,0
36,UDP,HTTP,3832,298,2137,114404.43,59196.68,1958,145,0,510,0,0.949,0.056,218,194,0.792,0.023,DoS_DDoS,1
561,TCP,HTTPS,458,36807,24,66414.19,42.77,1,24,1,0,0,0.77,0.097,17,66,0.006,0.037,Benign,0
1028,UDP,DNS,2744,18587,20,20747.98,19.45,1,20,1,0,0,0.97,0.147,45,71,0.02,0.019,Benign,0
1146,TCP,SSH,967,836,48,1573.16,41.88,3,45,1,2,11,0.961,0.032,65,6,0.135,0.317,BruteForce,1
739,TCP,HTTPS,1804,52709,14,73755.92,18.94,1,14,1,0,0,0.816,0.079,38,64,0.017,0.005,Benign,0
189,TCP,HTTPS,323,2915,13,17123.22,68.75,2,13,1,0,0,0.848,0.066,40,87,0.005,0.007,Benign,0
67,UDP,DNS,963,321,32,19135.62,476.9,1,32,1,0,0,0.871,0.111,17,86,0.006,0.028,Benign,0
170,UDP,SSH,3207,1241,16,26149.32,94.06,1,16,1,0,0,0.839,0.134,45,60,0.04,0.017,Benign,0
1913,TCP,DNS,2185,2052,15,2214.73,7.84,1,15,1,0,0,0.938,0.128,15,70,0.041,0.035,Benign,0
12,TCP,OTHER,113,0,2,9338.84,165.29,2,0,0,0,0,0.005,0.948,201,12,0.715,0.328,PortScan,1
382,TCP,HTTPS,4881,106,12,13051.56,31.41,1,12,1,0,0,0.963,0.11,46,71,0.018,0.028,Benign,0
38,TCP,OTHER,86,0,2,2257.22,52.49,2,0,0,0,0,0.029,0.713,231,1,0.514,0.796,PortScan,1
89,TCP,SSH,755,23571,55,273019.08,617.28,1,55,1,0,0,0.895,0.043,38,93,0.028,0.033,Benign,0
23,TCP,DNS,3700,3205,14,298917.75,606.06,1,14,1,0,0,0.925,0.008,49,90,0.015,0.036,Benign,0
289,UDP,DNS,41544,123,389,144126.6,1345.56,301,4,0,60,0,0.967,0.076,216,240,0.966,0.064,DoS_DDoS,1
1417,UDP,SMTP,1328,2698,7,2841.01,4.94,2,7,1,0,0,0.925,0.079,46,62,0.004,0.024,Benign,0
2935,TCP,HTTP,1340,902,14,763.86,4.77,1,14,1,0,0,0.879,0.12,19,46,0.042,0.014,Benign,0
25,TCP,OTHER,97,0,3,3864.54,119.52,3,0,0,0,0,0.071,0.786,230,3,0.923,0.508,PortScan,1
514,TCP,HTTPS,1389,5382,21,13170.59,40.85,2,21,1,0,0,0.753,0.066,1,11,0.017,0.012,Benign,0
30,TCP,SSH,602,84590,13,2830299.0,431.89,1,13,1,0,0,0.863,0.101,33,73,0.046,0.037,Benign,0
1506,TCP,HTTPS,2676,1310,29,2646.57,19.26,1,29,1,0,0,0.755,0.034,26,85,0.048,0.0,Benign,0
1839,TCP,HTTPS,2009,13122,42,8227.39,22.84,1,42,2,0,0,0.845,0.033,17,19,0.043,0.04,Benign,0
240,UDP,HTTPS,1850,3142,22,20791.34,91.63,1,22,1,0,0,0.795,0.03,22,80,0.033,0.037,Benign,0
5131,UDP,HTTPS,342,4604,10,963.93,1.95,1,9,1,0,0,0.55,0.496,42,4,0.037,0.043,Botnet_C2,1
1501,TCP,HTTPS,4280,1469,31,3829.86,20.65,1,31,1,0,0,0.994,0.111,17,97,0.019,0.029,Benign,0
331,TCP,SSH,1421,12223,42,41208.09,126.85,1,42,1,0,0,0.873,0.144,45,89,0.014,0.034,Benign,0
1467,UDP,DNS,2385,3370,53,3922.7,36.13,1,53,1,0,0,0.795,0.032,2,37,0.018,0.02,Benign,0
853,TCP,HTTP,626,759,30,1623.49,35.17,1,30,1,1,0,0.964,0.035,25,72,0.037,0.005,Benign,0
2192,UDP,HTTP,9623,389,4,4567.31,1.82,1,4,1,0,0,0.77,0.0,15,40,0.004,0.015,Benign,0
1385,TCP,HTTPS,2784,5340,11,5865.28,7.94,1,11,1,0,0,0.963,0.106,21,97,0.014,0.014,Benign,0
21,TCP,OTHER,95,0,2,4502.37,94.79,2,0,0,0,0,0.012,0.847,242,1,0.555,0.751,PortScan,1
18,TCP,OTHER,67,0,2,3701.66,110.5,2,0,0,0,0,0.161,0.982,208,2,0.913,0.752,PortScan,1
463,TCP,HTTPS,721,2155,56,6210.32,120.92,1,56,2,0,0,0.812,0.093,44,45,0.003,0.025,Benign,0
327,TCP,HTTP,615,8725,19,28553.96,58.09,1,19,1,0,0,0.952,0.086,6,49,0.026,0.009,Benign,0
253,TCP,SMTP,1691,449,79,8455.16,312.13,1,79,1,0,0,0.952,0.126,39,98,0.039,0.027,Benign,0
1070,TCP,HTTP,127,8210,95,7790.86,88.78,1,95,1,0,0,0.973,0.074,15,15,0.005,0.002,Benign,0
343,ICMP,HTTPS,19039,29,477,55575.63,1390.27,371,8,0,117,0,0.881,0.043,216,210,0.896,0.073,DoS_DDoS,1
1360,TCP,HTTPS,351,1139,15,1095.51,11.03,1,15,1,0,0,0.816,0.029,49,92,0.006,0.015,Benign,0
609,TCP,HTTPS,1466,1328,39,4587.1,64.03,1,39,1,0,0,0.978,0.111,41,76,0.028,0.027,Benign,0
30,TCP,HTTP,81,0,2,2691.03,66.45,2,0,0,0,0,0.135,0.734,219,5,0.812,0.492,PortScan,1
69,TCP,HTTPS,5250,98,311,77395.08,4500.72,281,14,0,66,0,0.945,0.052,235,208,0.783,0.188,DoS_DDoS,1
1776,UDP,HTTP,7133,2928,11,5664.66,6.19,1,11,1,0,0,0.774,0.13,5,57,0.018,0.028,Benign,0
24,TCP,HTTP,42,0,2,1742.74,82.99,2,0,0,0,0,0.193,0.763,226,7,0.641,0.523,PortScan,1
402,TCP,DNS,728,13844,32,36239.74,79.58,1,32,2,0,0,0.804,0.117,49,68,0.02,0.008,Benign,0
488,TCP,HTTPS,657,27921,39,58549.48,79.9,1,39,1,0,0,0.874,0.009,31,35,0.037,0.022,Benign,0
2439,TCP,SSH,3099,11167,17,5848.88,6.97,2,17,1,0,0,0.856,0.064,24,51,0.04,0.025,Benign,0
58,TCP,DNS,10618,64,2688,183855.42,46265.06,2545,101,0,292,0,0.952,0.001,227,182,0.852,0.022,DoS_DDoS,1
4408,TCP,SSH,942,779,56,390.42,12.7,2,54,1,3,14,0.853,0.054,35,18,0.196,0.325,BruteForce,1
38,TCP,HTTPS,3552,24669,8,740708.66,209.97,1,8,1,0,0,0.876,0.064,1,13,0.044,0.034,Benign,0
83,UDP,HTTP,22174,23,471,267111.91,5667.87,368,31,0,155,0,0.945,0.057,214,184,0.99,0.045,DoS_DDoS,1
1010,UDP,HTTPS,6425,14428,78,20644.49,77.22,1,78,1,0,0,0.946,0.008,35,80,0.011,0.015,Benign,0
11,TCP,HTTPS,52371,14,4238,4719369.37,381801.8,3637,322,0,466,0,0.928,0.075,202,175,0.723,0.154,DoS_DDoS,1
3786,TCP,OTHER,491,18654,15,5056.65,3.96,1,14,1,0,0,0.822,0.258,8,28,0.093,0.003,Botnet_C2,1
3388,TCP,HTTPS,654,3966,6,1363.6,1.77,1,6,2,0,0,0.755,0.074,48,67,0.018,0.03,Benign,0
24,TCP,FTP,73,0,3,3029.05,124.48,3,0,0,0,0,0.16,0.819,225,4,0.504,0.7,PortScan,1
97,TCP,HTTP,1466,3604,33,52214.21,339.86,1,33,1,0,0,0.918,0.008,8,18,0.011,0.012,Benign,0
739,TCP,HTTPS,8339,756,65,12305.51,87.94,1,65,2,0,0,0.991,0.093,48,68,0.013,0.013,Benign,0
990,TCP,HTTPS,9888,2496,52,12507.83,52.52,1,52,1,0,0,0.795,0.11,43,65,0.037,0.007,Benign,0
1013,TCP,HTTP,10246,15,1649,10128.32,1627.68,1184,124,0,587,0,0.914,0.076,180,238,0.779,0.067,DoS_DDoS,1
2443,TCP,HTTPS,1988,2682,23,1911.51,9.41,1,23,1,0,0,0.98,0.043,12,25,0.037,0.01,Benign,0
27,TCP,HTTPS,805,1880,12,99077.49,442.8,2,12,1,0,0,0.958,0.074,4,46,0.046,0.007,Benign,0
172,UDP,HTTPS,18248,38,1569,106252.18,9116.79,1330,102,0,180,0,0.961,0.064,219,251,0.823,0.069,DoS_DDoS,1
13,TCP,FTP,119,0,3,9083.97,229.01,3,0,0,0,0,0.141,0.972,237,5,0.615,0.422,PortScan,1
332,UDP,HTTPS,729,877,15,4835.89,45.17,1,15,1,0,0,0.924,0.116,27,83,0.004,0.007,Benign,0
5171,UDP,IRC,653,5463,22,1182.73,4.25,1,21,1,0,0,0.6,0.499,11,9,0.021,0.072,Botnet_C2,1
1062,TCP,HTTP,7072,2309,8,8832.5,7.53,1,8,1,0,0,0.983,0.076,40,78,0.041,0.008,Benign,0
222,UDP,HTTP,4551,15677,20,91076.09,90.05,1,20,1,0,0,0.814,0.052,42,56,0.022,0.001,Benign,0
2861,TCP,TELNET,821,511,44,465.56,15.38,2,42,1,2,14,0.862,0.035,79,33,0.217,0.3,BruteForce,1
27,TCP,SSH,60,48,3,3985.24,110.7,3,0,0,1,0,0.087,0.738,240,9,0.771,0.603,PortScan,1
811,TCP,HTTPS,4046,71,981,5075.82,1209.47,866,74,0,124,0,0.928,0.055,245,217,0.974,0.026,DoS_DDoS,1
2635,TCP,SSH,9924,7421,16,6582.29,6.07,1,16,1,0,0,0.928,0.066,19,43,0.035,0.036,Benign,0
9,TCP,DNS,5269,8,335,579890.11,36813.19,258,24,0,41,0,0.88,0.06,180,203,0.724,0.194,DoS_DDoS,1
836,UDP,HTTPS,4488,337,41,5770.84,49.04,1,41,1,0,0,0.999,0.039,41,94,0.028,0.013,Benign,0
214,TCP,HTTP,11361,88,906,53475.01,4231.67,733,5,0,152,0,0.996,0.05,203,176,0.845,0.063,DoS_DDoS,1
522,TCP,HTTPS,4165,3975,38,15590.88,72.78,1,38,1,0,0,0.927,0.078,34,81,0.032,0.018,Benign,0
80,UDP,HTTPS,4968,16,800,62222.22,9987.52,625,10,0,240,0,0.91,0.079,254,229,0.994,0.198,DoS_DDoS,1
447,TCP,HTTPS,13966,32004,30,102818.16,67.1,2,30,1,0,0,0.814,0.054,11,19,0.019,0.038,Benign,0
694,UDP,HTTPS,3321,17291,10,29696.01,14.41,1,10,1,0,0,0.751,0.032,1,5,0.02,0.025,Benign,0
1735,TCP,HTTPS,4074,5078,55,5274.62,31.7,1,55,1,0,0,0.988,0.032,12,27,0.017,0.032,Benign,0
3841,TCP,FTP,436,1605,19,531.36,4.95,2,17,1,1,7,0.949,0.097,33,27,0.129,0.592,BruteForce,1
4691,TCP,IRC,559,50769,20,10941.57,4.26,1,19,1,0,0,0.847,0.263,8,5,0.129,0.045,Botnet_C2,1
27,UDP,HTTPS,24965,25,577,922140.22,21291.51,511,11,0,196,0,0.861,0.046,198,175,0.919,0.118,DoS_DDoS,1
619,TCP,HTTPS,3494,8401,28,19213.37,45.23,1,28,1,0,0,0.772,0.009,7,15,0.035,0.014,Benign,0
123,TCP,HTTPS,1236,407,41,13346.87,333.06,1,41,1,0,0,0.772,0.069,10,88,0.01,0.004,Benign,0
1253,TCP,HTTPS,3209,12059,18,12184.18,14.36,1,18,1,0,0,0.962,0.05,37,72,0.03,0.023,Benign,0
29,TCP,HTTP,18170,89,489,627457.04,16804.12,421,4,0,69,0,0.898,0.037,184,235,0.772,0.155,DoS_DDoS,1
39,TCP,OTHER,81,0,3,2071.61,76.73,3,0,0,0,0,0.029,0.888,249,12,0.504,0.665,PortScan,1
1183,TCP,SSH,731,710,42,1217.99,35.5,5,37,1,2,7,0.922,0.06,54,24,0.058,0.492,BruteForce,1
1864,ICMP,DNS,2694,279,23,1594.87,12.34,1,23,1,0,0,0.939,0.081,26,27,0.031,0.026,Benign,0
761,TCP,HTTPS,2120,1444,13,4682.7,17.08,2,13,1,0,0,0.993,0.119,10,68,0.003,0.023,Benign,0
5181,TCP,HTTPS,567,13369,21,2689.78,4.05,1,20,1,0,0,0.419,0.458,13,22,0.103,0.041,Botnet_C2,1
1211,UDP,DNS,6962,2531,15,7838.33,12.39,1,15,1,0,0,0.939,0.062,15,66,0.018,0.033,Benign,0
99,TCP,HTTPS,239,1467,45,17214.93,454.09,1,45,1,1,0,0.864,0.103,45,94,0.024,0.001,Benign,0
85,UDP,HTTP,39210,58,739,461433.61,8683.9,646,71,0,237,0,0.932,0.061,228,167,0.967,0.018,DoS_DDoS,1
232,UDP,HTTPS,75,8174,37,35540.72,159.41,1,37,1,0,0,0.89,0.038,17,58,0.009,0.036,Benign,0
1595,TCP,HTTP,19653,150354,9,106580.78,5.64,2,9,1,0,0,0.901,0.034,24,37,0.015,0.004,Benign,0
70,UDP,HTTP,38378,28,138,547874.47,1968.62,120,6,0,24,0,0.866,0.069,197,159,0.87,0.082,DoS_DDoS,1
831,UDP,HTTP,789,21017,8,26237.52,9.63,1,8,1,0,0,0.974,0.062,3,81,0.043,0.007,Benign,0
534,TCP,HTTP,2686,5823,28,15931.47,52.42,1,28,1,0,0,0.983,0.081,31,71,0.026,0.002,Benign,0
5880,TCP,OTHER,360,10202,10,1796.23,1.7,1,9,1,0,0,0.819,0.45,11,14,0.121,0.016,Botnet_C2,1
1943,TCP,HTTPS,1966,1065,63,1559.88,32.42,1,63,2,0,0,0.976,0.142,27,92,0.038,0.01,Benign,0
2968,TCP,HTTPS,3465,10079,36,4563.19,12.13,1,36,1,0,0,0.931,0.139,33,33,0.006,0.02,Benign,0
192,TCP,SSH,7371,7868,8,79328.47,41.64,1,8,1,0,0,0.75,0.114,4,83,0.044,0.028,Benign,0
3453,UDP,SSH,8728,1538,15,2972.98,4.34,1,15,1,0,0,0.919,0.084,43,61,0.03,0.023,Benign,0
141,TCP,HTTP,56979,49,2423,404167.26,17172.22,1993,213,0,278,0,0.872,0.025,205,206,0.996,0.029,DoS_DDoS,1
231,TCP,DNS,1974,3923,54,25517.09,233.67,1,54,1,0,0,0.887,0.028,36,72,0.026,0.024,Benign,0
352,TCP,HTTP,9340,4789,66,40127.8,187.45,1,66,1,0,0,0.813,0.006,34,67,0.003,0.012,Benign,0
2080,UDP,HTTPS,581,335,123,440.36,59.13,2,123,1,0,0,0.814,0.06,8,14,0.016,0.039,Benign,0
551,TCP,HTTPS,17097,40,1335,31095.99,2422.43,1097,32,0,417,0,0.976,0.038,247,201,0.754,0.188,DoS_DDoS,1
508,TCP,HTTP,4966,115,1734,10000.0,3412.71,1234,120,0,639,0,0.882,0.009,221,199,0.707,0.109,DoS_DDoS,1
860,UDP,HTTPS,1757,17484,97,22370.65,112.78,1,97,1,0,0,0.842,0.08,39,45,0.027,0.01,Benign,0
3256,TCP,DNS,4046,2373,23,1971.38,7.06,1,23,1,0,0,0.873,0.044,25,59,0.02,0.011,Benign,0
31,TCP,HTTPS,1374,12200,13,436463.02,418.01,2,13,1,0,0,0.813,0.021,8,57,0.029,0.003,Benign,0
577,TCP,DNS,31872,30,229,55279.85,396.81,178,11,0,77,0,0.981,0.051,225,182,0.779,0.148,DoS_DDoS,1
16,TCP,HTTP,92,51,2,8881.99,124.22,2,0,0,1,0,0.186,0.821,210,14,0.679,0.738,PortScan,1
6287,TCP,HTTP,8060,9893,7,2855.53,1.11,1,7,1,0,0,0.964,0.006,9,11,0.006,0.016,Benign,0
5231,TCP,IRC,523,3959,23,856.8,4.4,1,22,1,0,0,0.827,0.447,5,6,0.116,0.085,Botnet_C2,1
1549,TCP,FTP,1415,403,42,1173.58,27.11,3,39,1,2,11,0.905,0.091,71,32,0.072,0.219,BruteForce,1
518,TCP,HTTPS,1295,1890,35,6147.46,67.55,1,35,1,0,0,0.949,0.091,35,37,0.047,0.011,Benign,0
341,TCP,HTTP,1577,32158,12,98900.62,35.18,1,12,1,0,0,0.981,0.01,30,73,0.001,0.031,Benign,0
85,TCP,HTTP,8926,61,775,105605.17,9106.93,698,56,0,225,0,0.994,0.057,196,150,0.706,0.13,DoS_DDoS,1
312,TCP,HTTPS,305,2796,7,9935.92,22.43,2,7,2,0,0,0.839,0.057,39,45,0.036,0.018,Benign,0
1566,TCP,SSH,347,672,27,650.66,17.24,2,25,1,1,4,0.85,0.007,25,34,0.042,0.375,BruteForce,1
548,TCP,DNS,6341,32751,16,71322.75,29.19,1,16,1,0,0,0.989,0.011,44,91,0.025,0.02,Benign,0
20,TCP,HTTP,3068,79,165,156567.16,8208.96,149,8,0,53,0,0.947,0.042,237,220,0.951,0.036,DoS_DDoS,1
4944,TCP,HTTPS,564,4688,12,1062.28,2.43,1,11,1,0,0,0.709,0.356,8,17,0.032,0.042,Botnet_C2,1
4735,TCP,DNS,295,2982,19,692.07,4.01,1,18,1,0,0,0.644,0.273,40,29,0.105,0.091,Botnet_C2,1
22,TCP,OTHER,73,0,1,3303.17,45.25,1,0,0,0,0,0.043,0.899,234,12,0.625,0.68,PortScan,1
1229,TCP,DNS,10548,4898,57,12566.92,46.38,1,57,1,0,0,0.855,0.075,11,68,0.001,0.012,Benign,0
434,UDP,HTTP,9785,802,8,24388.39,18.43,1,8,1,0,0,0.887,0.065,31,92,0.041,0.031,Benign,0
332,TCP,HTTPS,243,2046,28,6892.5,84.31,1,28,1,0,0,0.781,0.134,24,60,0.023,0.005,Benign,0
1168,TCP,HTTPS,5014,17012,27,18856.26,23.11,1,27,1,0,0,0.808,0.047,28,51,0.014,0.011,Benign,0
2399,TCP,HTTP,3046,3028,36,2531.78,15.01,1,36,1,0,0,0.948,0.005,21,76,0.017,0.002,Benign,0
28,TCP,OTHER,59,0,2,2099.64,71.17,2,0,0,0,0,0.189,0.722,218,13,0.941,0.459,PortScan,1
2469,UDP,DNS,6258,9672,8,6451.74,3.24,1,8,1,0,0,0.935,0.004,48,52,0.004,0.015,Benign,0
3,TCP,FTP,83,44,1,40967.74,322.58,1,0,0,1,0,0.058,0.931,225,2,0.679,0.573,PortScan,1
448,TCP,HTTPS,1298,2709,14,8942.2,31.24,1,14,1,0,0,0.884,0.082,32,56,0.046,0.036,Benign,0
616,TCP,HTTP,15467,8,257,25117.68,417.14,236,6,0,102,0,0.88,0.02,185,201,0.967,0.022,DoS_DDoS,1
132,TCP,HTTP,741,8836,12,72498.11,90.84,1,12,2,0,0,0.873,0.129,11,15,0.014,0.022,Benign,0
241,UDP,HTTP,2095,1747,8,15935.3,33.18,1,8,1,0,0,0.962,0.127,14,42,0.01,0.0,Benign,0
893,TCP,SSH,1131,4953,27,6812.23,30.23,1,27,1,0,0,0.899,0.104,6,81,0.005,0.019,Benign,0
501,UDP,HTTPS,5753,852,23,13181.0,45.9,2,23,1,0,0,0.963,0.095,33,72,0.031,0.022,Benign,0
4959,TCP,HTTPS,1054,37248,80,7723.58,16.13,1,80,1,0,0,0.802,0.133,23,40,0.001,0.04,Benign,0
5092,TCP,IRC,235,1048,17,251.96,3.34,1,16,1,0,0,0.615,0.333,49,5,0.038,0.025,Botnet_C2,1
1256,TCP,HTTP,5610,563,37,4914.42,29.46,1,37,1,0,0,0.795,0.092,45,45,0.018,0.026,Benign,0
3315,TCP,HTTPS,1715,2949,21,1406.9,6.33,1,21,1,0,0,0.844,0.101,35,63,0.029,0.008,Benign,0
236,UDP,HTTPS,14069,3815,19,75747.56,80.47,1,19,1,0,0,0.959,0.075,17,75,0.044,0.008,Benign,0
4209,TCP,FTP,564,913,39,350.91,9.27,5,34,1,2,3,0.929,0.099,75,6,0.026,0.291,BruteForce,1
53,ICMP,DNS,247,723,44,18267.42,828.63,1,44,1,0,0,0.981,0.031,33,44,0.002,0.004,Benign,0
131,UDP,HTTPS,6704,70,1734,51670.48,13226.54,1635,148,0,459,0,0.988,0.027,206,246,0.751,0.179,DoS_DDoS,1
2149,TCP,HTTPS,6341,2249,25,3997.02,11.63,1,25,1,0,0,0.92,0.035,3,88,0.033,0.04,Benign,0
1207,TCP,HTTPS,593,1815,8,1994.86,6.63,1,8,1,0,0,0.985,0.065,7,77,0.008,0.007,Benign,0
145,TCP,HTTP,30617,215,1269,212487.94,8745.69,1153,104,0,430,0,0.936,0.08,237,249,0.759,0.162,DoS_DDoS,1
3230,TCP,HTTPS,2095,2593,8,1451.35,2.48,2,8,1,0,0,0.829,0.017,39,86,0.022,0.016,Benign,0
65,UDP,HTTP,1311,10778,8,185698.92,122.89,1,8,1,0,0,0.99,0.11,49,65,0.031,0.018,Benign,0
1519,UDP,HTTPS,283,7988,17,5444.67,11.19,1,17,1,0,0,0.861,0.077,25,26,0.005,0.026,Benign,0
602,UDP,DNS,7295,225880,16,387269.56,26.57,1,16,1,0,0,0.976,0.141,22,38,0.009,0.033,Benign,0
4758,UDP,HTTP,22825,38704,44,12931.42,9.25,1,44,1,0,0,0.855,0.017,41,87,0.027,0.026,Benign,0
300,TCP,HTTP,28251,125,368,94555.15,1226.26,280,14,0,89,0,0.888,0.037,202,215,0.781,0.052,DoS_DDoS,1
645,TCP,SSH,4496,2500,35,10844.83,54.26,1,35,1,0,0,0.873,0.142,44,58,0.032,0.017,Benign,0
115,UDP,HTTPS,7502,45,1008,65569.07,8757.6,940,43,0,222,0,0.996,0.011,235,253,0.967,0.132,DoS_DDoS,1
173,UDP,HTTPS,495,31210,101,183160.02,583.48,1,101,1,1,0,0.983,0.082,24,48,0.043,0.01,Benign,0
1145,TCP,HTTPS,6079,2586,13,7567.02,11.35,1,13,1,0,0,0.8,0.077,3,53,0.034,0.018,Benign,0
80,TCP,HTTP,19316,44,1021,241697.88,12746.57,880,9,0,213,0,0.936,0.008,206,218,0.987,0.033,DoS_DDoS,1
1474,TCP,HTTP,6058,15299,6,14488.16,4.07,1,6,1,0,0,0.941,0.087,36,45,0.042,0.035,Benign,0
34,TCP,HTTP,108,0,3,3167.16,87.98,3,0,0,0,0,0.14,0.761,238,13,0.858,0.692,PortScan,1
3408,TCP,HTTPS,2772,1535,28,1263.75,8.22,1,28,1,0,0,0.987,0.008,24,95,0.012,0.015,Benign,0
509,TCP,HTTPS,692,295,18,1938.72,35.36,1,18,1,1,0,0.777,0.14,37,86,0.026,0.029,Benign,0
27,TCP,HTTP,64,0,1,2361.62,36.9,1,0,0,0,0,0.032,0.761,251,9,0.698,0.517,PortScan,1
49,TCP,HTTP,3341,4473,18,159144.6,366.6,2,18,1,0,0,0.932,0.053,15,60,0.024,0.013,Benign,0
2340,TCP,HTTPS,1480,4380,22,2504.17,9.4,1,22,1,0,0,0.782,0.066,3,24,0.03,0.017,Benign,0
92,UDP,HTTPS,6131,2937,24,98458.2,260.59,1,24,1,0,0,0.832,0.011,16,50,0.036,0.036,Benign,0
41,TCP,OTHER,70,0,3,1703.16,72.99,3,0,0,0,0,0.169,0.771,225,14,0.786,0.792,PortScan,1
2471,TCP,DNS,2324,1379,81,1498.52,32.78,1,81,1,0,0,0.887,0.086,29,76,0.047,0.028,Benign,0
1463,TCP,HTTP,1122,49839,59,34830.84,40.33,1,59,1,0,0,0.893,0.014,38,64,0.022,0.032,Benign,0
2924,TCP,HTTP,300,166,20,159.37,6.84,1,20,2,0,0,0.845,0.092,36,63,0.024,0.039,Benign,0
23,TCP,OTHER,78,0,3,3376.62,129.87,3,0,0,0,0,0.086,0.997,228,4,0.53,0.586,PortScan,1
574,TCP,HTTP,288,911,17,2088.49,29.61,1,17,1,0,0,0.885,0.146,3,96,0.024,0.037,Benign,0
1107,TCP,SSH,1188,796,25,1792.07,22.58,5,20,1,3,4,0.878,0.092,41,19,0.018,0.43,BruteForce,1
1537,TCP,HTTPS,1000,10287,15,7343.05,9.76,1,15,1,0,0,0.906,0.046,41,48,0.015,0.024,Benign,0
2262,UDP,HTTPS,2363,4012,46,2818.18,20.34,1,46,1,0,0,0.755,0.072,29,71,0.044,0.021,Benign,0
185,TCP,HTTPS,662,778,40,7779.58,216.1,1,40,2,0,0,0.791,0.019,22,34,0.011,0.012,Benign,0
11,TCP,HTTP,15848,381,1564,1462072.07,140900.9,1458,18,0,243,0,0.932,0.01,219,187,0.731,0.19,DoS_DDoS,1
397,TCP,SSH,831,12682,14,34029.21,35.26,2,14,1,0,0,0.83,0.003,42,71,0.029,0.006,Benign,0
1252,TCP,DNS,1398,1080,10,1979.08,7.99,2,10,1,0,0,0.889,0.022,23,54,0.043,0.038,Benign,0
55,TCP,HTTPS,16181,31,449,294228.68,8148.82,323,16,0,117,0,0.947,0.045,229,245,0.746,0.166,DoS_DDoS,1
126,TCP,HTTP,13317,134,949,106669.31,7525.77,859,93,0,370,0,0.944,0.04,195,195,0.778,0.07,DoS_DDoS,1
33,TCP,SSH,97,0,1,2930.51,30.21,1,0,0,0,0,0.172,0.917,229,13,0.694,0.466,PortScan,1
155,UDP,HTTP,3666,41,3027,23900.71,19516.44,2431,111,0,432,0,0.939,0.066,204,190,0.856,0.013,DoS_DDoS,1
1325,TCP,SSH,157,116835,12,88289.19,9.06,1,12,1,0,0,0.871,0.022,33,33,0.009,0.035,Benign,0
527,TCP,HTTP,351,3244,13,6820.34,24.66,1,13,1,0,0,0.861,0.005,15,30,0.018,0.0,Benign,0
4797,UDP,HTTPS,627,3968,17,957.87,3.54,1,16,1,0,0,0.818,0.166,47,23,0.006,0.059,Botnet_C2,1
3191,TCP,FTP,938,1234,30,680.64,9.4,4,26,1,2,3,0.914,0.073,18,23,0.235,0.576,BruteForce,1
4978,TCP,IRC,298,7978,18,1662.48,3.62,1,17,1,0,0,0.431,0.37,12,20,0.086,0.045,Botnet_C2,1
367,UDP,HTTPS,2279,20887,13,63105.42,35.41,1,13,1,1,0,0.783,0.119,23,69,0.04,0.027,Benign,0
2496,ICMP,HTTPS,2459,1690,21,1662.19,8.41,1,21,1,0,0,0.949,0.006,28,65,0.01,0.017,Benign,0
462,TCP,DNS,193,5019,13,11278.94,28.13,1,13,1,0,0,0.871,0.055,22,53,0.047,0.013,Benign,0
879,TCP,HTTPS,8241,90,595,9476.74,676.83,471,41,0,89,0,0.919,0.07,201,198,0.932,0.067,DoS_DDoS,1
1113,UDP,SSH,5594,1505,12,6377.68,10.78,1,12,1,0,0,0.952,0.056,6,38,0.013,0.003,Benign,0
1292,TCP,HTTPS,1653,2235,45,3009.06,34.83,1,45,1,0,0,0.969,0.076,36,83,0.025,0.018,Benign,0
2083,TCP,HTTPS,4249,1152,96,2592.77,46.09,1,96,1,0,0,0.76,0.134,40,80,0.041,0.018,Benign,0
994,UDP,HTTP,2067,9025,11,11157.83,11.07,1,11,1,0,0,0.836,0.149,23,78,0.003,0.033,Benign,0
2844,TCP,HTTPS,578,4226,79,1689.11,27.78,1,79,2,0,0,0.838,0.074,40,85,0.049,0.039,Benign,0
25,UDP,HTTPS,18086,125,550,725537.85,21912.35,516,23,0,55,0,0.925,0.018,185,160,0.714,0.089,DoS_DDoS,1
91,UDP,HTTPS,762,5315,39,66706.92,428.1,2,39,1,0,0,0.813,0.121,49,93,0.022,0.026,Benign,0
6185,TCP,FTP,1262,390,23,267.09,3.72,5,18,1,3,3,0.993,0.016,19,11,0.234,0.468,BruteForce,1
12,TCP,HTTP,28474,147,4967,2365371.9,410495.87,4671,443,0,1250,0,0.941,0.033,185,193,0.96,0.11,DoS_DDoS,1
206,TCP,HTTPS,3671,14147,210,86453.18,1018.92,1,210,1,0,0,0.893,0.04,21,64,0.027,0.02,Benign,0
1254,TCP,HTTP,544,44644,42,36032.21,33.49,1,42,1,0,0,0.843,0.105,44,75,0.041,0.024,Benign,0
827,TCP,HTTP,7353,1654,65,10889.86,78.59,2,65,1,0,0,0.956,0.041,35,79,0.025,0.034,Benign,0
978,UDP,HTTPS,1270,29695,16,31658.32,16.36,1,16,1,0,0,0.771,0.082,18,61,0.001,0.009,Benign,0
405,TCP,HTTP,5847,456,576,15559.12,1421.87,427,1,0,83,0,0.93,0.065,215,190,0.83,0.095,DoS_DDoS,1
10,TCP,HTTP,47,0,3,4653.47,297.03,3,0,0,0,0,0.055,0.701,254,11,0.79,0.359,PortScan,1
3500,UDP,DNS,972,519,15,425.99,4.29,1,15,1,0,0,0.883,0.119,11,27,0.003,0.005,Benign,0
27,TCP,HTTP,60107,20,845,2218708.49,31180.81,635,13,0,109,0,0.937,0.076,205,234,0.906,0.099,DoS_DDoS,1
4879,UDP,IRC,535,2452,23,612.2,4.71,1,22,1,0,0,0.46,0.209,12,17,0.055,0.025,Botnet_C2,1
1252,UDP,HTTPS,414,66225,57,53221.79,45.52,1,57,1,0,0,0.901,0.143,31,50,0.007,0.037,Benign,0
1184,UDP,HTTPS,11436,42211,6,45306.14,5.07,2,6,2,0,0,0.765,0.112,32,98,0.013,0.038,Benign,0
303,TCP,SSH,1664,3926,36,18442.76,118.77,1,36,1,0,0,0.865,0.119,14,16,0.031,0.029,Benign,0
22,TCP,OTHER,108,0,3,4886.88,135.75,3,0,0,0,0,0.06,0.91,209,4,0.751,0.409,PortScan,1
1205,TCP,HTTP,2224,2340,12,3787.24,9.96,1,12,1,0,0,0.833,0.118,22,48,0.049,0.005,Benign,0
1693,TCP,HTTPS,1094,120,33,717.03,19.49,1,33,1,0,0,0.799,0.059,44,72,0.009,0.014,Benign,0
1308,UDP,HTTP,43143,4261,71,36238.82,54.28,2,71,1,0,0,0.896,0.064,45,52,0.015,0.035,Benign,0
2363,TCP,HTTP,2949,191,15,1328.76,6.35,1,15,2,0,0,0.786,0.076,43,53,0.03,0.008,Benign,0
1252,UDP,HTTPS,1309,648,34,1562.97,27.15,1,34,1,0,0,0.893,0.147,26,37,0.013,0.011,Benign,0
88,TCP,HTTP,3737,160,1854,44233.83,21044.27,1592,54,0,594,0,0.936,0.069,248,160,0.89,0.03,DoS_DDoS,1
3353,TCP,FTP,504,221,30,216.22,8.95,4,26,1,1,12,0.825,0.059,34,12,0.245,0.568,BruteForce,1
76,TCP,HTTP,4985,57,1847,66254.93,24270.7,1742,156,0,593,0,0.945,0.067,191,252,0.74,0.072,DoS_DDoS,1
21,TCP,HTTP,13097,37,905,622464.45,42891.0,673,5,0,178,0,0.894,0.057,236,206,0.787,0.114,DoS_DDoS,1
84,UDP,HTTP,5937,13,248,70749.11,2948.87,184,9,0,32,0,0.972,0.077,241,240,0.859,0.135,DoS_DDoS,1
136,TCP,DNS,1175,14017,19,111623.81,139.6,1,19,1,0,0,0.76,0.138,39,71,0.04,0.015,Benign,0
25,TCP,HTTP,3022,12,179,120876.49,7131.47,144,4,0,24,0,0.895,0.003,224,203,0.797,0.029,DoS_DDoS,1
208,UDP,HTTPS,1507,10888,56,59562.71,269.1,2,56,1,0,0,0.814,0.11,21,73,0.003,0.007,Benign,0
5077,TCP,SSH,1743,1362,52,611.57,10.24,5,47,1,3,4,0.975,0.007,29,38,0.156,0.555,BruteForce,1
243,TCP,DNS,8058,98,408,33549.98,1678.32,357,21,0,127,0,0.878,0.048,245,164,0.981,0.033,DoS_DDoS,1
3102,TCP,SSH,633,510,58,368.46,18.7,2,56,1,2,3,0.926,0.023,74,20,0.179,0.554,BruteForce,1
20,TCP,HTTP,1959,6791,12,435323.38,597.01,1,12,1,0,0,0.833,0.12,20,46,0.031,0.012,Benign,0
944,UDP,HTTP,32115,11408,8,46099.99,8.47,1,8,1,0,0,0.929,0.093,9,33,0.005,0.025,Benign,0
1564,TCP,HTTPS,1083,44367,17,29058.24,10.87,1,17,1,0,0,0.758,0.082,18,51,0.041,0.013,Benign,0
17,TCP,SSH,70,0,1,4093.57,58.48,1,0,0,0,0,0.185,0.805,244,13,0.708,0.711,PortScan,1
331,TCP,HTTPS,490,2099,16,7819.39,48.32,1,16,1,0,0,0.879,0.031,19,72,0.019,0.023,Benign,0
40,TCP,OTHER,58,0,2,1446.38,49.88,2,0,0,0,0,0.113,0.88,252,3,0.704,0.718,PortScan,1
1219,TCP,HTTPS,362,8093,18,6935.44,14.76,1,18,1,0,0,0.852,0.116,46,72,0.026,0.03,Benign,0
19,UDP,HTTP,702,6901,98,398062.83,5130.89,1,98,1,0,0,0.792,0.04,7,15,0.002,0.016,Benign,0
5138,TCP,HTTPS,513,12734,11,2578.19,2.14,1,10,1,0,0,0.72,0.267,34,29,0.109,0.06,Botnet_C2,1
98,TCP,HTTP,16016,51,502,163781.86,5117.23,381,13,0,93,0,0.896,0.002,245,204,0.849,0.083,DoS_DDoS,1
501,UDP,SSH,2059,1305,24,6713.23,47.89,1,24,1,0,0,0.969,0.024,1,3,0.03,0.028,Benign,0
5219,TCP,IRC,242,7201,10,1426.11,1.92,1,9,1,0,0,0.846,0.444,41,23,0.004,0.027,Botnet_C2,1
2272,TCP,HTTPS,2842,15095,17,7894.46,7.48,1,17,1,0,0,0.811,0.094,11,23,0.046,0.02,Benign,0
1160,TCP,HTTP,3635,54430,16,50051.72,13.79,2,16,1,0,0,0.829,0.127,18,67,0.022,0.031,Benign,0
187,UDP,HTTP,13078,43,1747,70128.27,9337.25,1613,156,0,416,0,0.992,0.078,186,206,0.72,0.066,DoS_DDoS,1
1045,TCP,DNS,9718,9350,25,18245.14,23.92,1,25,1,0,0,0.784,0.092,1,17,0.029,0.024,Benign,0
1485,TCP,HTTPS,1000,347,17,907.01,11.45,1,17,1,0,0,0.9,0.063,9,61,0.012,0.008,Benign,0
84,TCP,HTTP,10224,80,230,122520.81,2734.84,163,8,0,84,0,0.913,0.035,241,172,0.782,0.05,DoS_DDoS,1
4449,TCP,SSH,839,520,42,305.46,9.44,2,40,1,2,14,0.93,0.05,62,15,0.226,0.256,BruteForce,1
432,TCP,HTTPS,1120,45178,32,107146.49,74.06,2,32,1,0,0,0.959,0.141,2,16,0.043,0.039,Benign,0
1407,UDP,SSH,2014,5564,18,5385.54,12.79,1,18,1,0,0,0.787,0.077,38,56,0.029,0.035,Benign,0
5097,UDP,HTTP,292,46126,7,9106.75,1.37,1,7,1,0,0,0.976,0.028,6,53,0.007,0.029,Benign,0
5549,TCP,HTTP,1903,7042,20,1611.97,3.6,2,20,1,1,0,0.771,0.085,5,86,0.013,0.038,Benign,0
116,TCP,HTTPS,6255,371,23,57071.49,198.11,1,23,1,0,0,0.842,0.006,30,64,0.006,0.038,Benign,0
63,UDP,DNS,37963,164,357,604231.38,5657.69,287,20,0,80,0,0.886,0.015,181,163,0.703,0.056,DoS_DDoS,1
169,TCP,SSH,3538,1450,20,29497.34,118.27,1,20,1,0,0,0.918,0.072,37,48,0.048,0.001,Benign,0
209,TCP,SMTP,3769,473,10,20286.94,47.82,1,10,1,0,0,0.822,0.141,36,80,0.035,0.003,Benign,0
526,TCP,SSH,117405,6763,130,236015.97,247.1,1,130,1,0,0,0.91,0.101,7,7,0.017,0.037,Benign,0
10,TCP,FTP,103,0,1,10198.02,99.01,1,0,0,0,0,0.085,0.784,224,2,0.871,0.574,PortScan,1
662,TCP,HTTP,801,1642,9,3689.77,13.59,1,9,1,0,0,0.762,0.006,46,97,0.009,0.001,Benign,0
303,ICMP,DNS,498,734,25,4064.67,82.48,1,25,1,0,0,0.995,0.075,22,32,0.008,0.018,Benign,0
331,TCP,DNS,2218,835,19,9220.78,57.38,1,19,1,0,0,0.868,0.004,25,52,0.034,0.017,Benign,0
2999,UDP,HTTPS,4674,1425,54,2033.61,18.01,1,54,1,0,0,0.946,0.146,12,43,0.036,0.039,Benign,0
457,UDP,HTTPS,12086,11462,58,51516.08,126.89,2,58,1,0,0,0.845,0.137,42,60,0.01,0.015,Benign,0
257,UDP,HTTPS,473,14404,6,57864.64,23.34,1,6,1,0,0,0.785,0.137,43,86,0.034,0.001,Benign,0
26,TCP,OTHER,50,0,2,1915.71,76.63,2,0,0,0,0,0.034,0.925,250,2,0.828,0.522,PortScan,1
945,TCP,HTTP,6741,6595,11,14110.68,11.64,1,11,1,0,0,0.955,0.006,43,61,0.034,0.01,Benign,0
1249,TCP,HTTPS,1698,1188,39,2310.46,31.22,1,39,1,0,0,0.772,0.03,3,97,0.026,0.04,Benign,0
188,TCP,DNS,2180,6925,59,48405.1,313.66,1,59,1,0,0,0.824,0.116,15,20,0.045,0.001,Benign,0
328,TCP,HTTPS,1690,13358,18,45864.07,54.86,1,18,1,0,0,0.894,0.017,21,54,0.041,0.007,Benign,0
465,TCP,HTTP,1071,4352,20,11659.86,43.0,1,20,1,0,0,0.816,0.002,10,95,0.03,0.039,Benign,0
1728,TCP,DNS,1101,29285,8,17583.47,4.63,1,8,1,0,0,0.953,0.053,44,63,0.019,0.024,Benign,0
75,UDP,HTTP,8869,16,2567,118308.92,34181.09,2241,238,0,275,0,0.881,0.056,188,162,0.873,0.116,DoS_DDoS,1
683,TCP,SSH,1727,2598,54,6331.43,79.05,2,54,1,0,0,0.912,0.029,38,52,0.009,0.001,Benign,0
823,TCP,DNS,1080,41389,17,51596.4,20.65,1,17,1,0,0,0.844,0.087,47,83,0.035,0.017,Benign,0
2310,TCP,HTTPS,1654,585,12,969.22,5.19,1,12,1,0,0,0.82,0.043,23,48,0.009,0.018,Benign,0
585,UDP,HTTPS,765,2651,4,5838.32,6.84,1,4,1,0,0,0.971,0.147,28,34,0.027,0.014,Benign,0
29,TCP,FTP,78,0,2,2680.41,68.73,2,0,0,0,0,0.169,0.76,228,8,0.792,0.539,PortScan,1
2071,UDP,DNS,6504,1018,23,3631.89,11.11,2,23,1,1,0,0.904,0.077,16,57,0.041,0.033,Benign,0
4542,TCP,HTTPS,603,12496,10,2883.91,2.2,1,9,1,0,0,0.636,0.175,23,7,0.025,0.076,Botnet_C2,1
4480,TCP,HTTP,479,42089,23,9501.57,5.13,1,23,2,0,0,0.93,0.094,11,77,0.02,0.022,Benign,0
3109,TCP,SSH,1589,215,53,580.23,17.05,2,51,1,1,6,0.878,0.088,59,38,0.103,0.215,BruteForce,1
84,TCP,HTTPS,605,31112,13,377134.36,154.58,1,13,1,0,0,0.908,0.133,38,64,0.041,0.021,Benign,0
1360,ICMP,HTTPS,543,3211,62,2760.09,45.58,1,62,1,0,0,0.898,0.086,33,53,0.024,0.022,Benign,0
915,UDP,HTTPS,5453,134842,35,153311.11,38.25,1,35,1,0,0,0.858,0.109,49,86,0.002,0.015,Benign,0
1053,UDP,HTTPS,958,19616,21,19536.61,19.94,2,21,1,0,0,0.766,0.096,8,40,0.033,0.017,Benign,0
300,UDP,HTTPS,231,9489,9,32389.2,29.99,1,9,1,0,0,0.757,0.084,42,64,0.039,0.008,Benign,0
1828,TCP,HTTP,6188,9751,47,8718.89,25.71,1,47,1,0,0,0.824,0.086,26,49,0.018,0.021,Benign,0
2948,UDP,SSH,2006,18365,18,6909.87,6.11,1,18,1,0,0,0.802,0.09,3,78,0.01,0.014,Benign,0
1333,TCP,DNS,2609,34374,25,27742.1,18.75,1,25,1,0,0,0.954,0.098,15,93,0.032,0.039,Benign,0
120,TCP,HTTP,2549,39,1012,21548.71,8426.31,856,1,0,206,0,0.854,0.007,239,174,0.814,0.03,DoS_DDoS,1
7,TCP,OTHER,56,0,3,7887.32,422.54,3,0,0,0,0,0.089,0.852,222,8,0.791,0.364,PortScan,1
151,UDP,HTTPS,131403,46,1687,869947.05,11164.79,1434,32,0,240,0,0.863,0.064,197,160,0.839,0.165,DoS_DDoS,1
2403,UDP,HTTP,7364,6629,31,5822.9,12.9,1,31,2,0,0,0.84,0.147,1,23,0.023,0.002,Benign,0
125,TCP,DNS,1272,7888,17,73221.42,135.89,1,17,1,0,0,0.846,0.002,2,79,0.003,0.024,Benign,0
797,TCP,SSH,945,695,21,2057.46,26.35,3,18,1,2,6,0.883,0.025,37,13,0.173,0.355,BruteForce,1
3629,TCP,FTP,3027,1625,51,1281.86,14.05,2,49,1,2,13,0.92,0.049,54,33,0.073,0.368,BruteForce,1
2731,TCP,HTTPS,9250,16398,12,9391.09,4.39,1,12,1,0,0,0.921,0.114,14,72,0.048,0.004,Benign,0
1135,TCP,HTTP,2042,9499,7,10167.39,6.17,1,7,1,0,0,0.814,0.125,43,65,0.049,0.001,Benign,0
142,TCP,HTTP,21986,65,2997,155179.45,21090.78,2566,184,0,1008,0,0.86,0.031,186,243,0.779,0.134,DoS_DDoS,1
116,TCP,HTTPS,2918,17,858,25279.93,7390.18,640,2,0,112,0,0.955,0.068,194,173,0.937,0.052,DoS_DDoS,1
43,TCP,SSH,88,0,1,2041.76,23.2,1,0,0,0,0,0.18,0.979,231,3,0.559,0.583,PortScan,1
654,UDP,HTTP,773,3197,22,6069.41,33.63,1,22,1,0,0,0.911,0.043,16,60,0.006,0.017,Benign,0
745,TCP,HTTPS,1066,91380,76,124071.94,102.0,1,76,2,1,0,0.895,0.011,49,88,0.009,0.019,Benign,0
30,TCP,OTHER,105,0,3,3488.37,99.67,3,0,0,0,0,0.135,0.904,210,8,0.596,0.747,PortScan,1
1819,TCP,DNS,302,4911,10,2865.7,5.5,1,10,1,1,0,0.973,0.089,25,60,0.027,0.017,Benign,0
955,TCP,HTTP,32432,9939,16,44362.89,16.75,1,16,1,0,0,0.997,0.092,27,96,0.005,0.028,Benign,0
3121,TCP,HTTPS,8103,19878,68,8965.11,21.79,1,68,1,1,0,0.783,0.111,40,81,0.033,0.024,Benign,0
232,UDP,HTTPS,1729,13553,21,65842.31,90.48,1,21,1,0,0,0.787,0.037,30,57,0.008,0.014,Benign,0
95,TCP,HTTP,26111,43,261,275015.77,2744.48,247,13,0,98,0,0.955,0.072,237,252,0.943,0.061,DoS_DDoS,1
1517,ICMP,HTTP,3868,3363,9,4766.33,5.93,1,9,1,0,0,0.75,0.017,26,48,0.007,0.009,Benign,0
18,TCP,OTHER,54,0,3,2983.43,165.75,3,0,0,0,0,0.063,0.899,205,2,0.747,0.354,PortScan,1
1261,TCP,SSH,856,1249,28,1669.18,22.2,4,24,1,2,14,0.884,0.027,52,33,0.114,0.519,BruteForce,1
221,TCP,HTTP,4359,17,615,19791.95,2781.55,551,39,0,119,0,0.869,0.064,211,158,0.775,0.153,DoS_DDoS,1
10,TCP,DNS,9181,17,832,910693.07,82376.24,648,15,0,331,0,0.855,0.043,251,159,0.878,0.066,DoS_DDoS,1
34,UDP,DNS,1998,1360,23,98475.07,674.49,2,23,1,1,0,0.902,0.078,25,38,0.032,0.037,Benign,0
9570,TCP,SSH,1393,178,20,164.16,2.09,4,16,1,1,6,0.869,0.029,22,29,0.097,0.413,BruteForce,1
1332,TCP,HTTPS,1442,786,21,1672.55,15.76,2,21,1,0,0,0.791,0.03,35,66,0.004,0.015,Benign,0
898,UDP,HTTP,1183,1584,16,3080.95,17.82,1,16,1,0,0,0.834,0.014,12,92,0.023,0.033,Benign,0
577,TCP,HTTPS,481,19912,5,35337.03,8.66,1,5,1,0,0,0.828,0.076,6,27,0.037,0.026,Benign,0
3968,TCP,TELNET,721,1328,32,516.37,8.06,2,30,1,3,11,0.944,0.093,58,18,0.226,0.494,BruteForce,1
3964,TCP,HTTPS,1519,783,11,580.71,2.77,1,11,1,0,0,0.802,0.096,12,89,0.002,0.034,Benign,0
65,UDP,HTTP,35097,133,420,541167.43,6451.61,385,31,0,62,0,0.908,0.078,181,220,0.916,0.018,DoS_DDoS,1
49,TCP,HTTP,5317,36449,113,850631.36,2301.43,1,113,1,0,0,0.763,0.01,10,62,0.027,0.011,Benign,0
687,TCP,HTTPS,577,2666,54,4719.84,78.59,1,54,1,0,0,0.936,0.008,48,96,0.034,0.015,Benign,0
639,TCP,HTTPS,45418,3747,25,76928.49,39.12,1,25,1,0,0,0.878,0.137,5,57,0.008,0.025,Benign,0
734,TCP,DNS,3811,2968,31,9234.44,42.23,1,31,1,0,0,0.821,0.074,35,81,0.044,0.034,Benign,0
451,TCP,DNS,919,221657,63,493407.23,139.66,1,63,1,0,0,0.904,0.147,34,63,0.028,0.004,Benign,0
2719,TCP,HTTP,2020,597,12,962.45,4.41,1,12,1,0,0,0.88,0.108,29,95,0.046,0.001,Benign,0
352,TCP,HTTPS,23754,210,544,68060.21,1545.02,478,48,0,116,0,1.0,0.011,208,159,0.963,0.13,DoS_DDoS,1
620,ICMP,HTTP,33493,13,597,54033.22,962.75,442,39,0,187,0,0.985,0.019,220,217,0.991,0.086,DoS_DDoS,1
720,TCP,HTTPS,148,7468,13,10576.31,18.05,1,13,1,0,0,0.908,0.121,49,82,0.026,0.032,Benign,0
1353,TCP,HTTPS,777,22801,18,17425.17,13.3,1,18,1,0,0,0.918,0.036,12,67,0.02,0.038,Benign,0
17,TCP,SSH,61,0,2,3567.25,116.96,2,0,0,0,0,0.117,0.786,223,13,0.791,0.355,PortScan,1
852,UDP,HTTPS,2250,5154,8,8689.12,9.39,1,8,1,0,0,0.95,0.133,48,69,0.025,0.031,Benign,0
71,TCP,HTTPS,787,4636,12,76272.86,168.78,1,12,1,1,0,0.924,0.074,32,53,0.026,0.022,Benign,0
177,UDP,DNS,4119,61,352,23602.48,1987.58,319,11,0,81,0,0.893,0.003,241,214,0.858,0.124,DoS_DDoS,1
164,UDP,HTTP,11472,31,275,70097.5,1675.81,219,22,0,31,0,0.96,0.073,236,234,0.769,0.01,DoS_DDoS,1
1740,UDP,HTTPS,2036,4697,12,3869.32,6.9,1,12,1,0,0,0.792,0.12,48,76,0.034,0.037,Benign,0
1454,TCP,SSH,1540,196,24,1193.87,16.51,2,22,1,1,4,0.938,0.016,29,36,0.148,0.249,BruteForce,1
282,TCP,HTTP,1220,4753,28,21173.34,99.26,2,28,1,0,0,0.927,0.029,41,86,0.014,0.033,Benign,0
535,TCP,HTTPS,5849,21882,23,51823.96,42.98,1,23,1,0,0,0.915,0.142,8,24,0.03,0.024,Benign,0
571,TCP,DNS,584,12572,21,23036.25,36.77,1,21,1,0,0,0.883,0.003,39,55,0.028,0.01,Benign,0
1104,TCP,HTTP,1713,3833,13,5023.1,11.77,1,13,1,0,0,0.95,0.116,6,61,0.015,0.021,Benign,0
78,TCP,HTTPS,36400,118,4392,467580.03,56235.6,3403,198,0,1533,0,0.987,0.016,240,229,0.745,0.041,DoS_DDoS,1
1520,UDP,HTTPS,29046,3075,32,21130.85,21.05,1,32,1,0,0,0.824,0.056,28,67,0.045,0.011,Benign,0
4640,TCP,SSH,456,40277,213,8778.47,45.9,1,213,2,0,0,0.863,0.0,16,84,0.004,0.03,Benign,0
40,TCP,OTHER,91,0,3,2269.33,74.81,3,0,0,0,0,0.07,0.767,231,3,0.752,0.582,PortScan,1
525,TCP,HTTP,1948,3710,44,10775.09,83.79,2,44,1,0,0,0.752,0.032,14,58,0.018,0.018,Benign,0
1633,TCP,HTTP,263,12218,7,7642.52,4.29,2,7,1,0,0,0.991,0.082,36,62,0.011,0.002,Benign,0
1530,UDP,HTTPS,295,16080,58,10701.91,37.91,1,58,1,1,0,0.85,0.096,29,30,0.001,0.038,Benign,0
17,TCP,DNS,35736,68,570,2093801.17,33333.33,527,10,0,96,0,0.93,0.004,218,251,0.821,0.021,DoS_DDoS,1
35,TCP,HTTP,4028,26,218,115498.58,6210.83,183,17,0,40,0,0.875,0.036,197,169,0.817,0.183,DoS_DDoS,1
1004,TCP,SSH,1528,4676,13,6178.67,12.95,1,13,1,0,0,0.793,0.059,40,43,0.016,0.021,Benign,0
646,TCP,HTTPS,1915,27783,7,45965.02,10.83,1,7,1,0,0,0.929,0.137,36,95,0.014,0.009,Benign,0
2022,TCP,HTTP,1314,7612,25,4414.22,12.36,1,25,2,1,0,0.779,0.127,35,94,0.019,0.021,Benign,0
2499,UDP,HTTP,561,455,23,406.55,9.2,2,23,1,0,0,0.985,0.142,43,99,0.036,0.036,Benign,0
12,TCP,HTTPS,1782,7811,24,792809.92,1983.47,1,24,1,0,0,0.842,0.061,26,40,0.022,0.039,Benign,0
70,UDP,DNS,1185,4390,17,79529.24,242.51,1,17,1,0,0,0.877,0.049,36,89,0.016,0.032,Benign,0
1598,TCP,DNS,860,1373,57,1397.28,35.67,1,57,1,0,0,0.853,0.043,44,61,0.017,0.008,Benign,0
2522,TCP,SMTP,846,1434,10,904.01,3.96,1,10,1,0,0,0.955,0.109,48,76,0.027,0.014,Benign,0
3223,TCP,SSH,714,671,33,429.71,10.24,4,29,1,2,8,0.956,0.085,38,21,0.1,0.352,BruteForce,1
304,TCP,HTTPS,2808,2513,18,17497.53,59.19,1,18,1,0,0,0.96,0.031,46,90,0.042,0.008,Benign,0
954,TCP,HTTPS,1426,3084,18,4726.97,18.87,1,18,1,0,0,0.798,0.134,13,59,0.045,0.002,Benign,0
227,TCP,HTTPS,3671,9211,16,56723.91,70.45,1,16,1,0,0,0.902,0.057,9,82,0.04,0.0,Benign,0
487,TCP,HTTPS,1437,1281,55,5579.96,112.91,2,55,1,0,0,0.761,0.129,13,66,0.011,0.009,Benign,0
553,UDP,DNS,12937,187,326,23728.08,589.41,262,14,0,110,0,0.975,0.063,209,189,0.768,0.072,DoS_DDoS,1
6505,TCP,HTTP,4336,8313,4,1944.47,0.61,1,4,1,0,0,0.983,0.052,42,49,0.016,0.038,Benign,0
373,TCP,HTTPS,350,1183,160,4108.82,428.84,2,160,1,0,0,0.983,0.13,12,27,0.001,0.008,Benign,0
3548,TCP,HTTPS,1229,10111,20,3196.08,5.64,1,20,1,0,0,0.856,0.134,25,64,0.014,0.032,Benign,0
13,TCP,OTHER,84,51,2,10305.34,152.67,2,0,0,1,0,0.082,0.969,201,7,0.582,0.424,PortScan,1
615,TCP,HTTPS,2208,621,27,4599.25,43.9,1,27,1,0,0,0.854,0.12,5,29,0.024,0.001,Benign,0
109,TCP,HTTP,13695,9,436,125609.53,3996.33,339,40,0,61,0,0.965,0.072,240,235,0.72,0.061,DoS_DDoS,1
1402,TCP,HTTPS,573,835,22,1004.21,15.69,1,22,1,0,0,0.828,0.125,16,21,0.006,0.004,Benign,0
770,TCP,HTTPS,5946,139698,17,189123.49,22.08,1,17,1,0,0,0.896,0.01,29,97,0.033,0.021,Benign,0
707,TCP,DNS,3618,12362,18,22599.35,25.46,1,18,1,0,0,0.806,0.064,10,15,0.037,0.021,Benign,0
14,UDP,HTTP,1719,394,14,149858.16,992.91,1,14,1,0,0,0.823,0.089,35,55,0.033,0.023,Benign,0
1950,TCP,HTTPS,238,4381,48,2368.6,24.61,1,48,1,0,0,0.927,0.041,4,5,0.008,0.013,Benign,0
342,TCP,HTTPS,1533,40214,21,122031.57,61.39,1,21,1,0,0,0.877,0.104,3,22,0.016,0.009,Benign,0
216,TCP,HTTPS,1355,346,82,7871.36,379.45,1,82,1,0,0,0.883,0.068,16,98,0.037,0.013,Benign,0
202,TCP,DNS,331,16952,27,85517.07,133.6,2,27,1,0,0,0.954,0.041,49,57,0.039,0.003,Benign,0
477,TCP,HTTP,3511,5597,9,19090.34,18.86,1,9,1,0,0,0.767,0.025,47,48,0.032,0.023,Benign,0
30,TCP,OTHER,93,0,1,3089.7,33.22,1,0,0,0,0,0.185,0.97,244,5,0.84,0.653,PortScan,1
27,ICMP,DNS,10468,66,901,388708.49,33247.23,788,8,0,179,0,0.898,0.003,202,248,0.771,0.199,DoS_DDoS,1
1317,TCP,HTTPS,1171,2301,34,2636.09,25.81,1,34,1,0,0,0.974,0.011,43,50,0.042,0.04,Benign,0
29,TCP,HTTP,105,0,3,3608.25,103.09,3,0,0,0,0,0.192,0.823,233,8,0.766,0.359,PortScan,1
5252,TCP,IRC,367,6434,11,1294.91,2.09,1,10,1,0,0,0.596,0.15,29,23,0.024,0.096,Botnet_C2,1
1562,UDP,HTTPS,2465,1345,20,2439.02,12.8,1,20,2,0,0,0.786,0.043,13,37,0.006,0.009,Benign,0
804,TCP,HTTP,1566,324,15,2350.45,18.65,2,15,1,0,0,0.851,0.026,33,38,0.043,0.008,Benign,0
11,TCP,HTTP,16843,1092,2418,1615765.77,217837.84,2174,36,0,269,0,0.983,0.038,187,196,0.955,0.112,DoS_DDoS,1
1193,UDP,SSH,687,309,36,834.8,30.17,1,36,2,0,0,0.964,0.134,2,70,0.048,0.013,Benign,0
3622,UDP,HTTP,1424,5219,11,1834.02,3.04,2,11,1,0,0,0.807,0.127,24,83,0.036,0.003,Benign,0
629,TCP,HTTP,149,1080,33,1953.58,52.46,1,33,1,0,0,0.835,0.112,39,58,0.023,0.007,Benign,0
186,TCP,HTTPS,9875,42,318,53288.55,1708.76,249,20,0,75,0,0.891,0.005,220,161,0.762,0.013,DoS_DDoS,1
1485,UDP,HTTPS,902,17415,31,12333.85,20.87,2,31,1,0,0,0.907,0.08,19,65,0.022,0.009,Benign,0
1081,TCP,SMTP,1560,6933,89,7855.89,82.32,1,89,1,0,0,0.999,0.069,4,85,0.04,0.015,Benign,0
14,TCP,SSH,66,0,2,4680.85,141.84,2,0,0,0,0,0.029,0.954,228,6,0.586,0.686,PortScan,1
932,UDP,DNS,633,1205,8,1971.89,8.58,1,8,1,0,0,0.902,0.135,10,59,0.042,0.03,Benign,0
52,UDP,HTTP,2454,3435,38,113032.63,729.37,1,38,1,0,0,0.775,0.028,38,92,0.045,0.023,Benign,0
1588,TCP,HTTP,533,44922,8,28622.25,5.04,1,8,1,0,0,0.899,0.003,9,9,0.038,0.016,Benign,0
44,UDP,HTTPS,11817,96,435,270136.05,9863.95,408,10,0,103,0,0.942,0.005,195,175,0.744,0.014,DoS_DDoS,1
1794,TCP,HTTPS,1875,7910,56,5453.99,31.21,1,56,1,0,0,0.899,0.128,14,95,0.024,0.03,Benign,0
512,TCP,HTTP,24953,23,801,48771.72,1564.15,736,44,0,116,0,0.883,0.016,193,196,0.843,0.174,DoS_DDoS,1
5,UDP,DNS,124613,51,1005,24443921.57,197058.82,727,45,0,136,0,0.889,0.045,254,229,0.832,0.139,DoS_DDoS,1
27,TCP,OTHER,86,0,3,3173.43,110.7,3,0,0,0,0,0.152,0.797,205,11,0.763,0.662,PortScan,1
331,TCP,HTTP,14815,316,775,45699.18,2340.68,616,26,0,184,0,0.921,0.011,198,215,0.921,0.187,DoS_DDoS,1
19,TCP,HTTPS,10317,149,92,547958.12,4816.75,80,5,0,33,0,0.999,0.075,200,167,0.964,0.028,DoS_DDoS,1
24,TCP,HTTPS,1883,10313,13,506058.09,539.42,1,13,1,0,0,0.993,0.074,42,54,0.001,0.012,Benign,0
1135,TCP,HTTPS,4884,18764,58,20833.41,51.1,1,58,1,0,0,0.912,0.085,10,40,0.007,0.038,Benign,0
4655,UDP,HTTPS,3036,11061,13,3028.29,2.79,1,13,1,0,0,0.862,0.102,20,91,0.011,0.006,Benign,0
2998,UDP,HTTPS,6518,1048,28,2523.6,9.34,2,28,1,0,0,0.867,0.01,25,56,0.033,0.027,Benign,0
5724,TCP,DNS,8416,18429,37,4689.82,6.46,2,37,1,0,0,0.959,0.092,38,40,0.013,0.03,Benign,0
1371,TCP,HTTP,5130,2481,11,5551.02,8.02,1,11,2,0,0,0.929,0.106,46,64,0.016,0.014,Benign,0
5473,TCP,DNS,486,7709,8,1497.32,1.46,1,7,1,0,0,0.671,0.487,10,26,0.041,0.032,Botnet_C2,1
243,UDP,HTTP,6620,124,1271,27741.67,5228.3,1011,20,0,155,0,0.882,0.078,241,209,0.726,0.157,DoS_DDoS,1
141,TCP,HTTPS,544,6509,24,49985.83,170.09,2,24,1,0,0,0.949,0.104,31,33,0.035,0.015,Benign,0
30,TCP,HTTP,72,0,2,2392.03,66.45,2,0,0,0,0,0.064,0.718,201,13,0.805,0.46,PortScan,1
2140,TCP,HTTPS,3776,657,11,2071.4,5.14,1,11,1,0,0,0.843,0.043,16,77,0.043,0.028,Benign,0
67,TCP,HTTPS,50869,85,213,759374.07,3174.37,163,9,0,75,0,0.905,0.055,202,199,0.829,0.033,DoS_DDoS,1
12,TCP,FTP,104,0,3,8595.04,247.93,3,0,0,0,0,0.031,0.833,211,14,0.605,0.325,PortScan,1
5324,TCP,SSH,11398,19644,25,5830.47,4.7,1,25,1,1,0,0.803,0.012,47,52,0.04,0.031,Benign,0
137,TCP,HTTPS,38690,11,1148,282283.01,8373.45,809,65,0,224,0,0.982,0.04,238,200,0.747,0.17,DoS_DDoS,1
183,TCP,HTTPS,6901,6132,22,71179.68,120.15,1,22,1,0,0,0.819,0.055,49,98,0.039,0.02,Benign,0
1427,TCP,SSH,2925,11712,31,10256.46,21.72,1,31,1,0,0,0.957,0.118,9,70,0.035,0.009,Benign,0
55,TCP,HTTP,18416,1549,253,362341.2,4591.65,1,253,1,0,0,0.9,0.05,17,21,0.044,0.022,Benign,0
209,TCP,HTTP,3359,759,16,19693.93,76.52,1,16,1,0,0,0.985,0.034,13,17,0.03,0.03,Benign,0
2052,TCP,HTTPS,657,8998,25,4704.94,12.18,1,25,1,0,0,0.815,0.0,41,77,0.01,0.017,Benign,0
480,TCP,HTTPS,633,3304,14,8200.37,29.16,2,14,1,0,0,0.961,0.13,45,55,0.016,0.013,Benign,0
877,TCP,HTTP,147,61630,18,70433.25,20.52,1,18,1,0,0,0.906,0.012,3,52,0.007,0.034,Benign,0
4783,TCP,IRC,407,7769,22,1709.35,4.6,1,21,1,0,0,0.811,0.247,35,22,0.046,0.007,Botnet_C2,1
99,TCP,HTTP,8440,54,2092,85711.4,21109.99,1809,170,0,400,0,0.993,0.007,204,213,0.774,0.037,DoS_DDoS,1
556,TCP,HTTP,11420,648,52,21701.13,93.51,1,52,1,0,0,0.913,0.036,49,93,0.011,0.019,Benign,0
2905,TCP,HTTPS,219,5075,9,1822.31,3.1,1,9,1,1,0,0.931,0.12,18,38,0.047,0.029,Benign,0
463,TCP,HTTPS,1394,15418,57,36303.17,123.08,1,57,1,0,0,0.966,0.101,1,40,0.03,0.0,Benign,0
10,UDP,HTTP,49186,105,318,4880297.03,31485.15,276,20,0,86,0,0.88,0.032,222,236,0.84,0.02,DoS_DDoS,1
339,TCP,HTTP,2807,1200,15,11816.57,44.23,2,15,1,0,0,0.793,0.029,19,39,0.008,0.011,Benign,0
301,UDP,HTTP,67741,36,404,225097.97,1341.75,351,29,0,101,0,0.995,0.039,214,230,0.752,0.134,DoS_DDoS,1
20,TCP,HTTP,28154,37,117,1402537.31,5820.9,110,4,0,12,0,0.973,0.014,191,184,0.934,0.131,DoS_DDoS,1
634,TCP,HTTP,1456,3019,12,7057.25,18.92,2,12,1,0,0,0.795,0.053,46,65,0.021,0.035,Benign,0
5081,UDP,IRC,271,16233,10,3248.12,1.97,1,9,1,0,0,0.415,0.236,43,7,0.047,0.096,Botnet_C2,1
694,UDP,SMTP,2867,943,35,5489.12,50.43,1,35,1,0,0,0.973,0.129,41,78,0.023,0.02,Benign,0
1697,TCP,HTTP,12564,4659,7,10148.49,4.12,1,7,1,0,0,0.797,0.131,25,89,0.021,0.029,Benign,0
625,UDP,DNS,465,3505,24,6350.98,38.39,1,24,1,0,0,0.8,0.081,33,67,0.022,0.032,Benign,0
578,UDP,HTTPS,1959,19017,17,36284.38,29.41,1,17,1,0,0,0.924,0.052,29,87,0.042,0.03,Benign,0
5286,UDP,HTTPS,496,7820,9,1573.18,1.7,1,8,1,0,0,0.825,0.175,20,15,0.049,0.059,Botnet_C2,1
7036,TCP,HTTP,3838,17088,6,2974.09,0.85,2,6,1,0,0,0.872,0.113,42,54,0.02,0.001,Benign,0
17,UDP,HTTPS,24953,51,255,1462222.22,14912.28,232,14,0,95,0,0.972,0.05,206,206,0.956,0.132,DoS_DDoS,1
510,TCP,HTTP,818,329,14,2248.58,27.45,1,14,2,0,0,0.798,0.013,9,21,0.048,0.033,Benign,0
57,TCP,HTTP,468,5507,100,104640.98,1751.31,2,100,1,0,0,0.96,0.147,14,72,0.044,0.024,Benign,0
426,TCP,HTTPS,4170,44573,14,114393.33,32.86,2,14,2,0,0,0.865,0.019,34,43,0.042,0.009,Benign,0
2429,TCP,SSH,1122,1642,33,1137.87,13.59,3,30,1,1,12,0.979,0.08,24,38,0.035,0.243,BruteForce,1
41,TCP,FTP,71,0,2,1727.49,48.66,2,0,0,0,0,0.115,0.961,234,2,0.832,0.698,PortScan,1
412,TCP,DNS,3714,100155,6,252048.05,14.56,1,6,1,0,0,0.775,0.086,26,78,0.008,0.003,Benign,0
2124,TCP,HTTP,638,13536,42,6672.94,19.77,1,42,1,0,0,0.966,0.129,45,65,0.004,0.021,Benign,0
883,TCP,HTTPS,11209,19586,30,34871.48,33.97,1,30,1,0,0,0.957,0.03,17,73,0.043,0.015,Benign,0
31,TCP,HTTPS,15906,61,1869,513408.36,60096.46,1351,46,0,445,0,0.908,0.05,253,250,0.865,0.19,DoS_DDoS,1
218,TCP,DNS,1572,2320,9,17845.03,41.27,1,9,1,0,0,0.834,0.046,2,6,0.041,0.004,Benign,0
418,TCP,HTTPS,6244,44,593,15039.46,1418.32,514,10,0,165,0,0.972,0.069,245,199,0.909,0.13,DoS_DDoS,1
17,TCP,HTTP,13690,94,870,806081.87,50877.19,773,53,0,117,0,0.974,0.077,247,206,0.704,0.166,DoS_DDoS,1
1352,UDP,DNS,5083,7165,18,9058.5,13.31,1,18,2,0,0,0.933,0.103,46,74,0.012,0.011,Benign,0
39,TCP,HTTPS,23285,137,499,599028.13,12762.15,375,10,0,88,0,0.936,0.042,195,206,0.908,0.182,DoS_DDoS,1
4951,TCP,IRC,299,19023,14,3902.57,2.83,1,13,1,0,0,0.66,0.432,27,6,0.097,0.066,Botnet_C2,1
20,TCP,HTTP,3710,44,1091,186766.17,54278.61,809,80,0,156,0,0.915,0.05,209,175,0.816,0.056,DoS_DDoS,1
435,TCP,HTTPS,429,29971,12,69869.0,27.58,1,12,1,0,0,0.769,0.1,38,40,0.024,0.011,Benign,0
47,TCP,HTTPS,1564,1037,40,55222.93,849.26,2,40,1,0,0,0.799,0.075,48,69,0.034,0.001,Benign,0
476,TCP,SMTP,877,15373,50,34131.48,105.02,1,50,1,0,0,0.837,0.139,44,93,0.006,0.029,Benign,0
4651,UDP,HTTPS,314,2153,18,530.41,3.87,1,17,1,0,0,0.534,0.399,20,9,0.061,0.021,Botnet_C2,1
5241,TCP,HTTPS,490,8918,10,1795.04,1.91,1,9,1,0,0,0.554,0.173,32,21,0.145,0.025,Botnet_C2,1
284,TCP,DNS,35803,202,207,126733.54,728.62,160,7,0,40,0,0.855,0.006,251,158,0.904,0.133,DoS_DDoS,1
164,TCP,HTTP,2716,49,931,16849.48,5673.37,791,65,0,209,0,0.906,0.013,194,164,0.908,0.06,DoS_DDoS,1
4737,TCP,IRC,335,982,8,278.02,1.69,1,7,1,0,0,0.597,0.376,25,19,0.05,0.013,Botnet_C2,1
354,UDP,SSH,1080,4903,10,16896.36,28.24,1,10,1,0,0,0.751,0.035,43,80,0.028,0.037,Benign,0
20,UDP,HTTP,1714,499,39,110099.5,1940.3,1,39,2,0,0,0.991,0.111,24,76,0.005,0.023,Benign,0
4255,UDP,IRC,297,5209,10,1293.98,2.35,1,9,1,0,0,0.434,0.294,41,24,0.061,0.035,Botnet_C2,1
23,TCP,HTTP,101,0,1,4372.29,43.29,1,0,0,0,0,0.119,0.83,241,11,0.86,0.375,PortScan,1
117,TCP,DNS,25774,45,361,220486.76,3082.84,276,20,0,142,0,0.961,0.06,205,166,0.826,0.069,DoS_DDoS,1
53,UDP,HTTPS,4577,12662,24,324651.6,451.98,1,24,1,0,0,0.829,0.127,7,46,0.02,0.012,Benign,0
1514,UDP,HTTPS,1085,8305,33,6201.7,21.8,1,33,1,0,0,0.969,0.031,44,94,0.014,0.021,Benign,0
6,TCP,HTTP,2313,83,1506,392786.89,246885.25,1206,149,0,409,0,0.95,0.052,236,195,0.765,0.102,DoS_DDoS,1
2078,UDP,HTTPS,4394,346,34,2280.93,16.36,1,34,1,0,0,0.808,0.138,12,22,0.046,0.002,Benign,0
8258,TCP,TELNET,538,1350,32,228.62,3.87,4,28,1,3,11,0.826,0.095,69,28,0.237,0.537,BruteForce,1
14,TCP,HTTPS,17128,257,654,1232978.72,46382.98,588,61,0,211,0,0.962,0.017,222,203,0.86,0.089,DoS_DDoS,1
351,UDP,DNS,15639,185,279,45069.78,794.65,240,19,0,36,0,0.981,0.014,239,171,0.829,0.018,DoS_DDoS,1
1481,TCP,HTTPS,11011,130111,33,95281.89,22.28,1,33,1,0,0,0.831,0.084,8,95,0.037,0.012,Benign,0
1917,TCP,HTTPS,647,4685,10,2781.28,5.22,2,10,1,0,0,0.946,0.085,10,85,0.012,0.002,Benign,0
5791,TCP,IRC,317,2890,15,553.78,2.59,1,14,1,0,0,0.744,0.351,28,13,0.095,0.088,Botnet_C2,1
1917,UDP,HTTPS,1014,5865,9,3588.23,4.69,1,9,1,0,0,0.969,0.14,20,60,0.009,0.011,Benign,0
4541,TCP,IRC,315,8117,20,1856.82,4.4,1,19,1,0,0,0.688,0.156,48,5,0.009,0.029,Botnet_C2,1
1251,TCP,HTTP,703,11982,12,10139.08,9.59,1,12,1,0,0,0.929,0.031,28,50,0.042,0.02,Benign,0
62,TCP,DNS,9190,22,1846,148341.38,29726.25,1374,148,0,215,0,0.9,0.062,219,203,0.826,0.118,DoS_DDoS,1
391,TCP,SSH,2192,23118,34,64714.91,86.93,1,34,2,0,0,0.979,0.1,22,45,0.039,0.001,Benign,0
226,UDP,SSH,3443,58803,95,275302.96,420.17,1,95,1,0,0,0.88,0.03,27,39,0.023,0.037,Benign,0
833,UDP,HTTPS,2268,1733,16,4802.54,19.21,1,16,1,0,0,0.829,0.0,29,54,0.036,0.024,Benign,0
49,TCP,HTTPS,13828,66,1017,282973.52,20712.83,907,0,0,331,0,0.921,0.036,233,207,0.781,0.139,DoS_DDoS,1
27,TCP,HTTP,63,0,2,2324.72,73.8,2,0,0,0,0,0.162,0.847,209,13,0.634,0.541,PortScan,1
1456,TCP,HTTPS,943,10981,29,8189.0,19.92,1,29,1,0,0,0.883,0.079,7,84,0.025,0.031,Benign,0
137,TCP,HTTPS,1852,7,317,13559.45,2312.18,258,18,0,44,0,0.965,0.054,239,195,0.838,0.189,DoS_DDoS,1
21,TCP,OTHER,79,0,3,3744.08,142.18,3,0,0,0,0,0.14,0.882,213,13,0.628,0.79,PortScan,1
11,TCP,OTHER,98,56,3,13873.87,270.27,3,0,0,1,0,0.17,0.843,232,14,0.904,0.479,PortScan,1
856,TCP,HTTP,13340,7292,12,24099.99,14.02,2,12,1,0,0,0.893,0.111,15,95,0.049,0.028,Benign,0
191,UDP,DNS,1728,25718,24,143621.14,125.59,1,24,1,0,0,0.885,0.095,39,47,0.007,0.033,Benign,0
593,TCP,HTTPS,944,9661,7,17880.63,11.8,1,7,1,0,0,0.936,0.028,31,98,0.04,0.004,Benign,0
34,TCP,OTHER,79,24,1,3020.53,29.33,1,0,0,1,0,0.194,0.754,215,4,0.869,0.738,PortScan,1
1585,TCP,HTTPS,3447,1275,23,2978.99,14.51,1,23,1,0,0,0.849,0.016,39,74,0.039,0.006,Benign,0
472,TCP,HTTPS,322,2002,21,4922.69,44.48,1,21,1,0,0,0.985,0.006,29,33,0.024,0.038,Benign,0
367,TCP,HTTPS,270,6107,14,17371.29,38.14,1,14,1,0,0,0.864,0.055,19,46,0.027,0.036,Benign,0
1286,ICMP,HTTPS,1395,12577,20,10863.85,15.55,1,20,1,0,0,0.926,0.01,27,87,0.037,0.008,Benign,0
70,TCP,HTTP,10123,28,1305,144807.42,18616.26,998,128,0,467,0,0.983,0.01,200,230,0.983,0.164,DoS_DDoS,1
30,TCP,HTTP,8264,19,1573,275182.72,52259.14,1140,68,0,444,0,0.865,0.078,222,182,0.768,0.104,DoS_DDoS,1
215,TCP,HTTP,6872,1020,13,36689.91,60.44,1,13,1,0,0,0.865,0.016,21,29,0.039,0.033,Benign,0
392,TCP,HTTPS,2283,3882,37,15723.03,94.36,1,37,1,0,0,0.755,0.109,1,88,0.016,0.024,Benign,0
1277,TCP,SSH,3166,6121,46,7271.94,36.02,1,46,1,0,0,0.895,0.059,27,53,0.013,0.027,Benign,0
15,UDP,HTTPS,7971,521,2781,562384.11,184172.19,2180,258,0,873,0,0.989,0.008,199,212,0.857,0.198,DoS_DDoS,1
1571,TCP,SMTP,332,23326,56,15058.24,35.64,1,56,1,0,0,0.993,0.092,12,80,0.004,0.009,Benign,0
36,TCP,OTHER,51,0,3,1412.74,83.1,3,0,0,0,0,0.14,0.8,221,13,0.717,0.563,PortScan,1
593,TCP,HTTP,61634,16,549,103945.37,925.64,420,10,0,68,0,0.937,0.019,214,162,0.787,0.165,DoS_DDoS,1
97,TCP,HTTP,1256,5713,34,71771.37,350.15,1,34,1,0,0,0.881,0.139,46,47,0.029,0.013,Benign,0
5857,TCP,SSH,747,379,30,192.25,5.12,3,27,1,2,3,0.953,0.08,34,7,0.005,0.532,BruteForce,1
322,TCP,HTTPS,174,11204,35,35324.43,108.66,1,35,1,0,0,0.887,0.11,2,44,0.043,0.031,Benign,0
130,UDP,HTTP,1070,4450,109,42428.9,837.82,1,109,1,0,0,0.98,0.149,32,98,0.02,0.03,Benign,0
1655,TCP,HTTP,1271,2699,7,2398.65,4.23,1,7,1,0,0,0.875,0.094,7,46,0.049,0.012,Benign,0
42,TCP,HTTPS,4260,129989,38,3188812.35,902.61,1,38,1,0,0,0.953,0.007,20,81,0.019,0.019,Benign,0
16,TCP,OTHER,91,0,1,5652.17,62.11,1,0,0,0,0,0.009,0.962,204,1,0.612,0.316,PortScan,1
903,TCP,HTTP,471,4167,11,5135.64,12.18,1,11,2,0,0,0.947,0.096,7,98,0.005,0.015,Benign,0
46,UDP,HTTPS,50258,32,971,1090889.37,21062.91,883,86,0,183,0,0.866,0.008,250,151,0.792,0.053,DoS_DDoS,1
1306,UDP,SSH,409,20139,8,15732.33,6.13,1,8,1,0,0,0.792,0.033,24,61,0.044,0.015,Benign,0
173,TCP,HTTPS,3404,26828,25,174650.49,144.43,1,25,1,0,0,0.914,0.012,18,72,0.041,0.012,Benign,0
202,TCP,HTTP,7405,365,418,38446.31,2068.28,338,26,0,132,0,0.977,0.06,236,234,0.792,0.052,DoS_DDoS,1
936,UDP,HTTPS,2587,553,144,3354.34,153.83,1,144,2,0,0,0.962,0.048,40,56,0.024,0.011,Benign,0
1242,TCP,SSH,1173,936,57,1697.93,45.89,4,53,1,3,8,0.813,0.007,50,22,0.215,0.291,BruteForce,1
23,TCP,OTHER,44,0,2,1904.76,86.58,2,0,0,0,0,0.109,0.98,223,2,0.542,0.55,PortScan,1
113,UDP,HTTP,24650,205,1423,219761.27,12581.79,1025,1,0,443,0,0.918,0.014,189,234,0.937,0.116,DoS_DDoS,1
6763,TCP,SSH,467,222,33,101.88,4.88,2,31,1,1,9,0.86,0.083,73,31,0.104,0.402,BruteForce,1
1784,TCP,HTTPS,2125,25504,15,15486.24,8.41,1,15,1,0,0,0.833,0.11,34,56,0.036,0.008,Benign,0
543,TCP,HTTPS,3572,4388,10,14656.6,18.41,1,10,2,0,0,0.787,0.1,43,65,0.03,0.018,Benign,0
1,TCP,HTTP,49,0,1,44545.45,909.09,1,0,0,0,0,0.199,0.984,219,10,0.688,0.327,PortScan,1
563,UDP,HTTP,4592,3837,22,14968.92,39.07,2,22,2,0,0,0.845,0.015,13,45,0.034,0.001,Benign,0
1026,TCP,HTTP,3339,3096,25,6271.32,24.36,1,25,1,0,0,0.995,0.013,40,97,0.007,0.011,Benign,0
375,TCP,HTTP,2987,8427,4,30429.22,10.66,2,4,1,0,0,0.823,0.026,8,11,0.046,0.025,Benign,0
485,TCP,DNS,7957,1823,15,20160.79,30.92,1,15,1,0,0,0.877,0.103,15,94,0.038,0.031,Benign,0
65,UDP,DNS,4189,85,180,65652.84,2764.98,170,15,0,37,0,0.896,0.066,217,154,0.749,0.066,DoS_DDoS,1
9,TCP,HTTP,110,51,1,17692.31,109.89,1,0,0,1,0,0.007,0.74,235,12,0.52,0.332,PortScan,1
272,TCP,HTTPS,4764,218,39,18309.45,143.33,2,39,1,0,0,0.788,0.014,19,78,0.019,0.021,Benign,0
151,ICMP,HTTP,4048,28,1004,26975.51,6644.61,717,82,0,203,0,0.868,0.057,191,206,0.918,0.087,DoS_DDoS,1
23,TCP,FTP,84,0,2,3636.36,86.58,2,0,0,0,0,0.042,0.738,254,7,0.799,0.518,PortScan,1
837,TCP,HTTPS,1523,654,36,2600.65,43.01,1,36,1,0,0,0.775,0.094,48,73,0.007,0.012,Benign,0
20,TCP,OTHER,89,0,3,4427.86,149.25,3,0,0,0,0,0.048,0.894,226,9,0.635,0.321,PortScan,1
17,TCP,SSH,89,41,3,7602.34,175.44,3,0,0,1,0,0.086,0.894,209,1,0.917,0.75,PortScan,1
1979,TCP,HTTPS,747,11722,14,6300.34,7.07,1,14,1,0,0,0.866,0.112,14,72,0.013,0.029,Benign,0
1154,TCP,HTTP,558,736,34,1121.22,29.46,1,34,1,0,0,0.969,0.061,25,60,0.009,0.027,Benign,0
91,UDP,HTTPS,18377,76,1699,202557.63,18649.84,1335,105,0,268,0,0.89,0.036,221,197,0.793,0.066,DoS_DDoS,1
1928,TCP,HTTPS,1387,3711,29,2644.05,15.04,1,29,1,0,0,0.788,0.048,10,64,0.045,0.027,Benign,0
2708,UDP,HTTPS,1904,23056,24,9216.79,8.86,1,24,1,0,0,0.933,0.078,16,55,0.012,0.006,Benign,0
4924,UDP,IRC,376,3558,10,798.93,2.03,1,9,1,0,0,0.554,0.299,30,14,0.02,0.052,Botnet_C2,1
4993,TCP,IRC,488,9489,22,1998.16,4.41,1,21,1,0,0,0.454,0.245,11,28,0.102,0.087,Botnet_C2,1
1056,TCP,SSH,796,105734,14,100871.13,13.26,1,14,1,0,0,0.825,0.07,38,43,0.019,0.017,Benign,0
142,TCP,HTTPS,2249,17558,41,139387.76,288.53,2,41,1,0,0,0.969,0.131,37,49,0.049,0.028,Benign,0
856,TCP,DNS,1696,9331,21,12880.5,24.53,1,21,1,0,0,0.905,0.063,21,30,0.026,0.012,Benign,0
1309,UDP,HTTP,9284,15470,11,18909.17,8.4,1,11,1,0,0,0.772,0.066,7,86,0.015,0.031,Benign,0
1131,UDP,SMTP,27,2930,10,2614.27,8.84,1,10,1,0,0,0.907,0.118,4,92,0.024,0.004,Benign,0
58,TCP,SSH,1563,31734,63,573098.11,1084.34,1,63,1,0,0,0.791,0.035,16,47,0.02,0.023,Benign,0
480,TCP,HTTP,1384,1545,26,6100.81,54.16,1,26,1,0,0,0.888,0.087,17,32,0.004,0.036,Benign,0
1357,TCP,HTTP,8238,14884,22,17037.8,16.21,1,22,2,0,0,0.938,0.132,32,98,0.011,0.025,Benign,0
837,TCP,DNS,3845,3934,3,9292.8,3.58,1,3,1,0,0,0.983,0.102,38,40,0.014,0.022,Benign,0
548,TCP,DNS,1302,23900,15,45980.66,27.37,1,15,1,0,0,0.988,0.026,19,95,0.029,0.02,Benign,0
1,TCP,OTHER,86,49,1,122727.27,909.09,1,0,0,1,0,0.181,0.772,219,10,0.526,0.57,PortScan,1
737,TCP,HTTPS,3308,65640,12,93539.55,16.28,1,12,1,0,0,0.898,0.114,40,50,0.018,0.027,Benign,0
111,UDP,DNS,2447,23,728,22232.22,6552.66,602,15,0,188,0,0.92,0.021,206,175,0.774,0.09,DoS_DDoS,1
11,UDP,HTTPS,469,8125,51,774234.23,4594.59,1,51,1,0,0,0.982,0.14,44,81,0.042,0.018,Benign,0
55,UDP,HTTPS,270,2893,24,57404.72,435.57,1,24,1,0,0,0.826,0.036,28,28,0.011,0.029,Benign,0
2419,TCP,DNS,3338,778,13,1701.46,5.37,1,13,1,0,0,0.79,0.111,14,63,0.02,0.015,Benign,0
51,UDP,HTTPS,11848,172,1130,235225.05,22113.5,854,66,0,131,0,0.939,0.016,217,195,0.758,0.08,DoS_DDoS,1
489,TCP,SSH,706,4067,25,9758.74,51.11,1,25,1,0,0,0.936,0.103,40,78,0.012,0.027,Benign,0
461,TCP,DNS,5831,41,2684,12734.76,5820.86,2091,53,0,455,0,0.999,0.042,247,182,0.737,0.042,DoS_DDoS,1
1777,TCP,HTTP,34073,9138,16,24315.46,9.0,2,16,1,0,0,0.932,0.114,2,79,0.009,0.028,Benign,0
1093,TCP,HTTP,5808,3225,10,8263.65,9.15,1,10,1,0,0,0.893,0.022,49,70,0.019,0.037,Benign,0
4053,UDP,HTTP,5296,1320,16,1632.33,3.95,1,16,1,0,0,0.784,0.017,41,62,0.02,0.004,Benign,0
34,TCP,OTHER,103,54,2,4604.11,58.65,2,0,0,1,0,0.148,0.725,231,12,0.613,0.598,PortScan,1
1051,TCP,HTTP,491,599,58,1037.01,55.18,1,58,1,0,0,0.813,0.006,48,79,0.012,0.001,Benign,0
6398,TCP,SSH,821,928,36,273.36,5.63,2,34,1,2,4,0.964,0.038,32,10,0.232,0.325,BruteForce,1
3918,TCP,FTP,439,830,30,323.88,7.66,3,27,1,3,14,0.817,0.07,20,30,0.019,0.268,BruteForce,1
1054,UDP,HTTP,2242,2445,14,4446.45,13.28,1,14,1,0,0,0.88,0.029,2,10,0.04,0.027,Benign,0
4740,TCP,HTTPS,325,1755,15,438.81,3.16,1,14,1,0,0,0.645,0.181,36,22,0.021,0.056,Botnet_C2,1
285,TCP,SSH,443,210,5,2290.42,17.54,1,5,1,0,0,0.841,0.011,43,75,0.034,0.028,Benign,0
1310,TCP,SSH,1284,1214,16,1906.72,12.21,4,12,1,3,7,0.877,0.019,28,17,0.23,0.252,BruteForce,1
267,UDP,HTTPS,2479,15341,14,66716.59,52.41,1,14,1,0,0,0.925,0.111,23,52,0.033,0.015,Benign,0
39,UDP,HTTP,5552,74,408,143887.47,10434.78,290,33,0,110,0,0.966,0.054,253,153,0.949,0.001,DoS_DDoS,1
44,TCP,HTTP,53,0,1,1201.81,22.68,1,0,0,0,0,0.033,0.768,208,1,0.874,0.711,PortScan,1
11446,TCP,FTP,1070,947,45,176.22,3.93,5,40,1,1,7,0.803,0.056,46,14,0.241,0.494,BruteForce,1
337,TCP,HTTPS,1225,41445,36,126579.65,106.79,1,36,1,0,0,0.815,0.088,31,86,0.01,0.003,Benign,0
174,TCP,HTTPS,922,1027,5,11194.72,28.72,2,5,2,0,0,0.773,0.032,2,18,0.014,0.018,Benign,0
2334,TCP,HTTPS,269,1121,33,595.52,14.14,1,33,1,0,0,0.918,0.048,5,35,0.036,0.034,Benign,0
127,TCP,DNS,1871,152,121,15916.6,952.01,110,3,0,28,0,0.873,0.052,229,190,0.795,0.161,DoS_DDoS,1
1749,TCP,SSH,717,11106,36,6759.48,20.58,2,36,1,0,0,0.963,0.023,14,72,0.035,0.004,Benign,0
2276,UDP,HTTPS,2407,982,21,1488.95,9.23,1,21,1,0,0,0.981,0.067,48,69,0.002,0.01,Benign,0
944,TCP,HTTPS,1196,746,25,2056.99,26.48,1,25,1,0,0,0.985,0.079,24,59,0.033,0.005,Benign,0
253,UDP,HTTP,36967,61,1478,146297.91,5839.59,1056,39,0,197,0,0.889,0.065,204,166,0.785,0.103,DoS_DDoS,1
311,UDP,HTTP,50299,8,1622,161706.85,5213.76,1477,131,0,473,0,0.896,0.051,230,153,0.895,0.191,DoS_DDoS,1
116,UDP,HTTPS,3258,14862,17,156072.35,146.43,1,17,1,0,0,0.775,0.118,22,25,0.001,0.029,Benign,0
66,TCP,HTTPS,772,6931,22,116535.55,332.83,1,22,1,0,0,0.79,0.134,44,94,0.001,0.025,Benign,0
225,ICMP,DNS,1037,3100,52,18378.5,231.01,1,52,1,0,0,0.877,0.122,47,52,0.047,0.021,Benign,0
6,ICMP,HTTP,17761,22,1659,2915245.9,271967.21,1426,110,0,508,0,0.975,0.012,209,254,0.759,0.101,DoS_DDoS,1
78,UDP,HTTPS,1283,1889,40,40614.6,512.16,1,40,1,0,0,0.76,0.124,49,96,0.026,0.038,Benign,0
1476,TCP,HTTP,251,3589,19,2601.45,12.87,1,19,1,0,0,0.84,0.148,23,72,0.044,0.025,Benign,0
107,TCP,HTTP,31212,231,1083,293585.43,10112.04,838,58,0,128,0,0.921,0.054,204,161,0.841,0.018,DoS_DDoS,1
596,TCP,DNS,139,543955,48,912756.25,80.52,2,48,1,0,0,0.941,0.086,45,79,0.01,0.004,Benign,0
65,UDP,HTTP,13742,28,304,211520.74,4669.74,219,20,0,113,0,0.854,0.02,218,193,0.84,0.177,DoS_DDoS,1
19,UDP,HTTP,92140,44,5373,4826387.43,281308.9,4656,204,0,1747,0,0.952,0.052,250,227,0.813,0.027,DoS_DDoS,1
545,TCP,HTTP,1666,10830,20,22924.23,36.69,1,20,1,0,0,0.976,0.119,28,30,0.022,0.003,Benign,0
5804,TCP,DNS,257,5250,13,948.81,2.24,1,12,1,0,0,0.655,0.468,6,8,0.045,0.027,Botnet_C2,1
2609,TCP,HTTP,1328,30155,16,12066.61,6.13,2,16,1,0,0,0.78,0.041,6,49,0.036,0.032,Benign,0
5288,TCP,HTTPS,303,2756,15,578.47,2.84,1,14,1,0,0,0.596,0.207,22,13,0.147,0.09,Botnet_C2,1
17,TCP,OTHER,48,30,2,4561.4,116.96,2,0,0,1,0,0.079,0.87,243,4,0.64,0.37,PortScan,1
849,TCP,SSH,959,483,23,1698.27,27.09,2,21,1,1,11,0.814,0.029,52,8,0.045,0.512,BruteForce,1
361,UDP,DNS,194,29830,20,83145.94,55.39,1,20,1,0,0,0.958,0.044,2,39,0.032,0.03,Benign,0
669,TCP,HTTPS,319,304,7,931.1,10.46,1,7,1,0,0,0.892,0.132,9,9,0.003,0.023,Benign,0
2202,TCP,HTTP,5650,837,25,2945.82,11.35,1,25,1,0,0,0.942,0.146,16,98,0.017,0.026,Benign,0
2295,TCP,HTTP,165,11654,54,5149.67,23.53,1,54,1,0,0,0.793,0.108,45,85,0.008,0.03,Benign,0
3304,TCP,FTP,730,495,18,370.75,5.45,4,14,1,1,5,0.988,0.057,75,10,0.224,0.228,BruteForce,1
134,TCP,HTTP,40089,34,904,299202.09,6741.24,729,28,0,286,0,0.884,0.055,210,249,0.7,0.002,DoS_DDoS,1
939,UDP,HTTPS,812,17267,76,19251.41,80.93,1,76,1,0,0,0.959,0.114,42,97,0.005,0.003,Benign,0
45,TCP,DNS,2680,9137,27,262017.74,598.67,1,27,1,0,0,0.763,0.063,3,40,0.032,0.002,Benign,0
727,TCP,DNS,2787,7248,12,13801.4,16.5,1,12,1,0,0,0.937,0.052,23,25,0.036,0.021,Benign,0
27,TCP,OTHER,92,0,3,3394.83,110.7,3,0,0,0,0,0.116,0.746,226,9,0.908,0.714,PortScan,1
935,TCP,HTTPS,1372,12609,57,14951.34,60.96,1,57,1,0,0,0.785,0.026,7,58,0.021,0.037,Benign,0
142,TCP,HTTP,46315,209,2811,327403.24,19781.84,2084,132,0,720,0,0.966,0.05,209,235,0.785,0.195,DoS_DDoS,1
13,TCP,HTTP,2670,1826,38,343206.11,2900.76,1,38,1,0,0,0.816,0.043,17,33,0.023,0.038,Benign,0
1853,UDP,DNS,3324,797,12,2223.84,6.48,1,12,1,0,0,0.893,0.064,35,79,0.047,0.002,Benign,0
4468,UDP,DNS,2221,4067,28,1407.31,6.27,1,28,1,0,0,0.971,0.054,25,33,0.011,0.04,Benign,0
61,TCP,DNS,33272,265,1225,548887.07,20049.1,928,52,0,243,0,0.862,0.003,195,218,0.921,0.092,DoS_DDoS,1
1736,ICMP,HTTP,599,10905,47,6626.35,27.07,1,47,1,0,0,0.982,0.028,14,78,0.027,0.001,Benign,0
1255,ICMP,HTTPS,3785,3118,8,5499.96,6.37,1,8,1,0,0,0.77,0.102,12,52,0.031,0.009,Benign,0
1431,UDP,HTTP,23788,1635,12,17764.66,8.39,2,12,1,0,0,0.778,0.059,36,89,0.045,0.029,Benign,0
2385,TCP,HTTP,4733,1419,28,2579.35,11.74,1,28,1,0,0,0.83,0.139,35,38,0.022,0.0,Benign,0
38,TCP,OTHER,83,0,2,2178.48,52.49,2,0,0,0,0,0.137,0.946,224,8,0.697,0.752,PortScan,1
1350,UDP,DNS,582,2240,36,2090.22,26.66,1,36,1,0,0,0.821,0.115,12,13,0.047,0.007,Benign,0
231,TCP,HTTPS,8999,3707,37,54980.53,160.1,2,37,2,0,0,0.761,0.046,36,87,0.048,0.003,Benign,0
2600,TCP,FTP,934,804,25,668.44,9.62,2,23,1,2,10,0.942,0.064,50,31,0.219,0.379,BruteForce,1
97,TCP,DNS,1588,1265,24,29382.08,247.17,1,24,1,0,0,0.762,0.077,46,71,0.019,0.02,Benign,0
2030,ICMP,HTTPS,1000,1785,16,1371.85,7.88,1,16,1,0,0,0.764,0.09,43,60,0.019,0.009,Benign,0
4276,TCP,IRC,559,5047,19,1311.01,4.44,1,18,1,0,0,0.738,0.404,48,9,0.014,0.059,Botnet_C2,1
18,TCP,HTTP,14383,28,937,796187.85,51767.96,672,37,0,124,0,0.948,0.066,204,154,0.72,0.081,DoS_DDoS,1
9892,TCP,FTP,1230,590,33,183.99,3.34,4,29,1,1,11,0.957,0.089,68,20,0.096,0.272,BruteForce,1
528,TCP,HTTPS,225,8114,44,15790.57,83.32,1,44,1,0,0,0.883,0.029,24,79,0.007,0.006,Benign,0
441,TCP,HTTP,4423,3568,9,18116.07,20.4,1,9,1,0,0,0.753,0.055,3,63,0.005,0.006,Benign,0
5646,TCP,HTTP,3112,108742,36,19810.84,6.38,2,36,1,0,0,0.821,0.06,36,77,0.0,0.034,Benign,0
40,TCP,DNS,314,3913,37,105411.47,922.69,1,37,1,1,0,0.953,0.109,49,85,0.026,0.011,Benign,0
472,TCP,HTTPS,8346,894,32,19572.12,67.78,1,32,1,0,0,0.965,0.061,10,51,0.028,0.034,Benign,0
190,TCP,DNS,490,21236,19,114287.22,99.95,1,19,1,0,0,0.918,0.148,41,77,0.036,0.004,Benign,0
3117,TCP,SSH,1139,280,52,455.23,16.68,3,49,1,2,4,0.915,0.083,71,38,0.192,0.324,BruteForce,1
856,UDP,DNS,9367,4704,29,16436.16,33.87,1,29,1,0,0,0.898,0.084,12,18,0.034,0.035,Benign,0
653,TCP,DNS,24090,2729,22,41064.16,33.69,1,22,1,0,0,0.896,0.021,1,7,0.018,0.02,Benign,0
640,TCP,HTTP,2386,2201,73,7166.07,114.04,1,73,1,0,0,0.936,0.025,21,73,0.036,0.03,Benign,0
1279,UDP,HTTPS,16648,72225,15,69480.88,11.73,1,15,1,0,0,0.932,0.098,29,99,0.028,0.021,Benign,0
10,TCP,OTHER,77,0,1,7623.76,99.01,1,0,0,0,0,0.076,0.889,203,1,0.613,0.557,PortScan,1
398,ICMP,HTTP,32514,42,2436,81778.45,6119.07,1877,27,0,423,0,0.947,0.07,190,236,0.758,0.128,DoS_DDoS,1
2132,UDP,SSH,768,9849,41,4979.6,19.23,1,41,1,0,0,0.926,0.041,7,64,0.004,0.03,Benign,0
1198,TCP,HTTPS,2142,11399,9,11302.06,7.51,2,9,2,0,0,0.809,0.047,29,82,0.014,0.012,Benign,0
138,UDP,HTTPS,2276,25,287,16661.84,2078.2,223,22,0,50,0,0.996,0.064,228,236,0.838,0.118,DoS_DDoS,1
195,TCP,DNS,7274,96,1597,37775.5,8185.55,1309,109,0,606,0,0.913,0.076,218,204,0.751,0.195,DoS_DDoS,1
5533,ICMP,HTTP,8051,17663,9,4647.3,1.63,1,9,1,0,0,0.906,0.052,8,34,0.013,0.025,Benign,0
4932,TCP,HTTP,40283,535,44,8275.99,8.92,1,44,1,0,0,0.85,0.081,43,88,0.018,0.003,Benign,0
563,TCP,HTTP,9124,837,8,17689.58,14.21,1,8,1,1,0,0.909,0.117,8,81,0.027,0.005,Benign,0
13619,TCP,FTP,240,1383,21,119.17,1.54,5,16,1,3,5,0.933,0.074,49,18,0.235,0.549,BruteForce,1
639,TCP,HTTPS,1300,15703,87,26604.6,136.13,1,87,1,0,0,0.83,0.106,46,75,0.019,0.032,Benign,0
5021,UDP,HTTP,7573,846,68,1676.72,13.54,1,68,1,0,0,0.958,0.093,17,65,0.02,0.002,Benign,0
6,TCP,HTTP,101,0,1,16557.38,163.93,1,0,0,0,0,0.128,0.928,208,1,0.624,0.493,PortScan,1
4842,TCP,IRC,194,3668,8,797.59,1.65,1,7,1,0,0,0.708,0.376,29,8,0.05,0.094,Botnet_C2,1
5149,TCP,IRC,393,25062,12,4943.58,2.33,1,11,1,0,0,0.407,0.355,18,18,0.083,0.053,Botnet_C2,1
539,TCP,HTTP,276,41571,18,77623.82,33.39,1,18,2,0,0,0.837,0.129,38,91,0.029,0.036,Benign,0
29,TCP,HTTP,75,0,2,2577.32,68.73,2,0,0,0,0,0.105,0.797,218,5,0.649,0.392,PortScan,1
3714,TCP,HTTPS,1483,933,12,650.49,3.23,1,12,1,0,0,0.836,0.131,38,53,0.013,0.013,Benign,0
565,UDP,HTTP,21468,59,360,38094.14,637.06,273,16,0,137,0,0.87,0.037,217,202,0.941,0.11,DoS_DDoS,1
6,TCP,SSH,67,0,1,10983.61,163.93,1,0,0,0,0,0.188,0.724,222,1,0.645,0.751,PortScan,1
35,TCP,FTP,91,0,3,2592.59,85.47,3,0,0,0,0,0.112,0.864,202,11,0.621,0.617,PortScan,1
1799,TCP,TELNET,777,1139,46,1064.98,25.57,4,42,1,2,8,0.984,0.076,66,16,0.182,0.241,BruteForce,1
4637,UDP,HTTPS,288,6561,12,1477.0,2.59,1,11,1,0,0,0.448,0.33,47,6,0.096,0.039,Botnet_C2,1
42,UDP,HTTPS,9347,38,492,222921.62,11686.46,386,30,0,60,0,0.874,0.078,214,221,0.742,0.11,DoS_DDoS,1
3131,TCP,TELNET,1203,391,46,509.09,14.69,5,41,1,1,4,0.925,0.073,38,25,0.077,0.466,BruteForce,1
4542,TCP,DNS,291,16820,16,3767.2,3.52,1,15,1,0,0,0.609,0.38,24,23,0.026,0.001,Botnet_C2,1
36,TCP,OTHER,51,0,3,1412.74,83.1,3,0,0,0,0,0.092,0.864,226,2,0.614,0.709,PortScan,1
1319,TCP,HTTP,1992,8054,24,7615.8,18.19,1,24,1,0,0,0.8,0.113,41,73,0.022,0.029,Benign,0
37,TCP,OTHER,65,0,1,1752.02,26.95,1,0,0,0,0,0.163,0.986,205,3,0.825,0.684,PortScan,1
2922,TCP,SSH,1334,654,23,680.33,7.87,5,18,1,2,4,0.972,0.081,42,16,0.233,0.451,BruteForce,1
447,UDP,HTTPS,888,31645,39,72764.48,87.23,1,39,1,0,0,0.927,0.075,34,69,0.006,0.027,Benign,0
6474,TCP,SSH,1997,1169,43,489.03,6.64,2,41,1,1,9,0.97,0.024,66,28,0.085,0.498,BruteForce,1
849,TCP,HTTPS,9066,11,330,10690.14,388.65,311,22,0,77,0,0.999,0.022,204,229,0.758,0.056,DoS_DDoS,1
1198,TCP,HTTPS,4094,4875,14,7486.02,11.69,1,14,1,1,0,0.93,0.14,22,86,0.015,0.035,Benign,0
196,TCP,HTTP,866,829,28,8643.55,142.78,2,28,1,0,0,0.924,0.069,35,64,0.032,0.028,Benign,0
207,UDP,HTTPS,3419,1093,10,21786.58,48.29,1,10,1,0,0,0.751,0.138,28,81,0.041,0.013,Benign,0
379,TCP,DNS,3750,2055,7,15312.58,18.46,1,7,1,0,0,0.759,0.037,47,64,0.027,0.006,Benign,0
1835,TCP,HTTP,10484,765,49,6129.91,26.7,1,49,1,0,0,0.789,0.133,24,37,0.009,0.031,Benign,0
97,TCP,HTTPS,11461,169,591,119773.43,6086.51,541,37,0,200,0,0.856,0.022,203,200,0.723,0.075,DoS_DDoS,1
175,TCP,DNS,7907,123,1130,45859.51,6453.46,829,78,0,376,0,0.998,0.06,244,198,0.955,0.175,DoS_DDoS,1
1502,TCP,DNS,5036,7947,20,8643.23,13.31,1,20,1,0,0,0.911,0.04,6,17,0.015,0.01,Benign,0
2782,TCP,SSH,561,754,50,472.66,17.97,5,45,1,3,13,0.837,0.013,53,28,0.194,0.329,BruteForce,1
150,TCP,HTTPS,1328,9176,13,69980.01,86.61,1,13,1,0,0,1.0,0.054,11,45,0.021,0.005,Benign,0
2782,UDP,DNS,5271,1165,40,2313.36,14.38,1,40,1,0,0,0.849,0.005,30,47,0.03,0.01,Benign,0
298,UDP,HTTPS,1081,1358,31,8181.82,103.99,1,31,1,0,0,0.81,0.039,15,84,0.012,0.003,Benign,0
486,TCP,HTTPS,238,8352,25,17671.26,51.43,1,25,2,0,0,0.765,0.091,44,63,0.025,0.002,Benign,0
1381,TCP,HTTP,1176,1572,10,1989.72,7.24,1,10,1,0,0,0.936,0.052,17,85,0.021,0.029,Benign,0
2550,TCP,HTTP,1744,835,64,1011.33,25.1,1,64,1,0,0,0.975,0.077,24,53,0.02,0.027,Benign,0
26,UDP,HTTPS,1213,1063,21,87203.07,804.6,2,21,1,0,0,0.948,0.121,2,42,0.025,0.039,Benign,0
912,UDP,HTTPS,568,95,12,726.89,13.16,1,12,1,0,0,0.811,0.02,35,85,0.044,0.027,Benign,0
41,TCP,HTTP,10448,8,300,254403.89,7299.27,269,22,0,62,0,0.999,0.078,203,221,0.876,0.082,DoS_DDoS,1
1784,TCP,DNS,1746,156,18,1066.08,10.09,1,18,1,0,0,0.833,0.082,21,27,0.013,0.005,Benign,0
1297,TCP,SSH,2731,463,26,2462.42,20.04,2,26,1,1,0,0.913,0.116,8,78,0.038,0.023,Benign,0
552,UDP,HTTPS,2207,84782,23,157560.22,41.66,1,23,1,0,0,0.869,0.09,26,89,0.013,0.023,Benign,0
44,TCP,OTHER,118,20,3,3129.25,68.03,3,0,0,1,0,0.104,0.995,208,9,0.934,0.518,PortScan,1
1463,TCP,SSH,4803,93502,47,67189.53,32.12,1,47,1,0,0,0.924,0.085,19,82,0.037,0.014,Benign,0
399,TCP,HTTPS,6244,208,31,16166.37,77.67,1,31,1,0,0,0.758,0.116,17,36,0.01,0.009,Benign,0
299,ICMP,HTTPS,4908,35544,28,135245.74,93.61,1,28,2,0,0,0.768,0.013,25,57,0.0,0.004,Benign,0
39,TCP,SSH,92,0,1,2352.94,25.58,1,0,0,0,0,0.01,0.932,219,3,0.596,0.521,PortScan,1
648,TCP,HTTPS,289,32659,14,50837.83,21.6,1,14,1,0,0,0.89,0.084,24,57,0.03,0.024,Benign,0
232,TCP,DNS,8476,19,230,36600.6,990.95,178,17,0,41,0,0.97,0.007,235,167,0.822,0.184,DoS_DDoS,1
1896,TCP,HTTP,795,6873,16,4044.09,8.44,1,16,1,0,0,0.779,0.108,43,71,0.006,0.037,Benign,0
5,UDP,DNS,4685,71,1659,932549.02,325294.12,1162,77,0,547,0,0.877,0.054,206,174,0.871,0.007,DoS_DDoS,1
2379,UDP,HTTPS,477,47026,20,19966.79,8.41,1,20,1,0,0,0.81,0.052,19,33,0.028,0.03,Benign,0
1286,TCP,HTTP,6165,1474,11,5939.66,8.55,1,11,2,0,0,0.897,0.103,28,99,0.035,0.013,Benign,0
2858,TCP,DNS,1690,6606,14,2902.63,4.9,1,14,1,0,0,0.808,0.073,31,93,0.021,0.003,Benign,0
717,TCP,HTTPS,2912,76443,24,110661.0,33.47,1,24,1,0,0,0.766,0.088,43,75,0.027,0.018,Benign,0
846,TCP,HTTPS,2927,17559,15,24212.27,17.73,2,15,1,0,0,0.837,0.133,26,38,0.043,0.014,Benign,0
41,TCP,HTTPS,1739,5131,16,167153.28,389.29,1,16,1,0,0,0.971,0.03,7,92,0.012,0.019,Benign,0
4956,TCP,IRC,802,8913,17,1960.21,3.43,1,16,1,0,0,0.548,0.21,36,15,0.105,0.06,Botnet_C2,1
64,UDP,HTTP,3116,33610,19,572948.52,296.41,1,19,1,0,0,0.938,0.108,16,29,0.017,0.033,Benign,0
1567,TCP,SSH,388,434,17,524.54,10.85,2,15,1,2,6,0.975,0.095,13,32,0.16,0.296,BruteForce,1
611,TCP,HTTPS,1086,7227,80,13603.34,130.91,2,80,1,0,0,0.972,0.136,48,49,0.006,0.021,Benign,0
3195,TCP,HTTPS,2735,1373,20,1285.72,6.26,1,20,1,0,0,0.791,0.046,46,51,0.015,0.036,Benign,0
1451,TCP,HTTPS,920,1679,46,1791.06,31.7,1,46,1,0,0,0.991,0.038,47,78,0.046,0.01,Benign,0
1526,TCP,HTTP,1813,13906,20,10300.11,13.11,1,20,1,0,0,0.922,0.13,49,60,0.027,0.017,Benign,0
1664,TCP,HTTPS,1363,2700,6,2441.56,3.61,1,6,1,0,0,0.92,0.081,43,91,0.033,0.035,Benign,0
4,TCP,OTHER,80,0,2,19512.2,487.8,2,0,0,0,0,0.089,0.822,224,3,0.845,0.71,PortScan,1
28,TCP,DNS,1403,74455,11,2699572.95,391.46,2,11,1,0,0,0.963,0.02,27,81,0.013,0.03,Benign,0
2840,TCP,TELNET,734,407,15,401.75,5.28,3,12,1,1,4,0.866,0.08,29,27,0.139,0.515,BruteForce,1
6105,TCP,HTTPS,397,3481,21,635.21,3.44,1,20,1,0,0,0.533,0.427,37,6,0.115,0.087,Botnet_C2,1
38,UDP,SSH,3901,1254,41,135301.84,1076.12,1,41,2,0,0,0.769,0.131,21,35,0.038,0.009,Benign,0
248,UDP,HTTP,5769,18,3245,23325.27,13079.4,2572,191,0,565,0,0.969,0.079,244,206,0.796,0.07,DoS_DDoS,1
1471,TCP,HTTPS,2964,428,63,2305.76,42.83,1,63,1,0,0,0.901,0.001,10,36,0.012,0.015,Benign,0
139,TCP,DNS,11383,9164,8,147713.87,57.51,1,8,1,0,0,0.778,0.087,17,82,0.038,0.03,Benign,0
326,ICMP,HTTP,4607,7588,12,37396.5,36.8,1,12,1,0,0,0.877,0.061,33,58,0.001,0.023,Benign,0
4035,TCP,DNS,627,5568,24,1535.28,5.95,1,23,1,0,0,0.65,0.151,25,12,0.1,0.068,Botnet_C2,1
324,TCP,HTTP,794,23339,13,74461.59,40.11,1,13,1,0,0,0.807,0.038,1,3,0.019,0.003,Benign,0
243,TCP,DNS,5136,10337,24,63648.7,98.72,1,24,1,0,0,0.893,0.005,8,96,0.034,0.027,Benign,0
9,TCP,HTTPS,7871,48,1757,870219.78,193076.92,1308,42,0,622,0,0.866,0.074,214,242,0.775,0.066,DoS_DDoS,1
19,UDP,HTTPS,2264,27,630,119947.64,32984.29,486,10,0,112,0,0.875,0.061,194,202,0.83,0.165,DoS_DDoS,1
373,TCP,HTTPS,995,1185,8,5842.94,21.44,1,8,2,0,0,0.779,0.07,3,24,0.011,0.011,Benign,0
382,TCP,DNS,2109,10773,13,33713.69,34.02,1,13,2,0,0,0.891,0.011,16,33,0.034,0.026,Benign,0
20,TCP,FTP,117,0,3,5820.9,149.25,3,0,0,0,0,0.145,0.856,254,10,0.628,0.684,PortScan,1
1138,TCP,TELNET,2249,606,23,2508.57,20.21,3,20,1,3,4,0.964,0.004,49,31,0.082,0.492,BruteForce,1
187,TCP,HTTPS,1560,4520,18,32495.99,96.21,1,18,1,0,0,0.849,0.133,8,84,0.033,0.04,Benign,0
6780,TCP,FTP,1168,1759,53,431.7,7.82,2,51,1,1,8,0.802,0.066,46,17,0.174,0.384,BruteForce,1
786,UDP,HTTPS,464,4572,9,6406.31,11.45,2,9,1,0,0,0.913,0.141,35,98,0.008,0.005,Benign,0
130,TCP,HTTPS,6618,1455,12,62052.27,92.24,1,12,1,0,0,0.788,0.1,19,43,0.033,0.01,Benign,0
179,TCP,DNS,8359,2958,7,63188.16,39.08,2,7,1,0,0,0.93,0.101,45,98,0.002,0.004,Benign,0
679,TCP,HTTP,37381,142,7009,55254.01,10321.01,6648,417,0,1161,0,0.995,0.043,240,209,0.872,0.014,DoS_DDoS,1
228,TCP,HTTPS,25621,2279,19,122314.77,83.3,2,19,1,0,0,0.837,0.071,29,89,0.005,0.023,Benign,0
220,UDP,HTTPS,552,5943,13,29509.31,59.06,1,13,1,0,0,0.903,0.131,40,83,0.045,0.001,Benign,0
605,UDP,HTTPS,1753,91142,10,153520.08,16.53,1,10,1,0,0,0.854,0.051,29,30,0.011,0.004,Benign,0
4814,TCP,SSH,1210,604,21,376.81,4.36,1,21,1,0,0,0.862,0.096,27,62,0.013,0.034,Benign,0
1627,TCP,HTTPS,749,15886,9,10223.71,5.53,2,9,1,0,0,0.972,0.149,42,47,0.026,0.028,Benign,0
3354,TCP,SSH,8144,9294,46,5199.01,13.71,1,46,1,0,0,0.86,0.059,22,77,0.047,0.018,Benign,0
192,UDP,HTTPS,1948,8178,259,52712.13,1348.26,1,259,1,0,0,0.893,0.086,46,86,0.014,0.026,Benign,0
216,TCP,DNS,2352,3945,17,29139.29,78.67,1,17,1,0,0,0.8,0.119,41,85,0.006,0.027,Benign,0
3287,TCP,HTTPS,89,2557,9,804.96,2.74,1,9,1,0,0,0.891,0.09,6,32,0.025,0.012,Benign,0
1055,TCP,HTTP,841,23496,61,23066.06,57.81,2,61,1,0,0,0.998,0.04,22,29,0.021,0.03,Benign,0
89,TCP,HTTPS,1459,1309,22,31066.22,246.91,1,22,1,0,0,0.822,0.061,42,75,0.007,0.001,Benign,0
854,TCP,HTTP,2333,122362,42,145995.79,49.17,1,42,1,0,0,0.773,0.136,10,16,0.047,0.004,Benign,0
3117,ICMP,SMTP,280,1826,49,675.63,15.72,1,49,1,0,0,0.936,0.012,27,73,0.045,0.005,Benign,0
660,TCP,SMTP,633,10718,50,17195.88,75.75,2,50,1,0,0,0.913,0.118,47,54,0.013,0.008,Benign,0
998,TCP,HTTPS,1632,5617,22,7262.8,22.04,1,22,1,0,0,0.886,0.104,43,88,0.037,0.038,Benign,0
98,TCP,HTTPS,6045,2231,11,84362.9,112.13,1,11,1,0,0,0.944,0.011,21,76,0.003,0.025,Benign,0
5680,TCP,HTTPS,313,3299,15,635.9,2.64,1,14,1,0,0,0.826,0.357,35,17,0.137,0.064,Botnet_C2,1
2000,TCP,HTTPS,5257,25819,33,15537.22,16.5,1,33,1,0,0,0.891,0.094,42,46,0.015,0.034,Benign,0
1086,TCP,HTTPS,1401,3546,29,4554.83,26.7,2,29,1,0,0,0.93,0.07,41,43,0.032,0.029,Benign,0
155,UDP,HTTP,7388,49,1079,47949.71,6956.8,872,21,0,309,0,0.891,0.034,181,181,0.727,0.178,DoS_DDoS,1
1950,TCP,HTTPS,536,27698,11,14478.23,5.64,1,11,2,0,0,0.889,0.02,45,48,0.002,0.008,Benign,0
700,UDP,HTTPS,19262,120,236,27684.62,337.09,222,7,0,30,0,0.945,0.029,189,203,0.715,0.151,DoS_DDoS,1
17,TCP,OTHER,103,0,2,6023.39,116.96,2,0,0,0,0,0.073,0.948,202,8,0.625,0.659,PortScan,1
246,TCP,HTTP,17964,1396,18,78667.21,73.14,1,18,1,0,0,0.954,0.126,22,55,0.043,0.021,Benign,0
62,TCP,HTTP,12045,95,358,195491.14,5764.9,304,23,0,64,0,0.865,0.043,225,173,0.989,0.135,DoS_DDoS,1
4624,TCP,OTHER,386,28479,14,6242.3,3.03,1,13,1,0,0,0.775,0.313,31,3,0.055,0.077,Botnet_C2,1
3527,TCP,HTTPS,2569,5273,51,2223.36,14.46,1,51,1,0,0,0.925,0.099,36,70,0.02,0.026,Benign,0
798,TCP,HTTP,248,4987,52,6559.33,65.15,1,52,1,0,0,0.928,0.042,18,45,0.026,0.014,Benign,0
3840,TCP,HTTPS,2162,547,34,705.45,8.85,1,34,2,0,0,0.991,0.128,24,44,0.028,0.005,Benign,0
4658,TCP,HTTPS,1531,11620,33,2823.25,7.08,1,33,2,0,0,0.968,0.096,40,40,0.042,0.02,Benign,0
347,TCP,HTTPS,2496,1051,9,10218.96,25.93,1,9,1,0,0,0.898,0.074,32,43,0.028,0.027,Benign,0
465,TCP,HTTP,2557,300,29,6142.76,62.35,1,29,1,0,0,0.908,0.049,18,79,0.003,0.009,Benign,0
87,TCP,HTTP,5898,13,283,67864.52,3249.14,222,2,0,93,0,0.874,0.056,211,159,0.905,0.194,DoS_DDoS,1
481,TCP,HTTP,27103,99,469,56541.26,974.85,336,5,0,77,0,0.895,0.08,203,161,0.909,0.181,DoS_DDoS,1
997,TCP,HTTPS,797,1367,15,2170.29,15.04,1,15,1,0,0,0.893,0.116,18,53,0.044,0.013,Benign,0
11,TCP,SSH,102,0,2,9189.19,180.18,2,0,0,0,0,0.145,0.946,237,5,0.648,0.686,PortScan,1
153,UDP,HTTPS,1029,4907,16,38772.04,104.51,1,16,1,0,0,0.891,0.019,41,42,0.036,0.009,Benign,0
1138,TCP,HTTPS,8322,2057,36,9119.59,31.63,1,36,1,0,0,0.81,0.145,41,80,0.014,0.011,Benign,0
255,UDP,HTTP,253,1082,8,5233.24,31.36,1,8,1,0,0,0.952,0.082,2,94,0.03,0.03,Benign,0
1946,TCP,HTTP,6929,5108,30,6185.19,15.42,1,30,1,0,0,0.988,0.08,14,37,0.048,0.022,Benign,0
864,TCP,HTTP,9374,802,26,11776.41,30.09,1,26,1,0,0,0.865,0.115,9,67,0.018,0.029,Benign,0
394,TCP,HTTPS,918,6538,27,18919.06,68.51,1,27,1,0,0,0.896,0.131,2,16,0.006,0.022,Benign,0
4977,TCP,DNS,841,3479,19,867.98,3.82,1,18,1,0,0,0.665,0.496,10,12,0.037,0.071,Botnet_C2,1
112,TCP,DNS,3012,251,1796,29107.94,16021.41,1461,34,0,669,0,0.961,0.045,218,177,0.85,0.165,DoS_DDoS,1
1858,TCP,SSH,3091,920,8,2158.66,4.31,1,8,1,0,0,0.847,0.093,17,92,0.048,0.014,Benign,0
239,UDP,DNS,4427,10256,14,61409.45,58.55,1,14,1,0,0,0.769,0.128,14,77,0.034,0.018,Benign,0
2214,UDP,HTTPS,4056,2594,15,3003.48,6.77,1,15,2,0,0,0.807,0.086,40,82,0.049,0.023,Benign,0
21,TCP,OTHER,97,0,2,4597.16,94.79,2,0,0,0,0,0.036,0.83,241,14,0.551,0.382,PortScan,1
1183,UDP,HTTPS,498,28854,25,24809.4,21.13,2,25,1,0,0,0.755,0.037,44,47,0.022,0.036,Benign,0
27,TCP,OTHER,93,0,1,3431.73,36.9,1,0,0,0,0,0.167,0.975,217,12,0.599,0.674,PortScan,1
1334,UDP,HTTPS,3782,57809,19,46166.7,14.24,1,19,1,0,0,0.928,0.048,10,59,0.035,0.017,Benign,0
68,UDP,HTTP,11018,118,298,163524.23,4375.92,263,5,0,104,0,0.997,0.061,253,160,0.901,0.039,DoS_DDoS,1
4791,TCP,DNS,528,5475,14,1252.95,2.92,1,13,1,0,0,0.784,0.209,39,23,0.113,0.037,Botnet_C2,1
1049,TCP,DNS,7494,24275,22,30282.15,20.97,1,22,2,0,0,0.831,0.068,47,54,0.027,0.037,Benign,0
303,TCP,HTTP,1594,2380,14,13111.18,46.19,1,14,1,0,0,0.913,0.083,38,89,0.006,0.034,Benign,0
538,UDP,HTTPS,936,866,8,3348.82,14.87,1,8,1,0,0,0.835,0.022,39,42,0.046,0.005,Benign,0
5275,TCP,HTTPS,468,1196,13,315.44,2.46,1,12,1,0,0,0.814,0.171,30,6,0.054,0.087,Botnet_C2,1
3087,TCP,DNS,3847,3856,12,2495.22,3.89,1,12,2,0,0,0.782,0.071,5,13,0.011,0.013,Benign,0
1673,UDP,HTTPS,567,26924,29,16431.18,17.33,1,29,1,0,0,0.819,0.106,18,26,0.047,0.021,Benign,0
2849,TCP,SMTP,4974,404,17,1887.61,5.97,2,17,1,0,0,0.801,0.092,32,35,0.027,0.027,Benign,0
1717,TCP,HTTPS,465,1516,42,1153.69,24.46,1,42,1,0,0,0.836,0.064,25,75,0.017,0.022,Benign,0
94,UDP,HTTP,17026,264,196,183740.7,2082.89,178,13,0,46,0,0.946,0.026,224,163,0.796,0.089,DoS_DDoS,1
23,TCP,SSH,41,0,1,1774.89,43.29,1,0,0,0,0,0.133,0.836,223,14,0.551,0.412,PortScan,1
36,TCP,FTP,110,0,3,3047.09,83.1,3,0,0,0,0,0.178,0.768,249,1,0.536,0.572,PortScan,1
28,TCP,HTTPS,2464,20,268,88398.58,9537.37,218,25,0,52,0,0.892,0.014,187,185,0.741,0.171,DoS_DDoS,1
926,TCP,HTTP,3224,14561,15,19204.19,16.2,1,15,1,0,0,0.928,0.004,25,92,0.046,0.012,Benign,0
585,UDP,HTTPS,2200,8058,11,17532.05,18.8,1,11,2,0,0,0.773,0.106,36,62,0.014,0.012,Benign,0
109,TCP,HTTP,33308,65,130,305893.68,1191.57,94,10,0,43,0,0.95,0.043,206,228,0.927,0.123,DoS_DDoS,1
849,UDP,HTTPS,246,25604,31,30444.0,36.51,1,31,1,0,0,0.936,0.116,41,74,0.024,0.02,Benign,0
5569,TCP,DNS,411,5962,22,1144.35,3.95,1,21,1,0,0,0.791,0.214,9,25,0.029,0.046,Botnet_C2,1
645,UDP,DNS,7280,8606,17,24625.64,26.35,1,17,1,0,0,0.819,0.072,48,90,0.038,0.002,Benign,0
366,TCP,HTTP,1224,281,25,4110.9,68.29,2,25,1,0,0,0.816,0.136,43,76,0.049,0.006,Benign,0
5309,TCP,HTTPS,264,1541,15,339.98,2.83,1,14,1,0,0,0.843,0.443,6,3,0.143,0.051,Botnet_C2,1
8,TCP,FTP,85,0,1,10493.83,123.46,1,0,0,0,0,0.023,0.89,206,4,0.712,0.682,PortScan,1
2368,TCP,HTTPS,614,5970,17,2780.29,7.18,1,17,1,0,0,0.986,0.038,35,66,0.018,0.03,Benign,0
391,TCP,HTTPS,547,3830,53,11191.51,135.52,1,53,1,0,0,0.986,0.106,40,69,0.021,0.037,Benign,0
272,TCP,HTTPS,707,1056,53,6479.24,194.78,1,53,1,0,0,0.801,0.07,2,37,0.026,0.017,Benign,0
996,TCP,HTTPS,7460,347,13,7837.57,13.05,1,13,1,0,0,0.779,0.098,35,59,0.025,0.021,Benign,0
190,TCP,HTTP,21513,17,4292,113256.18,22577.59,3364,426,0,1416,0,0.881,0.023,205,150,0.793,0.157,DoS_DDoS,1
2751,TCP,HTTPS,1614,10774,45,4502.93,16.36,1,45,1,0,0,0.872,0.143,23,97,0.013,0.025,Benign,0
2120,TCP,HTTPS,8536,989,12,4492.71,5.66,1,12,1,0,0,0.843,0.052,8,71,0.037,0.014,Benign,0
1173,TCP,HTTPS,1641,2912,20,3881.17,17.05,1,20,1,0,0,0.82,0.033,39,45,0.015,0.024,Benign,0
509,UDP,HTTP,1041,1177,21,4356.71,41.25,1,21,2,0,0,0.816,0.042,2,77,0.002,0.037,Benign,0
5796,TCP,FTP,1666,2146,39,657.68,6.73,4,35,1,2,13,0.805,0.002,37,25,0.231,0.507,BruteForce,1
493,TCP,HTTPS,9079,2227,22,22928.41,44.62,1,22,1,0,0,0.795,0.011,22,95,0.002,0.014,Benign,0
18,TCP,OTHER,58,0,2,3204.42,110.5,2,0,0,0,0,0.075,0.817,203,14,0.864,0.639,PortScan,1
649,UDP,DNS,265,9074,15,14387.61,23.11,1,15,1,0,0,0.889,0.118,18,99,0.005,0.006,Benign,0
280,UDP,HTTP,7133,138,946,25958.59,3377.37,686,88,0,144,0,0.921,0.037,223,238,0.792,0.146,DoS_DDoS,1
6571,TCP,HTTPS,3239,1578,44,733.06,6.7,1,44,1,0,0,0.797,0.099,13,47,0.019,0.012,Benign,0
5,UDP,HTTPS,14591,37,1032,2868235.29,202352.94,884,101,0,328,0,0.864,0.014,182,236,0.738,0.133,DoS_DDoS,1
180,TCP,HTTPS,7527,1106,7,47934.48,38.87,1,7,1,0,0,0.866,0.125,27,69,0.035,0.024,Benign,0
491,TCP,DNS,1263,3175,16,9036.86,32.58,2,16,1,0,0,0.981,0.109,45,45,0.038,0.021,Benign,0
1168,UDP,HTTP,859,48982,46,42668.44,39.38,1,46,1,0,0,0.971,0.051,44,68,0.036,0.019,Benign,0
49,UDP,HTTPS,955,41,534,20285.13,10875.76,416,47,0,109,0,0.949,0.009,205,215,0.864,0.18,DoS_DDoS,1
25,TCP,FTP,75,0,3,2988.05,119.52,3,0,0,0,0,0.188,0.95,234,9,0.617,0.349,PortScan,1
24,TCP,SSH,56,22,3,3236.51,124.48,3,0,0,1,0,0.074,0.778,201,13,0.613,0.566,PortScan,1
184,TCP,HTTPS,25385,60,270,138212.93,1466.59,245,17,0,59,0,0.911,0.068,181,215,0.807,0.006,DoS_DDoS,1
67,TCP,HTTP,34853,28,1100,519836.07,16393.44,805,54,0,353,0,0.941,0.052,242,251,0.986,0.031,DoS_DDoS,1
148,UDP,HTTP,62894,25,5146,424841.32,34746.79,4179,299,0,919,0,0.853,0.052,245,212,0.843,0.175,DoS_DDoS,1
1041,UDP,HTTPS,4483,12316,10,16135.82,9.61,1,10,1,0,0,0.892,0.047,48,82,0.001,0.001,Benign,0
807,TCP,HTTP,863,16170,17,21103.95,21.06,1,17,1,0,0,0.914,0.029,17,38,0.021,0.006,Benign,0
4366,TCP,SSH,520,2058,41,590.46,9.39,4,37,1,3,9,0.886,0.061,75,30,0.069,0.223,BruteForce,1
728,TCP,HTTP,10541,293,4,14879.82,5.49,2,4,1,0,0,0.929,0.006,10,30,0.01,0.032,Benign,0
536,TCP,HTTPS,1542,144535,147,272480.88,274.2,2,147,1,0,0,0.831,0.086,33,45,0.001,0.023,Benign,0
3867,TCP,HTTPS,92,10421,69,2718.57,17.84,1,69,1,0,0,0.916,0.107,9,65,0.019,0.003,Benign,0
248,TCP,HTTPS,23397,53,273,94518.34,1100.36,227,0,0,86,0,0.905,0.033,183,152,0.731,0.174,DoS_DDoS,1
21,TCP,OTHER,60,0,2,2843.6,94.79,2,0,0,0,0,0.135,0.972,246,12,0.842,0.634,PortScan,1
626,UDP,HTTPS,914,4201,28,8169.62,44.72,1,28,1,0,0,0.86,0.088,29,70,0.002,0.028,Benign,0
2702,UDP,HTTP,1610,15302,23,6258.84,8.51,1,23,2,1,0,0.913,0.112,41,90,0.043,0.036,Benign,0
318,TCP,HTTPS,752,4081,45,15193.34,141.46,2,45,1,1,0,0.861,0.007,8,94,0.036,0.003,Benign,0
3130,TCP,HTTP,2421,1009,86,1095.81,27.48,2,86,1,0,0,0.783,0.101,4,28,0.039,0.03,Benign,0
4201,TCP,HTTPS,710,6822,42,1792.86,10.0,2,42,1,0,0,0.761,0.049,16,97,0.027,0.023,Benign,0
292,TCP,DNS,9765,32,1242,33539.88,4251.97,891,112,0,147,0,0.945,0.002,241,158,0.895,0.037,DoS_DDoS,1
93,TCP,HTTPS,1681,3565,45,56348.01,483.35,1,45,2,0,0,0.798,0.078,12,79,0.016,0.0,Benign,0
2286,TCP,SSH,1299,1281,20,1128.56,8.75,1,20,1,0,0,0.898,0.041,35,99,0.019,0.039,Benign,0
2221,TCP,HTTP,2425,8629,12,4976.81,5.4,1,12,1,0,0,0.817,0.011,3,66,0.001,0.022,Benign,0
157,TCP,DNS,717,9309,11,63819.22,70.02,1,11,1,0,0,0.842,0.133,23,62,0.001,0.034,Benign,0
87,UDP,HTTP,1888,72,4126,22502.87,47370.84,3625,380,0,1479,0,0.998,0.048,203,222,0.772,0.049,DoS_DDoS,1
947,TCP,HTTPS,1252,54782,68,59163.76,71.8,1,68,1,0,0,0.869,0.148,26,97,0.027,0.012,Benign,0
309,TCP,HTTPS,3250,7100,24,33484.31,77.64,1,24,1,0,0,0.751,0.102,35,84,0.043,0.006,Benign,0
501,UDP,HTTPS,11364,3683,26,30027.94,51.89,1,26,1,0,0,0.892,0.098,33,64,0.028,0.034,Benign,0
1,TCP,HTTP,94,0,1,85454.55,909.09,1,0,0,0,0,0.154,0.944,207,11,0.528,0.62,PortScan,1
70,TCP,HTTPS,1185,9313,10,149757.49,142.65,1,10,1,0,0,0.761,0.132,27,74,0.003,0.032,Benign,0
891,UDP,HTTPS,1765,65834,25,75860.17,28.06,1,25,1,0,0,0.769,0.094,12,79,0.048,0.033,Benign,0
512,TCP,HTTP,17070,255,2230,33831.28,4354.62,2036,75,0,596,0,0.936,0.077,194,247,0.873,0.169,DoS_DDoS,1
841,TCP,HTTPS,297,129100,20,153842.59,23.78,1,20,1,0,0,0.844,0.043,26,26,0.006,0.017,Benign,0
2623,TCP,DNS,3920,241,18,1586.29,6.86,1,18,2,0,0,0.949,0.084,2,4,0.026,0.035,Benign,0
1998,TCP,HTTPS,2848,13266,11,8064.66,5.51,1,11,1,0,0,0.875,0.054,47,96,0.031,0.039,Benign,0
262,TCP,SSH,850,2922,15,14391.45,57.23,1,15,1,0,0,0.854,0.069,48,56,0.031,0.009,Benign,0
627,TCP,DNS,3462,11028,39,23106.36,62.19,2,39,1,0,0,0.858,0.118,15,44,0.038,0.031,Benign,0
4462,TCP,DNS,267,11480,11,2632.62,2.47,1,10,1,0,0,0.431,0.204,39,11,0.065,0.009,Botnet_C2,1
2320,ICMP,HTTPS,1140,10734,138,5117.88,59.48,1,138,2,0,0,0.985,0.005,41,50,0.011,0.008,Benign,0
3062,TCP,HTTPS,565,5375,11,1939.85,3.59,1,11,2,0,0,0.903,0.072,22,26,0.015,0.014,Benign,0
8,TCP,OTHER,98,0,1,12098.77,123.46,1,0,0,0,0,0.102,0.752,244,5,0.591,0.72,PortScan,1
125,TCP,HTTPS,2772,5346,18,64892.09,143.88,1,18,1,0,0,0.871,0.07,16,22,0.048,0.024,Benign,0
1570,TCP,DNS,745,12199,19,8244.06,12.1,1,19,1,0,0,0.781,0.144,23,55,0.023,0.016,Benign,0
45,UDP,HTTP,36335,65,1192,807095.34,26430.16,1005,75,0,195,0,0.939,0.04,239,205,0.724,0.029,DoS_DDoS,1
1250,TCP,SSH,275,1085,55,1087.91,44.0,4,51,1,3,12,0.896,0.059,60,14,0.063,0.309,BruteForce,1
1234,UDP,HTTP,1750,670,19,1960.94,15.4,1,19,1,0,0,0.925,0.029,25,82,0.012,0.005,Benign,0
123,TCP,HTTP,1679,5528,27,58545.9,219.33,2,27,1,1,0,0.786,0.006,10,13,0.048,0.032,Benign,0
728,UDP,HTTPS,3796,999,29,6585.63,39.83,2,29,1,0,0,0.883,0.054,13,66,0.036,0.006,Benign,0
1050,TCP,HTTPS,5229,24667,24,28469.67,22.85,1,24,1,0,0,0.881,0.108,3,86,0.028,0.005,Benign,0
39,UDP,DNS,730,4733,15,139718.67,383.63,1,15,1,0,0,0.897,0.01,37,48,0.02,0.035,Benign,0
2059,TCP,SSH,1707,455,24,1049.97,11.66,2,22,1,2,4,0.898,0.075,64,33,0.163,0.422,BruteForce,1
1905,UDP,HTTPS,503,1697,65,1154.8,34.12,2,65,1,0,0,0.766,0.1,47,94,0.037,0.004,Benign,0
166,TCP,HTTPS,15258,20,265,91980.73,1595.42,241,15,0,33,0,0.908,0.045,220,202,0.814,0.092,DoS_DDoS,1
7,TCP,OTHER,104,0,1,14647.89,140.85,1,0,0,0,0,0.009,0.874,202,13,0.621,0.301,PortScan,1
212,UDP,DNS,526,2141,37,12574.26,174.45,1,37,2,0,0,0.799,0.024,13,70,0.05,0.031,Benign,0
12,TCP,HTTPS,18394,17,243,1521570.25,20082.64,228,8,0,65,0,0.93,0.005,240,174,0.854,0.076,DoS_DDoS,1
4990,TCP,HTTPS,2352,1992,24,870.52,4.81,1,24,1,0,0,0.975,0.01,33,34,0.013,0.019,Benign,0
2127,UDP,HTTP,521,1348,14,878.66,6.58,2,14,1,0,0,0.753,0.053,13,37,0.004,0.023,Benign,0
2857,TCP,SSH,2402,920,59,1162.72,20.65,4,55,1,3,12,0.977,0.071,48,22,0.188,0.495,BruteForce,1
3434,TCP,HTTPS,1581,1546,28,910.57,8.15,1,28,1,0,0,0.789,0.031,8,63,0.006,0.01,Benign,0
1427,UDP,HTTP,2151,2769,23,3447.55,16.12,2,23,1,0,0,0.828,0.018,7,15,0.01,0.005,Benign,0
2650,TCP,HTTPS,2077,11913,67,5279.05,25.28,1,67,2,0,0,0.857,0.035,27,68,0.049,0.029,Benign,0
1069,TCP,DNS,166,1921,15,1952.11,14.03,1,15,1,0,0,0.921,0.082,31,54,0.043,0.035,Benign,0
3999,UDP,HTTP,3052,8169,10,2805.88,2.5,1,10,1,1,0,0.874,0.017,9,70,0.027,0.0,Benign,0
51,TCP,DNS,43226,155,330,848943.25,6457.93,280,21,0,103,0,0.892,0.039,217,169,0.712,0.122,DoS_DDoS,1
2155,UDP,DNS,4818,15689,51,9515.57,23.66,1,51,1,0,0,0.876,0.019,47,50,0.036,0.035,Benign,0
1111,TCP,HTTPS,1185,91213,51,83159.03,45.9,2,51,1,0,0,0.866,0.011,32,53,0.026,0.016,Benign,0
2073,UDP,HTTPS,7695,3030,39,5173.41,18.81,1,39,1,0,0,0.865,0.149,13,44,0.002,0.025,Benign,0
4232,TCP,FTP,1458,472,29,456.04,6.85,2,27,1,3,14,0.807,0.081,24,30,0.03,0.242,BruteForce,1
7939,TCP,SSH,1580,1357,28,369.94,3.53,5,23,1,1,3,0.947,0.081,45,22,0.027,0.407,BruteForce,1
425,TCP,HTTPS,1173,380,17,3653.26,39.99,1,17,1,0,0,0.978,0.023,40,87,0.033,0.038,Benign,0
134,UDP,HTTP,8250,31,682,61752.42,5085.76,616,56,0,269,0,0.997,0.037,229,178,0.81,0.122,DoS_DDoS,1
5803,TCP,SSH,3975,5567,27,1644.29,4.65,1,27,1,0,0,0.763,0.14,41,85,0.038,0.003,Benign,0
36,TCP,OTHER,85,41,1,3490.3,27.7,1,0,0,1,0,0.128,0.843,235,7,0.665,0.451,PortScan,1
225,ICMP,HTTPS,5259,9158,36,64047.09,159.93,1,36,1,0,0,0.96,0.096,25,39,0.047,0.035,Benign,0
4944,TCP,DNS,660,22458,9,4675.88,1.82,1,8,1,0,0,0.514,0.438,45,28,0.093,0.029,Botnet_C2,1
827,UDP,HTTPS,3356,15512,18,22812.24,21.76,1,18,1,0,0,0.925,0.044,20,96,0.034,0.012,Benign,0
891,UDP,DNS,2345,586,28,3289.19,31.42,1,28,1,0,0,0.833,0.001,31,78,0.042,0.022,Benign,0
504,TCP,HTTPS,21406,6511,44,55379.88,87.28,1,44,1,0,0,0.769,0.03,37,47,0.022,0.012,Benign,0
35,TCP,OTHER,91,42,3,3789.17,85.47,3,0,0,1,0,0.08,0.854,218,14,0.814,0.636,PortScan,1
8,TCP,OTHER,98,27,3,15432.1,370.37,3,0,0,1,0,0.098,0.901,200,8,0.624,0.49,PortScan,1
38,TCP,SSH,59,0,3,1548.56,78.74,3,0,0,0,0,0.142,0.888,242,12,0.535,0.766,PortScan,1
470,TCP,HTTPS,20076,52,1638,42816.42,3484.37,1372,150,0,179,0,0.996,0.078,214,247,0.789,0.078,DoS_DDoS,1
8360,TCP,HTTPS,1290,3651,17,591.02,2.03,1,17,1,0,0,0.978,0.065,39,83,0.037,0.026,Benign,0
895,TCP,HTTPS,941,13854,55,16528.88,61.45,2,55,1,0,0,0.954,0.137,14,36,0.048,0.032,Benign,0
2833,TCP,HTTPS,486,10858,13,4004.09,4.59,1,13,1,0,0,0.797,0.003,13,79,0.01,0.007,Benign,0
25,TCP,HTTPS,16372,11,331,652709.16,13187.25,309,29,0,114,0,0.9,0.051,190,207,0.873,0.12,DoS_DDoS,1
118,TCP,HTTPS,16885,458,1348,146850.13,11414.06,948,18,0,324,0,0.956,0.041,194,223,0.991,0.146,DoS_DDoS,1
278,UDP,HTTP,2174,13331,10,55753.33,35.96,1,10,1,0,0,0.946,0.068,8,36,0.007,0.027,Benign,0
33,TCP,OTHER,52,0,1,1571.0,30.21,1,0,0,0,0,0.123,0.946,215,5,0.879,0.351,PortScan,1
1210,TCP,HTTP,677,3283,10,3272.46,8.26,1,10,2,0,0,0.899,0.01,23,73,0.01,0.036,Benign,0
973,UDP,HTTPS,4499,1395,62,6056.93,63.71,1,62,1,0,0,0.95,0.052,22,67,0.047,0.035,Benign,0
288,UDP,HTTP,168,5273,93,18885.8,322.8,1,93,1,0,0,0.817,0.03,16,83,0.04,0.013,Benign,0
106,TCP,HTTPS,3959,17439,11,201677.66,103.68,1,11,2,0,0,0.925,0.094,49,51,0.035,0.026,Benign,0
527,UDP,DNS,9837,1464,190,21439.95,360.46,1,190,1,0,0,0.787,0.044,10,43,0.017,0.023,Benign,0
11,TCP,OTHER,88,0,1,7927.93,90.09,1,0,0,0,0,0.035,0.984,227,7,0.903,0.783,PortScan,1
53,UDP,HTTPS,16772,118363,29,2544915.25,546.14,1,29,1,1,0,0.811,0.01,47,64,0.004,0.005,Benign,0
11,TCP,OTHER,47,0,1,4234.23,90.09,1,0,0,0,0,0.102,0.794,204,2,0.905,0.317,PortScan,1
231,TCP,DNS,4575,27,410,19913.46,1774.12,346,20,0,92,0,0.914,0.056,182,200,0.857,0.189,DoS_DDoS,1
10,UDP,HTTP,112278,16,1090,11118217.82,107920.79,814,2,0,157,0,0.938,0.051,198,199,0.719,0.191,DoS_DDoS,1
277,TCP,HTTPS,12615,11,706,45564.78,2547.82,637,19,0,249,0,0.992,0.044,215,250,0.936,0.164,DoS_DDoS,1
171,UDP,HTTP,3622,3667,35,42600.82,204.56,1,35,1,0,0,0.943,0.019,7,11,0.012,0.018,Benign,0
173,TCP,HTTP,7491,17,214,43373.77,1236.28,150,6,0,74,0,0.852,0.009,221,197,0.792,0.188,DoS_DDoS,1
573,TCP,HTTP,5450,4980,20,18199.27,34.9,1,20,1,1,0,0.933,0.058,8,88,0.024,0.035,Benign,0
370,TCP,HTTPS,566,3205,34,10189.14,91.87,1,34,1,0,0,0.809,0.113,45,69,0.001,0.002,Benign,0
1832,TCP,HTTPS,1520,679,25,1200.26,13.65,2,25,2,0,0,0.937,0.114,10,79,0.018,0.003,Benign,0
1266,UDP,HTTP,1065,2586,30,2883.66,23.69,1,30,2,0,0,0.776,0.11,3,5,0.034,0.007,Benign,0
241,UDP,HTTP,2890,3586,36,26860.22,149.32,1,36,2,0,0,0.915,0.001,40,90,0.046,0.035,Benign,0
35,TCP,SSH,100,0,3,2849.0,85.47,3,0,0,0,0,0.091,0.784,216,12,0.667,0.46,PortScan,1
189,TCP,HTTPS,877,4721,47,29603.38,248.55,1,47,1,0,0,0.756,0.087,13,69,0.02,0.002,Benign,0
100,TCP,SSH,6983,24978,7,319290.71,69.93,1,7,1,0,0,0.997,0.137,1,82,0.033,0.021,Benign,0
1262,TCP,HTTP,1028,2483,16,2781.87,12.68,2,16,2,1,0,0.947,0.1,2,37,0.009,0.003,Benign,0
42,TCP,HTTP,76591,53,586,1820522.57,13919.24,529,10,0,95,0,0.955,0.017,185,250,0.746,0.122,DoS_DDoS,1
5184,UDP,OTHER,350,22434,13,4394.98,2.51,1,12,1,0,0,0.671,0.426,48,29,0.044,0.051,Botnet_C2,1
22,TCP,OTHER,90,0,1,4072.4,45.25,1,0,0,0,0,0.157,0.954,211,2,0.793,0.387,PortScan,1
18362,TCP,SSH,1838,455,17,124.88,0.93,3,14,1,2,11,0.991,0.039,57,23,0.068,0.449,BruteForce,1
3106,TCP,HTTPS,12213,4832,28,5487.59,9.01,1,28,1,0,0,0.923,0.024,41,63,0.045,0.013,Benign,0
164,TCP,HTTP,10370,224,598,64558.2,3644.12,567,24,0,129,0,0.894,0.039,188,219,0.951,0.184,DoS_DDoS,1
2175,TCP,HTTPS,1612,27082,26,13192.04,11.95,1,26,2,0,0,0.786,0.012,19,89,0.024,0.003,Benign,0
185,UDP,HTTPS,481,565,44,5651.0,237.71,1,44,1,0,0,0.982,0.108,21,47,0.01,0.009,Benign,0
62,TCP,DNS,50928,29,1213,820563.61,19533.01,980,60,0,407,0,0.999,0.067,254,210,0.743,0.056,DoS_DDoS,1
823,TCP,HTTP,2406,1392,25,4614.26,30.37,1,25,1,0,0,0.93,0.011,13,68,0.042,0.001,Benign,0
4660,TCP,FTP,1533,296,44,392.48,9.44,2,42,1,3,6,0.945,0.031,43,15,0.106,0.317,BruteForce,1
245,TCP,HTTP,1977,10116,33,49339.05,134.64,1,33,1,0,0,0.932,0.053,25,60,0.006,0.028,Benign,0
41,UDP,HTTPS,6999,1658,18,210632.6,437.96,1,18,1,0,0,0.83,0.032,11,33,0.025,0.038,Benign,0
2039,TCP,HTTPS,687,4469,11,2528.57,5.39,1,11,2,0,0,0.863,0.148,38,79,0.031,0.025,Benign,0
1104,UDP,DNS,530,3853,16,3969.75,14.49,1,16,1,0,0,0.879,0.033,46,80,0.03,0.028,Benign,0
370,TCP,HTTPS,8972,3051,20,32485.81,54.04,1,20,1,0,0,0.82,0.035,13,51,0.015,0.028,Benign,0
28,ICMP,HTTP,63885,30,3551,2274555.16,126370.11,3154,196,0,397,0,0.953,0.064,238,222,0.792,0.003,DoS_DDoS,1
464,UDP,HTTPS,1572,5247,55,14692.95,118.51,1,55,1,0,0,0.996,0.044,26,82,0.022,0.015,Benign,0
5094,UDP,OTHER,605,20823,14,4206.43,2.75,1,13,1,0,0,0.8,0.161,18,5,0.085,0.072,Botnet_C2,1
982,TCP,DNS,1298,1157,159,2499.75,161.9,1,159,1,0,0,0.953,0.072,1,50,0.031,0.002,Benign,0
1073,TCP,HTTPS,2814,1742,9,4245.64,8.39,1,9,1,0,0,0.8,0.012,35,51,0.009,0.021,Benign,0
56,UDP,HTTP,3776,17,469,67611.41,8360.07,413,24,0,71,0,0.884,0.008,190,156,0.874,0.192,DoS_DDoS,1
207,TCP,HTTP,8701,7,650,42047.32,3138.58,485,1,0,179,0,0.871,0.069,234,157,0.837,0.023,DoS_DDoS,1
61,ICMP,HTTPS,6496,46,110,107070.38,1800.33,101,3,0,11,0,0.961,0.001,218,243,0.754,0.122,DoS_DDoS,1
326,UDP,HTTP,26440,44,770,81214.35,2361.24,698,22,0,161,0,0.886,0.028,227,183,0.959,0.109,DoS_DDoS,1
216,UDP,HTTPS,12088,187,1698,56802.41,7857.47,1484,23,0,566,0,0.853,0.068,199,163,0.949,0.005,DoS_DDoS,1
1296,TCP,HTTPS,3604,1772,21,4147.83,16.2,1,21,1,1,0,0.85,0.127,32,55,0.03,0.038,Benign,0
655,TCP,HTTP,48956,15,1751,74753.47,2672.87,1603,99,0,492,0,0.957,0.012,238,163,0.841,0.087,DoS_DDoS,1
223,TCP,SSH,2642,4602,27,32469.74,121.02,2,27,1,0,0,0.844,0.044,39,60,0.048,0.023,Benign,0
1417,TCP,HTTPS,17292,2634,56,14061.11,39.52,1,56,1,0,0,0.889,0.094,25,58,0.046,0.004,Benign,0
34,TCP,DNS,1904,12622,18,425982.4,527.86,1,18,1,0,0,0.901,0.065,29,63,0.049,0.017,Benign,0
1400,TCP,SSH,1429,756,8,1560.6,5.71,1,8,1,1,0,0.956,0.129,46,83,0.049,0.028,Benign,0
2081,TCP,HTTP,277,35038,14,16969.39,6.73,2,14,1,0,0,0.822,0.119,36,72,0.032,0.032,Benign,0
32,TCP,OTHER,62,0,3,1931.46,93.46,3,0,0,0,0,0.116,0.865,238,8,0.92,0.342,PortScan,1
50,TCP,HTTPS,5369,538,8,117904.19,159.68,1,8,1,0,0,0.774,0.095,24,49,0.014,0.04,Benign,0
1155,TCP,HTTP,6086,3132,39,7980.26,33.76,2,39,1,0,0,0.829,0.125,35,71,0.034,0.038,Benign,0
5942,TCP,HTTPS,2994,4483,14,1258.31,2.36,1,14,1,0,0,0.997,0.132,36,47,0.028,0.0,Benign,0
6,TCP,FTP,78,0,3,12786.89,491.8,3,0,0,0,0,0.155,0.903,215,10,0.695,0.551,PortScan,1
189,TCP,DNS,82130,173,689,435235.33,3643.57,608,38,0,180,0,0.989,0.064,194,222,0.852,0.135,DoS_DDoS,1
23,TCP,HTTP,85,0,3,3679.65,129.87,3,0,0,0,0,0.17,0.772,222,1,0.794,0.762,PortScan,1
29,TCP,OTHER,57,0,2,1958.76,68.73,2,0,0,0,0,0.034,0.727,239,5,0.583,0.65,PortScan,1
125,TCP,HTTP,22125,139,571,177969.62,4564.35,505,35,0,63,0,0.999,0.045,251,189,0.945,0.108,DoS_DDoS,1
93,TCP,HTTP,22045,91,1037,237765.84,11138.56,741,74,0,265,0,0.959,0.039,192,214,0.738,0.181,DoS_DDoS,1
97,TCP,HTTPS,788,7253,22,82811.53,226.57,1,22,1,0,0,0.942,0.042,26,36,0.044,0.025,Benign,0
346,TCP,HTTPS,567,14120,6,42435.71,17.34,1,6,1,0,0,0.902,0.148,12,69,0.032,0.039,Benign,0
1210,UDP,HTTP,3448,86,371,2920.42,306.59,341,30,0,53,0,0.94,0.073,216,251,0.876,0.042,DoS_DDoS,1
2836,UDP,HTTPS,189,3418,10,1271.82,3.53,2,10,1,0,0,0.798,0.074,31,56,0.01,0.028,Benign,0
3584,UDP,SSH,5165,9928,10,4211.1,2.79,1,10,2,0,0,0.967,0.014,27,89,0.044,0.004,Benign,0
2339,TCP,HTTPS,1175,1600,39,1186.35,16.67,2,39,2,0,0,0.883,0.135,7,31,0.039,0.027,Benign,0
5638,TCP,HTTPS,400,17700,9,3210.3,1.6,1,8,1,0,0,0.437,0.352,33,23,0.106,0.068,Botnet_C2,1
1717,TCP,HTTPS,2369,4622,7,4071.4,4.08,2,7,1,0,0,0.757,0.104,42,84,0.007,0.028,Benign,0
135,ICMP,HTTPS,8526,237,2617,64863.06,19370.84,2344,166,0,407,0,0.91,0.041,217,193,0.802,0.104,DoS_DDoS,1
493,TCP,HTTPS,2092,7705,25,19868.18,50.7,1,25,1,0,0,0.926,0.037,8,80,0.028,0.018,Benign,0
14,TCP,HTTPS,6133,7,556,435460.99,39432.62,453,54,0,179,0,0.979,0.03,189,211,0.839,0.119,DoS_DDoS,1
16,UDP,HTTP,19899,22,212,1237329.19,13167.7,173,8,0,54,0,0.879,0.015,225,164,0.842,0.068,DoS_DDoS,1
727,TCP,SSH,4437,33403,14,52042.36,19.25,1,14,1,0,0,0.987,0.116,19,50,0.042,0.024,Benign,0
2178,TCP,HTTP,4977,1440,11,2946.15,5.05,1,11,1,0,0,0.763,0.075,6,33,0.035,0.004,Benign,0
4015,TCP,HTTPS,2216,952,10,789.02,2.49,1,10,1,0,0,0.844,0.081,8,95,0.049,0.03,Benign,0
1926,TCP,HTTPS,772,5041,23,3018.02,11.94,1,23,1,1,0,0.944,0.08,40,67,0.014,0.008,Benign,0
33,TCP,OTHER,104,0,2,3141.99,60.42,2,0,0,0,0,0.154,0.724,212,10,0.667,0.647,PortScan,1
2211,TCP,HTTP,1420,307,23,781.06,10.4,1,23,1,0,0,0.84,0.027,48,67,0.004,0.031,Benign,0
6,TCP,FTP,53,49,1,16721.31,163.93,1,0,0,1,0,0.184,0.987,231,4,0.589,0.493,PortScan,1
1998,UDP,HTTPS,1949,1187,27,1569.49,13.51,1,27,1,0,0,0.891,0.114,49,71,0.019,0.033,Benign,0
500,TCP,SSH,1909,12520,37,28852.23,73.99,1,37,1,0,0,0.906,0.067,9,87,0.023,0.034,Benign,0
1330,UDP,HTTP,4617,10128,28,11085.63,21.05,1,28,1,0,0,0.997,0.133,20,96,0.037,0.02,Benign,0
3493,TCP,HTTPS,6115,2311,9,2412.18,2.58,1,9,1,0,0,0.809,0.064,26,50,0.023,0.005,Benign,0
453,UDP,DNS,125,4463,6,10125.8,13.24,1,6,1,0,0,0.866,0.014,37,61,0.009,0.005,Benign,0
239,TCP,HTTPS,35205,175,869,147971.56,3634.46,790,82,0,258,0,0.968,0.066,203,180,0.755,0.022,DoS_DDoS,1
29,TCP,DNS,12887,131,781,447353.95,26838.49,716,30,0,119,0,0.936,0.067,182,243,0.712,0.011,DoS_DDoS,1
1703,UDP,HTTPS,1565,1258,12,1657.57,7.05,1,12,1,0,0,0.761,0.025,19,38,0.009,0.039,Benign,0
43,UDP,DNS,469,17786,37,423549.88,858.47,1,37,1,0,0,0.861,0.123,30,66,0.011,0.023,Benign,0
101,ICMP,DNS,4211,72,2989,42364.0,29564.79,2501,240,0,1047,0,0.853,0.075,225,185,0.775,0.165,DoS_DDoS,1
464,UDP,HTTP,852,1310,23,4658.48,49.56,1,23,1,1,0,0.815,0.003,29,30,0.035,0.032,Benign,0
113,TCP,SSH,9400,16668,13,230486.3,114.94,1,13,1,0,0,0.773,0.088,5,77,0.045,0.031,Benign,0
288,TCP,DNS,3658,3045,50,23266.23,173.55,1,50,1,0,0,0.831,0.147,24,53,0.036,0.007,Benign,0
624,ICMP,HTTP,1873,1654,30,5651.34,48.07,1,30,1,0,0,0.866,0.001,8,82,0.035,0.016,Benign,0
164,TCP,DNS,1582,70005,25,436240.1,152.35,1,25,1,0,0,0.765,0.018,42,93,0.021,0.007,Benign,0
715,TCP,HTTP,3106,21958,25,35049.64,34.96,1,25,1,0,0,0.786,0.125,20,42,0.025,0.008,Benign,0
8563,TCP,SSH,896,471,19,159.64,2.22,5,14,1,2,10,0.855,0.099,20,27,0.237,0.337,BruteForce,1
4427,TCP,HTTPS,230,23833,24,5435.39,5.42,1,23,1,0,0,0.563,0.251,17,6,0.146,0.091,Botnet_C2,1
80,TCP,HTTPS,5877,27,254,73707.87,3171.04,217,9,0,43,0,0.968,0.029,217,210,0.945,0.117,DoS_DDoS,1
2028,UDP,HTTPS,3490,5967,12,4662.99,5.92,1,12,1,1,0,0.76,0.113,14,69,0.018,0.003,Benign,0
2527,TCP,FTP,2708,1308,22,1589.17,8.71,5,17,1,2,6,0.811,0.014,78,23,0.184,0.314,BruteForce,1
9313,TCP,SSH,684,1006,34,181.46,3.65,3,31,1,3,11,0.959,0.074,13,32,0.194,0.554,BruteForce,1
441,TCP,HTTPS,1751,50184,57,117739.74,129.22,1,57,1,0,0,0.782,0.13,12,38,0.035,0.019,Benign,0
128,UDP,HTTP,3016,110,494,24402.81,3856.36,357,15,0,131,0,0.931,0.01,226,245,0.941,0.1,DoS_DDoS,1
40,TCP,SSH,96,0,1,2394.01,24.94,1,0,0,0,0,0.1,0.891,227,5,0.52,0.415,PortScan,1
389,TCP,SMTP,1016,4633,6,14518.12,15.42,1,6,1,0,0,0.902,0.136,9,59,0.017,0.034,Benign,0
1144,TCP,SSH,539,1239,35,1554.06,30.59,5,30,1,2,13,0.828,0.071,22,24,0.15,0.339,BruteForce,1
357,UDP,SSH,1253,39741,7,114796.98,19.6,1,7,1,0,0,0.853,0.066,47,81,0.004,0.005,Benign,0
224,TCP,HTTP,8544,799,12,41691.21,53.55,1,12,1,0,0,0.939,0.037,48,56,0.033,0.015,Benign,0
3034,TCP,HTTP,296,37215,20,12363.14,6.59,1,20,1,0,0,0.958,0.101,35,60,0.019,0.031,Benign,0
289,TCP,HTTPS,7122,10941,36,62480.11,124.52,2,36,1,0,0,0.904,0.123,18,91,0.042,0.019,Benign,0
84,UDP,DNS,8779,301,1408,107966.71,16741.97,1112,59,0,388,0,0.899,0.062,216,220,0.746,0.043,DoS_DDoS,1
121,TCP,DNS,2333,131,516,20346.82,4260.94,480,17,0,128,0,0.997,0.014,221,221,0.829,0.02,DoS_DDoS,1
2282,TCP,HTTPS,153,167650,27,73530.08,11.83,1,27,1,0,0,0.998,0.026,44,55,0.009,0.029,Benign,0
603,UDP,HTTPS,559,17230,17,29495.94,28.19,1,17,1,0,0,0.836,0.026,30,37,0.044,0.038,Benign,0
1450,TCP,SSH,683,802,51,1024.07,35.17,4,47,1,1,8,0.913,0.041,38,15,0.032,0.33,BruteForce,1
2652,TCP,HTTPS,165,5064,16,1971.65,6.03,1,16,1,0,0,0.813,0.071,23,90,0.015,0.018,Benign,0
3283,UDP,HTTP,1443,33829,33,10743.5,10.05,1,33,1,0,0,0.974,0.008,10,60,0.019,0.015,Benign,0
5726,TCP,SSH,1067,531,56,279.07,9.78,5,51,1,1,5,0.997,0.059,38,25,0.242,0.229,BruteForce,1
6,TCP,OTHER,109,0,2,17868.85,327.87,2,0,0,0,0,0.007,0.925,209,8,0.602,0.3,PortScan,1
252,UDP,HTTPS,8259,56,1611,32982.94,6390.32,1464,112,0,385,0,0.879,0.034,232,179,0.785,0.152,DoS_DDoS,1
38,TCP,HTTP,15581,33,529,409816.27,13884.51,460,23,0,196,0,0.965,0.022,244,177,0.968,0.079,DoS_DDoS,1
3,TCP,HTTP,83,50,3,42903.23,967.74,3,0,0,1,0,0.012,0.749,224,10,0.835,0.607,PortScan,1
344,TCP,DNS,3830,2192,23,17500.73,66.84,1,23,1,0,0,0.972,0.049,29,99,0.05,0.033,Benign,0
1687,TCP,DNS,2881,1432,12,2556.46,7.11,2,12,1,0,0,0.956,0.024,35,98,0.043,0.023,Benign,0
993,TCP,DNS,1876,15173,22,17167.46,22.15,1,22,1,0,0,0.983,0.033,3,98,0.017,0.032,Benign,0
252,UDP,HTTP,17086,21,762,67857.99,3022.61,676,23,0,169,0,0.966,0.009,198,220,0.911,0.039,DoS_DDoS,1
15,TCP,HTTPS,718,1797,20,166556.29,1324.5,1,20,1,1,0,0.901,0.122,24,35,0.036,0.039,Benign,0
3025,TCP,SSH,1192,1105,27,759.31,8.93,2,25,1,2,4,0.816,0.093,36,25,0.012,0.586,BruteForce,1
8,TCP,OTHER,84,23,3,13209.88,370.37,3,0,0,1,0,0.181,0.958,252,7,0.57,0.779,PortScan,1
23,TCP,OTHER,103,42,1,6277.06,43.29,1,0,0,1,0,0.109,0.738,210,12,0.625,0.324,PortScan,1
677,UDP,HTTPS,1506,4759,21,9252.7,31.01,1,21,1,0,0,0.999,0.011,8,98,0.021,0.033,Benign,0
532,TCP,HTTP,1150,15393,35,31090.02,65.78,1,35,1,0,0,0.831,0.012,45,58,0.006,0.0,Benign,0
202,TCP,HTTP,1277,4462,28,28396.83,138.55,1,28,1,0,0,0.92,0.08,26,57,0.028,0.024,Benign,0
175,UDP,HTTP,5788,1217,48,40005.71,274.13,2,48,1,0,0,0.979,0.141,31,92,0.025,0.04,Benign,0
804,TCP,HTTP,12759,2075,35,18447.95,43.53,1,35,1,0,0,0.965,0.142,11,26,0.039,0.016,Benign,0
9,TCP,OTHER,51,0,3,5604.4,329.67,3,0,0,0,0,0.104,0.973,219,7,0.894,0.592,PortScan,1
1298,TCP,HTTP,4067,3834,13,6086.59,10.01,1,13,1,0,0,0.76,0.063,28,93,0.028,0.009,Benign,0
141,TCP,HTTP,14620,36,1416,103869.6,10035.44,1126,52,0,266,0,0.955,0.052,212,185,0.862,0.037,DoS_DDoS,1
4863,TCP,SSH,953,298,51,257.24,10.49,3,48,1,2,3,0.961,0.039,34,25,0.132,0.443,BruteForce,1
106,TCP,HTTPS,879,35439,19,342299.72,179.08,1,19,1,0,0,0.804,0.027,12,35,0.013,0.008,Benign,0
3014,UDP,HTTPS,3806,8244,15,3997.88,4.98,1,15,1,0,0,0.989,0.103,46,55,0.039,0.029,Benign,0
822,TCP,DNS,1183,30218,22,38196.08,26.76,1,22,1,0,0,0.991,0.049,1,54,0.026,0.011,Benign,0
508,TCP,SSH,1088,2576,27,7211.18,53.14,2,25,1,3,14,0.852,0.045,64,28,0.205,0.377,BruteForce,1
695,UDP,HTTPS,487,451,39,1349.45,56.11,2,39,1,0,0,0.862,0.138,3,58,0.036,0.009,Benign,0
8,TCP,HTTP,43,0,3,5308.64,370.37,3,0,0,0,0,0.009,0.969,227,8,0.506,0.45,PortScan,1
293,TCP,DNS,6286,61,1417,21654.73,4834.53,1178,120,0,359,0,0.985,0.003,246,160,0.82,0.002,DoS_DDoS,1
20,TCP,HTTP,118,29,2,7313.43,99.5,2,0,0,1,0,0.13,0.708,244,2,0.928,0.606,PortScan,1
333,TCP,DNS,42793,20,46,128528.97,138.1,33,1,0,17,0,0.901,0.047,186,239,0.719,0.085,DoS_DDoS,1
34,TCP,SSH,84,0,1,2463.34,29.33,1,0,0,0,0,0.1,0.713,253,11,0.661,0.303,PortScan,1
1141,UDP,HTTPS,9417,152485,56,141882.39,49.08,1,56,1,0,0,0.813,0.14,44,62,0.018,0.006,Benign,0
1411,UDP,HTTP,2075,75459,36,54945.79,25.51,1,36,2,0,0,0.852,0.116,17,80,0.047,0.019,Benign,0
165,TCP,HTTP,839,2054,26,17522.71,157.48,1,26,2,0,0,0.769,0.088,3,69,0.002,0.031,Benign,0
4591,TCP,SSH,508,830,56,291.43,12.2,4,52,1,1,5,0.902,0.053,17,8,0.006,0.255,BruteForce,1
822,TCP,SSH,459,230,59,838.1,71.77,3,56,1,3,4,0.998,0.073,44,19,0.096,0.459,BruteForce,1
222,TCP,HTTPS,4850,5376,40,46042.32,180.1,1,40,1,0,0,0.98,0.027,18,29,0.049,0.015,Benign,0
21,TCP,FTP,80,0,3,3791.47,142.18,3,0,0,0,0,0.015,0.865,219,14,0.653,0.474,PortScan,1
56,TCP,HTTP,46165,39,1106,823600.71,19714.8,866,34,0,264,0,0.851,0.017,191,187,0.834,0.024,DoS_DDoS,1
278,TCP,HTTPS,1184,3954,11,18475.37,39.55,1,11,1,0,0,0.957,0.102,31,37,0.002,0.019,Benign,0
2934,TCP,HTTP,6469,6516,57,4425.55,19.43,1,57,2,0,0,0.928,0.013,4,47,0.006,0.034,Benign,0
121,UDP,HTTP,1601,2473,25,33641.62,206.44,1,25,1,0,0,0.96,0.005,37,86,0.015,0.038,Benign,0
27,TCP,FTP,48,0,3,1771.22,110.7,3,0,0,0,0,0.116,0.728,206,14,0.604,0.545,PortScan,1
52,UDP,HTTP,1914,13533,18,296487.52,345.49,1,18,1,0,0,0.756,0.087,34,50,0.042,0.022,Benign,0
1358,TCP,HTTPS,518,7157,19,5651.28,13.99,1,19,1,0,0,0.923,0.021,43,71,0.026,0.036,Benign,0
1554,TCP,HTTPS,2652,1333,63,2564.19,40.54,1,63,1,0,0,0.976,0.066,44,84,0.029,0.005,Benign,0
19,TCP,OTHER,40,0,1,2094.24,52.36,1,0,0,0,0,0.075,0.832,217,13,0.739,0.426,PortScan,1
448,TCP,HTTPS,421,14556,40,33423.34,89.27,1,40,1,0,0,0.933,0.043,20,57,0.021,0.025,Benign,0
466,TCP,HTTP,224,1126,47,2896.37,100.84,1,47,2,0,0,0.774,0.12,49,76,0.023,0.035,Benign,0
665,TCP,HTTPS,3041,957,14,6011.13,21.05,1,14,2,0,0,0.818,0.056,21,77,0.015,0.028,Benign,0
137,ICMP,HTTPS,10995,59,2253,80627.28,16433.26,1702,95,0,735,0,0.981,0.022,205,152,0.798,0.119,DoS_DDoS,1
234,TCP,HTTPS,1609,2259,32,16522.85,136.69,1,32,1,0,0,0.844,0.14,14,40,0.034,0.039,Benign,0
736,TCP,HTTPS,503,6016,29,8856.13,39.4,1,29,1,0,0,0.794,0.036,20,85,0.043,0.036,Benign,0
10321,TCP,TELNET,1096,322,57,137.39,5.52,2,55,1,2,12,0.957,0.041,57,24,0.223,0.463,BruteForce,1
16,TCP,HTTP,76,57,3,8260.87,186.34,3,0,0,1,0,0.132,0.869,248,6,0.801,0.542,PortScan,1
393,TCP,SMTP,5022,12090,40,43530.91,101.76,1,40,1,0,0,0.885,0.126,47,95,0.042,0.009,Benign,0
311,UDP,HTTPS,266,10773,49,35483.77,157.51,1,49,1,0,0,0.79,0.09,11,96,0.014,0.014,Benign,0
1821,TCP,SSH,4972,4866,30,5402.23,16.47,1,30,1,0,0,0.902,0.082,38,69,0.001,0.0,Benign,0
1260,UDP,DNS,1205,24631,68,20503.13,53.96,1,68,1,0,0,0.966,0.047,7,45,0.007,0.03,Benign,0
4211,TCP,IRC,217,2899,15,739.95,3.56,1,14,1,0,0,0.707,0.432,12,5,0.081,0.072,Botnet_C2,1
77,UDP,HTTPS,9384,23,1693,122010.38,21958.5,1252,138,0,480,0,0.922,0.029,245,186,0.771,0.198,DoS_DDoS,1
220,TCP,HTTPS,2164,31740,25,154039.07,113.58,1,25,1,0,0,0.906,0.11,34,96,0.016,0.014,Benign,0
140,TCP,HTTPS,1301,2921,18,30135.62,128.48,1,18,1,0,0,0.96,0.149,14,99,0.011,0.023,Benign,0
307,TCP,HTTP,61029,87,1157,199010.09,3767.5,970,16,0,161,0,0.869,0.068,246,169,0.87,0.002,DoS_DDoS,1
11,TCP,HTTP,52,0,1,4684.68,90.09,1,0,0,0,0,0.153,0.887,225,3,0.724,0.412,PortScan,1
28,TCP,OTHER,108,0,1,3843.42,35.59,1,0,0,0,0,0.093,0.973,254,13,0.813,0.756,PortScan,1
95,UDP,HTTPS,1399,11665,61,137371.19,641.43,2,61,2,0,0,0.908,0.05,38,62,0.038,0.036,Benign,0
1283,TCP,SSH,452,808,58,982.0,45.2,5,53,1,1,5,0.825,0.08,71,15,0.06,0.536,BruteForce,1
5191,TCP,IRC,369,6776,12,1376.39,2.31,1,11,1,0,0,0.451,0.431,31,14,0.147,0.087,Botnet_C2,1
140,TCP,HTTP,3638,15923,14,139621.7,99.93,1,14,2,0,0,0.828,0.053,46,50,0.049,0.012,Benign,0
4677,TCP,HTTPS,2065,9595,13,2493.0,2.78,1,13,1,0,0,0.987,0.145,41,73,0.008,0.009,Benign,0
26,TCP,HTTP,116,0,1,4444.44,38.31,1,0,0,0,0,0.009,0.817,232,12,0.52,0.392,PortScan,1
39,TCP,OTHER,56,0,2,1432.23,51.15,2,0,0,0,0,0.18,0.842,211,2,0.817,0.478,PortScan,1
48,TCP,SMTP,446,44622,8,936964.66,166.32,1,8,1,0,0,0.778,0.099,4,25,0.001,0.017,Benign,0
759,UDP,HTTPS,733,3138,32,5099.46,42.16,2,32,1,1,0,0.831,0.035,41,44,0.048,0.013,Benign,0
3460,TCP,SSH,454,945,48,404.32,13.87,3,45,1,2,6,0.807,0.03,48,14,0.053,0.307,BruteForce,1
4127,UDP,HTTPS,13613,1544,20,3672.55,4.85,2,20,1,0,0,0.784,0.099,14,54,0.006,0.018,Benign,0
1976,TCP,HTTPS,555,7891,53,4274.08,26.82,1,53,1,0,0,0.811,0.078,11,23,0.022,0.017,Benign,0
399,TCP,HTTPS,9439,22698,17,80523.68,42.6,1,17,1,0,0,0.882,0.078,26,35,0.037,0.039,Benign,0
691,UDP,HTTPS,4450,53,3485,6515.7,5042.69,2562,189,0,468,0,0.986,0.018,233,237,0.791,0.044,DoS_DDoS,1
867,TCP,SSH,582,643,161,1412.76,185.68,1,161,1,0,0,0.945,0.101,30,97,0.005,0.033,Benign,0
1865,TCP,DNS,1025,3468,57,2408.99,30.56,1,57,1,0,0,0.795,0.129,40,48,0.033,0.032,Benign,0
836,TCP,HTTPS,3147,5854,52,10765.46,62.19,1,52,1,0,0,0.992,0.019,18,86,0.016,0.025,Benign,0
901,TCP,HTTP,3457,2568,16,6686.27,17.76,1,16,1,0,0,0.827,0.127,5,11,0.001,0.011,Benign,0
777,TCP,HTTPS,1136,4865,17,7722.3,21.88,1,17,1,0,0,0.889,0.133,21,32,0.024,0.03,Benign,0
37,TCP,OTHER,106,41,2,3962.26,53.91,2,0,0,1,0,0.104,0.729,208,1,0.772,0.367,PortScan,1
69,TCP,SSH,962,7942,8,128856.73,115.77,1,8,1,0,0,0.912,0.105,26,64,0.021,0.005,Benign,0
1710,TCP,FTP,1429,366,45,1049.65,26.31,4,41,1,2,12,0.844,0.037,34,20,0.228,0.274,BruteForce,1
93,UDP,DNS,23352,63,345,251503.76,3705.69,284,28,0,86,0,0.92,0.07,253,211,0.836,0.166,DoS_DDoS,1
11898,TCP,SSH,2146,273,59,203.31,4.96,2,57,1,1,4,0.986,0.055,71,16,0.001,0.413,BruteForce,1
44,TCP,OTHER,62,0,3,1405.9,68.03,3,0,0,0,0,0.036,0.723,237,4,0.686,0.447,PortScan,1
8,TCP,SSH,40,0,3,4938.27,370.37,3,0,0,0,0,0.032,0.745,204,11,0.631,0.338,PortScan,1
83,UDP,DNS,5494,92,230,67220.22,2767.75,183,19,0,54,0,0.906,0.05,254,237,0.828,0.125,DoS_DDoS,1
30,UDP,DNS,1686,5897,66,251926.91,2192.69,1,66,1,0,0,0.903,0.067,5,58,0.032,0.008,Benign,0
312,TCP,HTTP,53841,13,1041,172553.67,3335.47,971,80,0,125,0,0.945,0.045,187,245,0.978,0.007,DoS_DDoS,1
29,TCP,DNS,19993,156,561,692405.5,19278.35,485,40,0,166,0,0.957,0.029,207,184,0.763,0.012,DoS_DDoS,1
2655,UDP,HTTP,6234,1174,35,2790.1,13.18,1,35,1,0,0,0.989,0.019,16,41,0.025,0.001,Benign,0
164,TCP,HTTP,4563,55,1066,28141.38,6496.04,822,9,0,348,0,0.991,0.008,181,226,0.985,0.105,DoS_DDoS,1
5582,TCP,HTTP,4013,15323,32,3463.93,5.73,1,32,1,0,0,0.759,0.105,44,80,0.017,0.031,Benign,0
1049,TCP,TELNET,640,962,20,1527.02,19.06,5,15,1,2,6,0.929,0.013,67,29,0.084,0.297,BruteForce,1
349,TCP,HTTPS,184,674,13,2457.75,37.24,1,13,1,0,0,0.971,0.069,30,89,0.011,0.022,Benign,0
755,TCP,HTTPS,5875,21241,150,35910.48,198.65,1,150,1,0,0,0.89,0.084,37,42,0.036,0.009,Benign,0
622,UDP,HTTPS,1823,5175,27,11249.0,43.4,1,27,1,0,0,0.92,0.032,2,44,0.02,0.009,Benign,0
1435,TCP,HTTPS,1469,4461,12,4132.12,8.36,2,12,1,0,0,0.952,0.045,19,82,0.037,0.003,Benign,0
463,TCP,HTTPS,1756,1198,15,6378.75,32.39,1,15,1,0,0,0.942,0.129,5,17,0.043,0.031,Benign,0
59,TCP,DNS,2460,11893,46,242859.56,778.34,2,46,1,0,0,0.902,0.019,10,21,0.022,0.004,Benign,0
87,TCP,HTTPS,78,4705,18,54913.89,206.66,1,18,1,0,0,0.986,0.143,19,91,0.042,0.012,Benign,0
51,TCP,DNS,84201,20,531,1648160.47,10391.39,476,17,0,89,0,0.926,0.001,215,227,0.707,0.087,DoS_DDoS,1
2651,TCP,DNS,46637,16511,26,23819.55,9.81,1,26,1,0,0,0.77,0.087,43,99,0.049,0.021,Benign,0
1201,UDP,HTTPS,3242,681,12,3266.17,9.99,1,12,1,0,0,0.909,0.075,18,21,0.035,0.026,Benign,0
3468,TCP,HTTPS,3240,2409,53,1628.85,15.28,1,53,1,0,0,0.794,0.118,31,63,0.046,0.034,Benign,0
1373,TCP,SSH,1044,1139,54,1589.83,39.33,2,52,1,1,12,0.82,0.047,56,31,0.01,0.389,BruteForce,1
2415,UDP,HTTPS,1431,1820,34,1346.11,14.08,1,34,1,1,0,0.863,0.019,30,89,0.013,0.02,Benign,0
85,TCP,HTTP,4937,4054,13,105652.17,152.76,2,13,1,0,0,0.999,0.131,48,62,0.033,0.027,Benign,0
30,TCP,HTTP,57410,8,1307,1907574.75,43421.93,940,66,0,393,0,0.96,0.067,201,166,0.817,0.137,DoS_DDoS,1
373,TCP,HTTPS,340,39003,17,105448.94,45.56,1,17,1,0,0,0.929,0.047,21,59,0.006,0.002,Benign,0
1578,TCP,HTTPS,9440,42547,14,32942.78,8.87,1,14,1,0,0,0.813,0.008,5,26,0.02,0.009,Benign,0
2188,TCP,HTTP,776,18549,7,8831.86,3.2,1,7,1,0,0,0.878,0.08,29,93,0.026,0.009,Benign,0
963,TCP,DNS,1904,1339,23,3367.25,23.88,1,23,1,0,0,0.975,0.136,20,94,0.05,0.017,Benign,0
477,TCP,DNS,1113,1773,15,6049.05,31.44,1,15,1,0,0,0.868,0.067,35,96,0.007,0.014,Benign,0
2635,TCP,HTTPS,3701,8701,14,4706.46,5.31,1,14,1,0,0,0.833,0.019,32,87,0.018,0.015,Benign,0
443,TCP,HTTPS,4093,4356,6,19067.93,13.54,1,6,1,0,0,0.975,0.122,5,22,0.025,0.03,Benign,0
4047,TCP,SSH,1199,2157,44,829.24,10.87,3,41,1,2,5,0.92,0.067,17,37,0.014,0.495,BruteForce,1
99,TCP,HTTPS,9452,2837,24,124006.05,242.18,1,24,1,0,0,0.8,0.135,39,97,0.003,0.017,Benign,0
2789,UDP,HTTPS,711,452,20,416.98,7.17,2,20,1,0,0,0.946,0.065,27,31,0.017,0.029,Benign,0
511,TCP,HTTPS,514,8103,67,16859.71,131.09,1,67,2,0,0,0.758,0.128,27,32,0.043,0.039,Benign,0
2462,TCP,HTTPS,16014,2328,29,7449.74,11.78,1,29,1,0,0,0.879,0.034,19,52,0.001,0.031,Benign,0
2856,TCP,HTTP,5952,2925,29,3108.08,10.15,1,29,1,0,0,0.805,0.023,40,44,0.047,0.001,Benign,0
6,TCP,HTTP,61,51,3,18360.66,491.8,3,0,0,1,0,0.063,0.775,219,8,0.85,0.426,PortScan,1
38,TCP,HTTP,41694,45,269,1095511.81,7060.37,221,25,0,62,0,0.921,0.075,220,251,0.921,0.06,DoS_DDoS,1
23,UDP,HTTP,2427,4379,12,294632.03,519.48,1,12,1,0,0,0.88,0.07,33,99,0.022,0.023,Benign,0
5221,TCP,IRC,584,7064,12,1464.83,2.3,1,11,1,0,0,0.66,0.45,16,4,0.121,0.036,Botnet_C2,1
1021,UDP,SSH,3706,2459,30,6037.61,29.38,1,30,1,0,0,0.983,0.142,48,60,0.013,0.034,Benign,0
4177,TCP,SSH,1315,747,17,493.64,4.07,4,13,1,3,8,0.975,0.042,44,6,0.133,0.225,BruteForce,1
2475,TCP,SSH,10086,95,73,4113.37,29.49,1,73,1,0,0,0.798,0.101,4,79,0.027,0.034,Benign,0
475,TCP,HTTPS,13264,11129,6,51342.88,12.63,1,6,1,0,0,0.937,0.042,36,54,0.047,0.029,Benign,0
7751,TCP,SSH,1430,1092,59,325.37,7.61,4,55,1,2,9,0.884,0.085,75,19,0.114,0.283,BruteForce,1
43,TCP,FTP,85,0,1,1972.16,23.2,1,0,0,0,0,0.172,0.709,236,1,0.727,0.668,PortScan,1
1398,TCP,HTTP,704,304,7,720.98,5.01,1,7,1,0,0,0.925,0.001,33,99,0.021,0.034,Benign,0
141,UDP,HTTPS,4127,21871,40,184252.3,283.49,2,40,1,0,0,0.824,0.088,43,69,0.015,0.003,Benign,0
36,TCP,HTTPS,1307,10670,38,331772.85,1052.63,1,38,1,0,0,0.876,0.039,48,57,0.039,0.02,Benign,0
1335,TCP,HTTPS,995,2627,46,2712.91,34.45,1,46,2,0,0,0.782,0.055,44,48,0.029,0.017,Benign,0
449,UDP,HTTP,3108,3418,14,14531.28,31.17,1,14,1,0,0,0.794,0.009,17,25,0.016,0.008,Benign,0
269,TCP,HTTPS,50674,54,184,188509.85,683.76,150,3,0,44,0,0.872,0.015,221,172,0.735,0.045,DoS_DDoS,1
177,TCP,HTTPS,4890,4500,27,53020.89,152.46,1,27,1,0,0,0.89,0.054,36,78,0.003,0.003,Benign,0
99,TCP,DNS,19332,34,4870,195418.77,49142.28,4520,334,0,1425,0,0.939,0.079,210,215,0.926,0.016,DoS_DDoS,1
506,UDP,HTTPS,514,443,28,1890.93,55.33,1,28,2,0,0,0.939,0.105,32,49,0.038,0.026,Benign,0
31,TCP,HTTP,87,0,2,2797.43,64.31,2,0,0,0,0,0.158,0.854,227,13,0.838,0.569,PortScan,1
1245,UDP,HTTPS,2127,5940,96,6479.0,77.1,1,96,1,0,0,0.826,0.098,14,89,0.012,0.032,Benign,0
426,UDP,HTTPS,808,687,10,3508.57,23.47,1,10,1,0,0,0.883,0.041,10,56,0.027,0.012,Benign,0
16,TCP,FTP,93,0,2,5776.4,124.22,2,0,0,0,0,0.172,0.92,249,12,0.707,0.454,PortScan,1
278,TCP,HTTPS,295,2676,7,10683.21,25.17,1,7,1,0,0,0.923,0.094,25,77,0.041,0.037,Benign,0
405,TCP,HTTP,1247,3298,33,11219.45,81.46,1,33,1,0,0,0.983,0.056,29,80,0.02,0.008,Benign,0
585,TCP,HTTP,709,750,11,2493.59,18.8,1,11,1,0,0,0.92,0.135,4,93,0.012,0.013,Benign,0
828,TCP,DNS,1506,8745,32,12378.94,38.64,1,32,1,0,0,0.923,0.126,33,57,0.016,0.021,Benign,0
142,TCP,HTTPS,17349,45,1668,122406.76,11738.21,1333,6,0,536,0,0.988,0.02,205,205,0.84,0.058,DoS_DDoS,1
546,TCP,HTTPS,19702,54,361,36176.52,661.05,339,21,0,96,0,0.974,0.074,187,190,0.969,0.035,DoS_DDoS,1
3944,TCP,HTTPS,1803,1500,22,837.45,5.58,1,22,1,0,0,0.954,0.147,31,99,0.023,0.03,Benign,0
5165,TCP,IRC,446,16155,19,3214.07,3.68,1,18,1,0,0,0.484,0.313,34,19,0.063,0.051,Botnet_C2,1
66,UDP,HTTPS,84162,180,454,1275975.79,6868.38,399,10,0,159,0,0.862,0.046,224,246,0.716,0.155,DoS_DDoS,1
776,UDP,HTTP,1573,255,14,2355.37,18.04,1,14,1,0,0,0.815,0.032,37,90,0.036,0.026,Benign,0
5291,TCP,HTTPS,361,35809,19,6836.01,3.59,1,18,1,0,0,0.415,0.391,17,6,0.136,0.009,Botnet_C2,1
882,TCP,SSH,4168,6569,59,12172.09,66.89,1,59,1,0,0,0.988,0.129,38,60,0.011,0.008,Benign,0
653,UDP,HTTP,9128,55,868,14060.63,1329.05,672,31,0,98,0,0.888,0.021,185,220,0.852,0.032,DoS_DDoS,1
727,TCP,SSH,472,967,33,1979.1,45.39,3,30,1,3,4,0.839,0.099,52,21,0.004,0.241,BruteForce,1
41,TCP,OTHER,102,0,2,2481.75,48.66,2,0,0,0,0,0.065,0.947,243,6,0.564,0.576,PortScan,1
4585,UDP,SSH,3343,66128,32,15151.47,6.98,1,32,1,0,0,0.973,0.108,22,79,0.01,0.033,Benign,0
381,TCP,HTTP,1240,6728,104,20907.9,272.89,1,104,1,0,0,0.911,0.075,3,52,0.019,0.01,Benign,0
46,TCP,DNS,4656,121,1001,103622.56,21713.67,806,83,0,332,0,0.872,0.037,187,192,0.829,0.14,DoS_DDoS,1
404,UDP,HTTP,3489,24370,10,68940.86,24.75,1,10,2,0,0,0.823,0.094,31,42,0.035,0.015,Benign,0
440,TCP,DNS,58358,27,442,132663.03,1004.32,417,14,0,147,0,0.907,0.076,250,193,0.753,0.051,DoS_DDoS,1
94,TCP,HTTPS,20310,16,220,216004.25,2337.94,205,7,0,49,0,0.996,0.038,241,187,0.862,0.036,DoS_DDoS,1
1073,TCP,SSH,450,1530,27,1845.12,25.16,4,23,1,3,5,0.81,0.058,19,16,0.085,0.433,BruteForce,1
4542,TCP,HTTP,2805,30328,9,7294.64,1.98,1,9,1,0,0,0.961,0.1,20,76,0.017,0.02,Benign,0
5172,TCP,HTTPS,233,5888,8,1183.47,1.55,1,7,1,0,0,0.455,0.38,29,27,0.083,0.055,Botnet_C2,1
38,TCP,SSH,105,0,1,2755.91,26.25,1,0,0,0,0,0.199,0.991,207,8,0.742,0.455,PortScan,1
428,TCP,HTTP,3472,3874,13,17159.54,30.37,1,13,1,0,0,0.918,0.011,23,60,0.012,0.027,Benign,0
68,TCP,DNS,7969,313,81,121615.27,1189.43,65,6,0,30,0,0.923,0.006,183,234,0.886,0.162,DoS_DDoS,1
1044,UDP,HTTPS,2856,8498,12,10874.44,11.49,1,12,1,0,0,0.859,0.01,42,51,0.045,0.023,Benign,0
1364,TCP,HTTPS,2765,6624,7,6882.93,5.13,1,7,1,0,0,0.974,0.089,6,12,0.016,0.025,Benign,0
1908,TCP,HTTPS,1411,10990,29,6499.14,15.2,2,29,1,0,0,0.992,0.014,31,97,0.017,0.037,Benign,0
441,TCP,HTTPS,2609,2004,59,10457.95,133.76,1,59,1,0,0,0.778,0.02,18,98,0.034,0.01,Benign,0
1021,UDP,HTTPS,451,59985,17,59187.15,16.65,1,17,1,0,0,0.94,0.094,38,79,0.036,0.009,Benign,0
4102,TCP,HTTPS,1557,9514,15,2698.86,3.66,2,15,1,0,0,0.813,0.006,42,75,0.047,0.0,Benign,0
1904,TCP,HTTPS,2476,15914,12,9658.11,6.3,1,12,1,0,0,0.824,0.138,6,33,0.012,0.009,Benign,0
2241,TCP,HTTPS,2303,4719,18,3133.28,8.03,1,18,1,0,0,0.894,0.078,30,32,0.042,0.013,Benign,0
95,TCP,HTTP,923,2878,21,39968.45,220.82,1,21,1,0,0,0.792,0.115,45,73,0.027,0.035,Benign,0
753,TCP,HTTPS,1138,18422,54,25972.65,71.7,1,54,1,1,0,0.944,0.093,33,38,0.01,0.033,Benign,0
80,TCP,HTTPS,629,35806,25,454868.91,312.11,1,25,1,0,0,0.929,0.041,28,71,0.021,0.002,Benign,0
503,TCP,HTTPS,4167,71763,45,150924.27,89.45,1,45,1,0,0,0.836,0.055,39,45,0.039,0.03,Benign,0
904,UDP,HTTPS,4463,21019,8,28184.94,8.85,1,8,1,0,0,0.939,0.057,23,75,0.034,0.031,Benign,0
663,UDP,HTTPS,660,74423,143,113230.28,215.65,1,143,1,0,0,0.914,0.075,1,92,0.035,0.005,Benign,0
280,ICMP,HTTPS,256666,73,2313,916597.64,8257.77,1878,82,0,397,0,0.914,0.017,217,254,0.961,0.065,DoS_DDoS,1
1402,TCP,DNS,8428,5524,9,9950.79,6.42,1,9,1,0,0,0.951,0.119,32,79,0.032,0.035,Benign,0
560,TCP,HTTPS,7703,3056,42,19209.07,74.99,1,42,1,0,0,0.755,0.039,10,96,0.007,0.021,Benign,0
393,TCP,HTTPS,1481,5354,27,17387.43,68.68,1,27,1,0,0,0.759,0.085,42,89,0.022,0.038,Benign,0
2895,TCP,HTTPS,3592,1468,84,1747.78,29.01,1,84,1,0,0,0.934,0.084,17,50,0.037,0.036,Benign,0
710,UDP,DNS,7824,145155,42,215433.04,59.15,1,42,1,0,0,0.899,0.14,41,42,0.022,0.023,Benign,0
4850,TCP,HTTPS,197,3946,21,854.21,4.33,1,20,1,0,0,0.552,0.181,11,22,0.011,0.003,Botnet_C2,1
395,TCP,HTTP,11088,21,287,28116.93,726.4,253,22,0,66,0,0.975,0.014,236,244,0.734,0.026,DoS_DDoS,1
141,TCP,HTTPS,614,294,80,6435.15,566.97,1,80,1,0,0,0.938,0.003,42,52,0.019,0.004,Benign,0
918,TCP,FTP,900,665,37,1704.61,40.3,3,34,1,2,10,0.931,0.054,30,12,0.117,0.388,BruteForce,1
602,UDP,DNS,3821,5031,25,14701.88,41.52,1,25,1,0,0,0.756,0.146,6,71,0.019,0.038,Benign,0
916,TCP,SSH,810,2553,49,3671.0,53.49,1,49,1,0,0,0.869,0.029,20,60,0.049,0.019,Benign,0
1482,TCP,HTTP,846,987,61,1236.76,41.16,1,61,1,0,0,0.807,0.138,5,71,0.028,0.006,Benign,0
8,TCP,HTTP,25727,330,786,3216913.58,97037.04,622,58,0,255,0,0.998,0.044,202,204,0.954,0.005,DoS_DDoS,1
1334,TCP,HTTPS,985,15912,19,12665.47,14.24,1,19,1,0,0,0.845,0.022,17,30,0.046,0.027,Benign,0
142,TCP,HTTPS,33145,48,1146,233589.02,8064.74,1069,87,0,213,0,0.852,0.058,241,231,0.989,0.004,DoS_DDoS,1
1333,TCP,HTTPS,1351,18034,22,14541.29,16.5,2,22,1,0,0,0.828,0.145,30,80,0.047,0.035,Benign,0
97,TCP,HTTP,5466,25,1292,56549.95,13305.87,970,124,0,293,0,0.972,0.006,187,246,0.736,0.196,DoS_DDoS,1
377,TCP,HTTP,965,607,50,4168.66,132.59,1,50,1,0,0,0.76,0.09,48,99,0.025,0.038,Benign,0
53,TCP,DNS,13015,6,266,245216.57,5009.42,214,16,0,47,0,0.886,0.039,217,152,0.893,0.165,DoS_DDoS,1
15100,TCP,FTP,816,352,46,77.35,3.05,4,42,1,2,9,0.813,0.079,56,34,0.142,0.385,BruteForce,1
2052,TCP,SSH,459,398,44,417.62,21.44,4,40,1,1,4,1.0,0.086,73,11,0.106,0.259,BruteForce,1
2224,TCP,HTTPS,426,6554,26,3138.35,11.69,1,26,1,0,0,0.931,0.098,40,97,0.037,0.011,Benign,0
1067,TCP,HTTPS,1756,9466,46,10516.35,43.11,1,46,1,0,0,0.988,0.109,7,88,0.041,0.031,Benign,0
14,TCP,FTP,69,0,1,4893.62,70.92,1,0,0,0,0,0.07,0.78,210,14,0.564,0.44,PortScan,1
30,UDP,DNS,12299,17,624,409169.44,20730.9,568,31,0,198,0,0.888,0.021,234,152,0.859,0.04,DoS_DDoS,1
1050,TCP,HTTP,1064,1428,15,2373.11,14.28,1,15,1,0,0,0.797,0.142,45,99,0.015,0.027,Benign,0
1065,UDP,HTTP,3305,11184,9,13603.42,8.45,1,9,1,0,0,0.894,0.101,6,16,0.011,0.035,Benign,0
669,TCP,HTTP,60006,30,355,89726.5,530.56,267,9,0,116,0,0.976,0.056,229,213,0.779,0.085,DoS_DDoS,1
683,TCP,SSH,1014,284,22,1900.16,32.21,4,18,1,1,12,0.882,0.067,58,6,0.242,0.361,BruteForce,1
3383,TCP,SSH,113,6932,18,2082.41,5.32,1,18,1,0,0,0.773,0.132,4,34,0.019,0.001,Benign,0
1176,TCP,HTTPS,334,5307,13,4796.36,11.05,2,13,1,0,0,0.92,0.031,44,84,0.041,0.028,Benign,0
1317,TCP,HTTPS,2733,2294,24,3816.72,18.22,1,24,1,0,0,0.828,0.108,43,48,0.045,0.03,Benign,0
31,TCP,HTTPS,528,4775,15,170514.47,482.32,1,15,1,0,0,0.863,0.061,26,49,0.002,0.035,Benign,0
9,TCP,HTTP,21663,47,515,2385714.29,56593.41,462,42,0,74,0,0.884,0.055,233,247,0.769,0.16,DoS_DDoS,1
725,TCP,HTTPS,2846,61504,89,88746.38,122.74,1,89,1,0,0,0.842,0.015,49,59,0.043,0.023,Benign,0
316,TCP,HTTPS,1344,46285,14,150677.0,44.29,1,14,1,0,0,0.768,0.134,7,27,0.033,0.035,Benign,0
693,UDP,HTTPS,891,13638,38,20962.34,54.83,1,38,2,0,0,0.86,0.111,28,80,0.037,0.036,Benign,0
91,TCP,DNS,38603,121,63,425071.35,691.55,46,4,0,11,0,0.94,0.0,241,205,0.856,0.154,DoS_DDoS,1
2351,UDP,HTTPS,8124,4487,10,5363.87,4.25,1,10,1,0,0,0.993,0.013,23,68,0.036,0.038,Benign,0
876,UDP,HTTPS,1704,1100,126,3200.55,143.82,1,126,1,0,0,0.86,0.054,32,87,0.012,0.04,Benign,0
2035,UDP,HTTP,15738,3639,36,9521.4,17.69,2,36,1,0,0,0.782,0.027,10,98,0.0,0.036,Benign,0
297,UDP,HTTPS,188,13628,50,46502.86,168.29,2,50,1,0,0,0.958,0.026,47,83,0.039,0.023,Benign,0
316,TCP,HTTPS,1120,2027,26,9955.71,82.25,1,26,1,0,0,0.949,0.139,7,61,0.018,0.034,Benign,0
58,TCP,HTTPS,23108,50,359,398588.64,6179.0,259,27,0,37,0,0.968,0.046,251,177,0.935,0.025,DoS_DDoS,1
158,UDP,HTTPS,3086,4965,200,50923.47,1265.02,1,200,2,0,0,0.892,0.055,13,39,0.049,0.025,Benign,0
4648,TCP,FTP,999,289,54,277.1,11.62,2,52,1,3,3,0.803,0.021,41,27,0.214,0.591,BruteForce,1
1557,UDP,HTTP,503,7409,7,5081.24,4.5,2,7,1,0,0,0.906,0.077,38,44,0.006,0.032,Benign,0
10,TCP,DNS,23944,9,362,2371584.16,35841.58,323,10,0,40,0,0.958,0.076,191,165,0.865,0.085,DoS_DDoS,1
4754,TCP,DNS,474,19824,16,4269.58,3.37,1,15,1,0,0,0.736,0.183,26,19,0.095,0.05,Botnet_C2,1
5352,TCP,SSH,1259,789,31,382.65,5.79,2,29,1,2,6,0.976,0.045,71,31,0.106,0.515,BruteForce,1
513,TCP,DNS,486,854,13,2611.58,25.34,1,13,1,0,0,0.817,0.034,10,42,0.012,0.035,Benign,0
93,TCP,HTTP,2150,50,544,23630.5,5843.18,502,13,0,113,0,0.964,0.007,235,216,0.86,0.182,DoS_DDoS,1
495,TCP,HTTP,496,12073,32,25386.79,64.63,1,32,1,0,0,0.989,0.034,48,88,0.028,0.01,Benign,0
222,TCP,HTTPS,2578,991,12,16069.34,54.03,1,12,1,0,0,0.937,0.141,34,85,0.008,0.019,Benign,0
974,TCP,DNS,3536,1572,31,5243.81,31.82,2,31,1,0,0,0.835,0.041,24,56,0.047,0.001,Benign,0
5396,TCP,SSH,695,529,54,226.83,10.01,3,51,1,3,8,0.823,0.044,21,26,0.242,0.483,BruteForce,1
1951,TCP,SSH,1048,952,19,1025.06,9.74,5,14,1,1,3,0.945,0.081,35,5,0.051,0.423,BruteForce,1
813,TCP,HTTPS,1647,1285,15,3605.95,18.45,1,15,1,0,0,0.968,0.033,30,44,0.018,0.025,Benign,0
16,TCP,HTTP,56,0,1,3478.26,62.11,1,0,0,0,0,0.197,0.715,218,2,0.929,0.576,PortScan,1
1066,TCP,HTTPS,1585,2025,59,3386.17,55.34,1,59,1,0,0,0.822,0.115,49,54,0.046,0.005,Benign,0
17,TCP,HTTP,92,0,3,5380.12,175.44,3,0,0,0,0,0.145,0.926,242,11,0.507,0.343,PortScan,1
973,UDP,HTTPS,4611,13918,16,19041.21,16.44,1,16,1,0,0,0.812,0.023,37,41,0.032,0.031,Benign,0
36,TCP,OTHER,75,0,1,2077.56,27.7,1,0,0,0,0,0.107,0.888,211,3,0.62,0.334,PortScan,1
1672,TCP,SSH,412,863,50,762.51,29.9,2,48,1,3,10,0.846,0.032,64,16,0.141,0.314,BruteForce,1
51,TCP,DNS,59374,46,276,1162818.0,5401.17,255,0,0,79,0,0.9,0.05,215,175,0.99,0.023,DoS_DDoS,1
471,TCP,HTTPS,234,155000,17,329513.9,36.09,1,17,1,0,0,0.775,0.102,48,78,0.014,0.027,Benign,0
208,UDP,HTTPS,261,10037,121,49485.82,581.45,2,121,1,0,0,0.774,0.015,35,41,0.035,0.001,Benign,0
15,TCP,HTTP,46,0,2,3046.36,132.45,2,0,0,0,0,0.036,0.932,234,12,0.642,0.53,PortScan,1
186,TCP,SSH,672,142,24,4373.99,128.96,1,24,1,0,0,0.847,0.069,6,63,0.048,0.036,Benign,0
3818,TCP,HTTPS,4236,361,64,1204.0,16.76,1,64,1,0,0,0.802,0.06,8,37,0.003,0.009,Benign,0
87,TCP,HTTPS,20058,14,4417,230447.76,50711.83,3368,112,0,1587,0,0.873,0.01,246,176,0.722,0.003,DoS_DDoS,1
1300,TCP,SSH,811,1444,14,1734.48,10.77,1,14,1,0,0,0.774,0.134,15,18,0.003,0.032,Benign,0
496,UDP,HTTPS,3186,2368,62,11195.32,124.97,1,62,1,0,0,0.993,0.004,23,63,0.017,0.017,Benign,0
173,TCP,SMTP,6075,666,10,38942.81,57.77,1,10,1,0,0,0.93,0.077,45,83,0.015,0.012,Benign,0
1340,TCP,HTTPS,1579,2441,8,2999.78,5.97,1,8,1,0,0,0.765,0.138,3,24,0.008,0.034,Benign,0
5,TCP,FTP,57,0,2,11176.47,392.16,2,0,0,0,0,0.023,0.712,241,2,0.726,0.47,PortScan,1
59,TCP,DNS,1626,37,276,28138.75,4670.05,195,14,0,88,0,0.98,0.026,222,231,0.816,0.17,DoS_DDoS,1
5792,TCP,FTP,1076,1885,54,511.21,9.32,3,51,1,3,13,0.911,0.075,67,39,0.033,0.35,BruteForce,1
84,TCP,HTTP,6302,3612,30,117883.47,356.72,2,30,1,0,0,0.924,0.092,38,97,0.024,0.013,Benign,0
6,TCP,OTHER,73,0,3,11967.21,491.8,3,0,0,0,0,0.178,0.859,232,5,0.899,0.35,PortScan,1
104,TCP,HTTP,3751,57,520,36580.21,4995.2,472,21,0,168,0,0.873,0.042,217,233,0.905,0.156,DoS_DDoS,1
154,TCP,HTTP,5061,21,995,32978.59,6456.85,863,14,0,329,0,0.904,0.08,206,247,0.951,0.147,DoS_DDoS,1
158,TCP,DNS,411,7598,20,50657.81,126.5,2,20,1,0,0,0.964,0.007,44,91,0.021,0.019,Benign,0
17,TCP,SSH,54,42,3,5614.04,175.44,3,0,0,1,0,0.145,0.745,210,11,0.73,0.305,PortScan,1
29,TCP,OTHER,55,0,2,1890.03,68.73,2,0,0,0,0,0.111,0.807,220,14,0.634,0.736,PortScan,1
428,UDP,HTTPS,528,36983,33,87622.05,77.08,1,33,1,0,0,0.981,0.127,43,54,0.038,0.013,Benign,0
418,UDP,HTTP,345,18844,12,45895.72,28.7,2,12,1,0,0,0.848,0.04,33,36,0.03,0.037,Benign,0
39,TCP,SSH,42,0,1,1074.17,25.58,1,0,0,0,0,0.195,0.777,238,11,0.823,0.724,PortScan,1
636,TCP,DNS,10036,11195,31,33376.83,48.73,1,31,1,0,0,0.985,0.109,22,58,0.02,0.01,Benign,0
1778,TCP,HTTP,814,453,32,712.56,18.0,1,32,1,0,0,0.802,0.05,10,81,0.028,0.018,Benign,0
620,TCP,HTTPS,1675,46256,17,77295.6,27.41,1,17,1,0,0,0.808,0.066,15,40,0.009,0.021,Benign,0
61,TCP,HTTP,2056,503,12,41882.16,196.4,1,12,1,0,0,0.965,0.1,13,68,0.047,0.038,Benign,0
596,UDP,HTTPS,7590,2454,86,16849.52,144.27,1,86,1,0,0,0.962,0.122,7,45,0.034,0.02,Benign,0
3652,UDP,HTTP,5190,23,13,1427.4,3.56,1,13,1,0,0,0.907,0.032,36,96,0.024,0.011,Benign,0
1152,TCP,DNS,1250,22907,27,20967.8,23.44,2,27,1,0,0,0.82,0.14,40,60,0.041,0.02,Benign,0
625,TCP,HTTPS,2320,5996,7,13303.47,11.2,1,7,2,0,0,0.86,0.119,49,49,0.006,0.025,Benign,0
4749,TCP,HTTPS,414,4978,21,1135.37,4.42,1,20,1,0,0,0.775,0.406,46,18,0.073,0.094,Botnet_C2,1
6,TCP,OTHER,105,0,3,17213.11,491.8,3,0,0,0,0,0.034,0.985,228,14,0.506,0.427,PortScan,1
12,UDP,HTTP,49420,28,364,4086611.57,30082.64,341,33,0,69,0,0.85,0.041,241,236,0.822,0.134,DoS_DDoS,1
339,TCP,HTTPS,4130,3457,73,22373.93,215.28,1,73,1,0,0,0.884,0.108,30,54,0.041,0.016,Benign,0
430,TCP,SSH,367,12218,59,29260.64,137.18,1,59,1,0,0,0.904,0.116,41,65,0.027,0.002,Benign,0
22,TCP,OTHER,84,0,1,3800.9,45.25,1,0,0,0,0,0.092,0.788,225,10,0.776,0.494,PortScan,1
4670,TCP,IRC,477,4938,9,1159.5,1.93,1,8,1,0,0,0.475,0.302,31,10,0.119,0.061,Botnet_C2,1
11241,TCP,FTP,763,629,55,123.83,4.89,4,51,1,2,10,0.941,0.073,30,13,0.154,0.386,BruteForce,1
5325,TCP,IRC,418,1913,17,437.74,3.19,1,16,1,0,0,0.789,0.341,19,3,0.008,0.046,Botnet_C2,1
354,TCP,HTTPS,1095,5785,7,19429.54,19.77,1,7,2,0,0,0.91,0.123,21,93,0.013,0.011,Benign,0
129,TCP,HTTP,73048,206,491,567420.6,3803.25,389,25,0,65,0,0.883,0.055,247,168,0.894,0.167,DoS_DDoS,1
20,TCP,HTTP,12423,225,1235,629253.73,61442.79,886,89,0,309,0,0.851,0.026,187,237,0.935,0.033,DoS_DDoS,1
12,TCP,HTTP,1179,36,2686,100413.22,221983.47,2504,138,0,593,0,0.993,0.077,251,254,0.866,0.191,DoS_DDoS,1
1163,TCP,HTTPS,2990,2989,23,5140.57,19.77,2,23,1,0,0,0.836,0.012,37,77,0.033,0.019,Benign,0
1301,TCP,HTTPS,1787,1846,10,2792.25,7.69,2,10,1,0,0,0.877,0.129,45,73,0.037,0.034,Benign,0
23,TCP,OTHER,44,0,1,1904.76,43.29,1,0,0,0,0,0.064,0.735,228,6,0.652,0.786,PortScan,1
3618,TCP,FTP,1164,881,18,565.21,4.97,5,13,1,1,11,0.863,0.081,70,23,0.072,0.216,BruteForce,1
44,TCP,OTHER,83,33,3,2630.39,68.03,3,0,0,1,0,0.136,0.936,253,11,0.532,0.645,PortScan,1
397,UDP,HTTP,657,2275,21,7383.53,52.88,1,21,1,0,0,0.8,0.107,35,67,0.03,0.037,Benign,0
701,TCP,HTTPS,1603,1642,21,4628.44,29.95,1,21,1,0,0,0.807,0.032,41,56,0.049,0.013,Benign,0
381,UDP,HTTPS,4109,11134,10,39997.38,26.24,1,10,1,0,0,0.993,0.08,11,75,0.018,0.024,Benign,0
3522,TCP,HTTP,1136,51392,20,14913.83,5.68,1,20,1,0,0,0.979,0.054,7,70,0.038,0.007,Benign,0
2410,TCP,HTTP,711,1785,10,1035.64,4.15,1,10,1,0,0,0.842,0.087,2,66,0.002,0.007,Benign,0
17,TCP,OTHER,74,0,1,4327.49,58.48,1,0,0,0,0,0.137,0.901,245,5,0.792,0.529,PortScan,1
133,TCP,HTTP,6816,120,1719,52111.19,12915.1,1378,10,0,177,0,0.924,0.006,194,166,0.735,0.006,DoS_DDoS,1
42,TCP,SSH,56,0,3,1330.17,71.26,3,0,0,0,0,0.077,0.775,216,8,0.664,0.441,PortScan,1
26,TCP,FTP,55,0,2,2107.28,76.63,2,0,0,0,0,0.165,0.914,203,8,0.618,0.477,PortScan,1
2628,TCP,HTTP,974,6886,23,2990.75,8.75,1,23,1,1,0,0.845,0.111,28,53,0.028,0.004,Benign,0
199,TCP,HTTPS,3638,666,21,21617.28,105.47,1,21,1,0,0,0.996,0.055,10,55,0.044,0.021,Benign,0
678,TCP,SSH,2319,4662,22,10294.94,32.44,1,22,1,0,0,0.999,0.011,28,43,0.044,0.033,Benign,0
242,TCP,HTTPS,643,17467,5,74803.8,20.65,2,5,1,0,0,0.772,0.089,28,62,0.021,0.017,Benign,0
82,UDP,HTTPS,13565,73,437,166114.49,5322.78,340,26,0,118,0,0.955,0.043,184,216,0.754,0.186,DoS_DDoS,1
49,UDP,HTTP,11403,14,1868,232525.46,38044.81,1740,122,0,651,0,0.899,0.023,245,164,0.937,0.014,DoS_DDoS,1
383,TCP,HTTPS,54243,67,485,141764.55,1265.99,457,13,0,108,0,0.892,0.037,246,176,0.79,0.163,DoS_DDoS,1
2588,TCP,SMTP,13157,39904,41,20501.91,15.84,1,41,1,0,0,0.823,0.138,19,38,0.003,0.018,Benign,0
2867,UDP,HTTPS,6909,4828,20,4093.68,6.98,1,20,1,0,0,0.938,0.011,32,94,0.047,0.023,Benign,0
764,TCP,HTTP,3518,7191,32,14015.18,41.88,2,32,1,0,0,0.955,0.105,12,54,0.022,0.023,Benign,0
37,TCP,OTHER,73,35,2,2911.05,53.91,2,0,0,1,0,0.09,0.741,201,3,0.902,0.68,PortScan,1
3,TCP,FTP,95,0,1,30645.16,322.58,1,0,0,0,0,0.037,0.791,227,13,0.764,0.748,PortScan,1
196,UDP,HTTPS,26436,16547,148,219189.19,754.72,1,148,1,0,0,0.858,0.102,8,61,0.017,0.012,Benign,0
2178,TCP,HTTP,1336,1295,43,1207.93,19.74,1,43,1,0,0,0.974,0.143,33,56,0.007,0.015,Benign,0
581,TCP,HTTPS,372,6754,9,12262.95,15.49,1,9,1,0,0,0.929,0.014,7,90,0.033,0.026,Benign,0
83,TCP,HTTPS,30199,106,2499,364681.11,30072.2,2360,230,0,695,0,0.873,0.027,231,230,0.953,0.157,DoS_DDoS,1
36,ICMP,HTTP,1997,35,205,56288.09,5678.67,146,9,0,65,0,0.93,0.078,198,183,0.841,0.186,DoS_DDoS,1
948,TCP,DNS,3380,4374,11,8178.46,11.6,1,11,1,0,0,0.997,0.054,15,33,0.007,0.012,Benign,0
35,TCP,HTTP,3235,136,848,96039.89,24159.54,743,26,0,301,0,0.95,0.055,249,249,0.985,0.077,DoS_DDoS,1
3,TCP,OTHER,87,0,2,28064.52,645.16,2,0,0,0,0,0.001,0.967,234,3,0.825,0.321,PortScan,1
147,TCP,HTTPS,11522,18,712,78450.03,4840.24,602,49,0,245,0,0.895,0.021,187,180,0.822,0.032,DoS_DDoS,1
41,UDP,HTTPS,1661,3523,11,126131.39,267.64,1,11,1,1,0,0.837,0.011,31,62,0.027,0.015,Benign,0
2111,TCP,DNS,3213,43892,35,22313.01,16.58,1,35,1,0,0,0.755,0.005,7,55,0.046,0.03,Benign,0
24,TCP,HTTP,3779,16367,14,835933.61,580.91,1,14,1,0,0,0.772,0.092,7,94,0.016,0.007,Benign,0
26,TCP,OTHER,52,0,3,1992.34,114.94,3,0,0,0,0,0.016,0.966,221,1,0.922,0.412,PortScan,1
2571,TCP,SSH,985,2782,6,1465.13,2.33,1,6,2,0,0,0.861,0.135,3,81,0.024,0.036,Benign,0
821,TCP,HTTPS,455,7076,24,9171.84,29.23,1,24,1,0,0,0.777,0.148,1,68,0.033,0.008,Benign,0
2208,TCP,HTTPS,9482,4607,38,6380.6,17.21,1,38,1,0,0,0.838,0.005,30,54,0.001,0.037,Benign,0
3288,TCP,SSH,941,806,20,531.31,6.08,4,16,1,1,8,0.801,0.028,18,19,0.196,0.236,BruteForce,1
153,TCP,HTTP,18578,166,581,122429.78,3794.91,469,23,0,137,0,0.979,0.047,210,154,0.981,0.168,DoS_DDoS,1
1599,TCP,HTTPS,312,13137,20,8410.36,12.51,1,20,1,0,0,0.885,0.027,10,71,0.046,0.008,Benign,0
652,TCP,HTTPS,3070,14240,26,26545.01,39.87,1,26,1,0,0,0.892,0.036,38,60,0.016,0.007,Benign,0
207,TCP,HTTP,10624,21,2334,51400.29,11269.92,1931,54,0,772,0,0.88,0.066,212,178,0.77,0.148,DoS_DDoS,1
349,UDP,SMTP,1699,5964,27,21950.73,77.34,2,27,1,1,0,0.973,0.019,37,71,0.012,0.023,Benign,0
3357,UDP,HTTPS,1788,6050,22,2334.75,6.55,1,22,1,0,0,0.955,0.072,46,55,0.035,0.034,Benign,0
1672,TCP,HTTPS,15344,994,40,9770.95,23.92,1,40,1,0,0,0.779,0.023,3,86,0.032,0.03,Benign,0
871,TCP,HTTPS,4129,10669,49,16987.72,56.25,1,49,1,1,0,0.82,0.031,32,67,0.018,0.038,Benign,0
268,UDP,HTTP,55,10945,58,41029.47,216.34,2,58,1,0,0,0.757,0.021,8,67,0.022,0.026,Benign,0
698,TCP,HTTPS,2109,923,50,4343.22,71.62,1,50,1,0,0,0.908,0.01,23,95,0.02,0.027,Benign,0
4892,TCP,HTTPS,402,57771,21,11891.21,4.29,1,20,1,0,0,0.832,0.208,18,20,0.141,0.065,Botnet_C2,1
9,TCP,HTTP,81,0,1,8901.1,109.89,1,0,0,0,0,0.008,0.942,201,12,0.613,0.345,PortScan,1
60,UDP,HTTP,4174,290,288,74276.21,4792.01,223,9,0,63,0,0.993,0.035,185,213,0.98,0.158,DoS_DDoS,1
2476,TCP,HTTP,3499,325,72,1544.36,29.08,2,72,1,0,0,0.82,0.053,20,47,0.013,0.01,Benign,0
165,TCP,HTTPS,4537,7922,8,75463.36,48.46,1,8,1,0,0,0.961,0.109,46,47,0.0,0.029,Benign,0
2959,TCP,SSH,583,1853,48,823.22,16.22,5,43,1,2,7,0.891,0.059,73,22,0.025,0.515,BruteForce,1
567,TCP,HTTP,122,62223,5,109936.52,8.82,1,5,1,0,0,0.858,0.062,8,85,0.028,0.028,Benign,0
1058,TCP,HTTPS,842,298,24,1077.4,22.68,1,24,1,0,0,0.805,0.026,4,56,0.027,0.0,Benign,0
721,TCP,HTTP,6839,15491,8,30966.58,11.09,1,8,1,0,0,0.837,0.011,45,91,0.028,0.018,Benign,0
1224,TCP,HTTPS,38942,9726,12,39758.19,9.8,1,12,2,0,0,0.956,0.078,45,80,0.006,0.029,Benign,0
2838,UDP,HTTP,1607,4581,11,2180.33,3.88,1,11,2,0,0,0.902,0.08,20,76,0.029,0.037,Benign,0
281,TCP,HTTP,4170,36598,25,145030.24,88.94,1,25,1,0,0,0.768,0.125,46,95,0.048,0.017,Benign,0
4531,UDP,IRC,384,5549,17,1309.4,3.75,1,16,1,0,0,0.837,0.473,23,21,0.111,0.071,Botnet_C2,1
2588,UDP,DNS,667,138,35,311.04,13.52,1,35,1,0,0,0.766,0.023,10,19,0.027,0.031,Benign,0
399,TCP,HTTP,547,5988,20,16374.34,50.11,2,20,1,0,0,0.812,0.1,20,80,0.025,0.027,Benign,0
306,TCP,DNS,2291,916,38,10476.97,124.14,1,38,1,0,0,0.839,0.146,39,82,0.015,0.038,Benign,0
2113,TCP,HTTPS,825,30335,23,14746.11,10.88,1,23,1,0,0,0.983,0.059,41,97,0.03,0.002,Benign,0
14,TCP,HTTPS,5284,2890,23,579716.31,1631.21,1,23,1,0,0,0.817,0.118,24,33,0.01,0.014,Benign,0
35,TCP,FTP,98,33,2,3732.19,56.98,2,0,0,1,0,0.071,0.712,235,1,0.773,0.723,PortScan,1
658,TCP,SSH,1800,24399,9,39810.06,13.68,2,9,1,0,0,0.899,0.12,24,51,0.044,0.005,Benign,0
5219,TCP,IRC,614,2193,15,537.83,2.87,1,14,1,0,0,0.554,0.409,35,4,0.025,0.086,Botnet_C2,1
1893,TCP,HTTP,4916,6335,17,5943.16,8.98,1,17,1,0,0,0.962,0.019,42,76,0.02,0.012,Benign,0
26,UDP,HTTP,5786,30,4441,222835.25,170153.26,3481,17,0,1321,0,0.859,0.077,230,206,0.81,0.149,DoS_DDoS,1
644,UDP,HTTPS,1376,11379,25,19802.83,38.81,1,25,1,0,0,0.923,0.145,44,98,0.007,0.027,Benign,0
548,TCP,HTTPS,529,4937,86,9972.63,156.91,1,86,1,0,0,0.994,0.048,11,13,0.046,0.035,Benign,0
5475,TCP,IRC,515,20157,23,3775.64,4.2,1,22,1,0,0,0.763,0.468,47,12,0.098,0.025,Botnet_C2,1
2104,TCP,SMTP,388,1089,35,701.96,16.63,1,35,1,0,0,0.877,0.079,20,73,0.036,0.008,Benign,0
888,TCP,HTTPS,784,1029,24,2041.44,27.02,1,24,1,0,0,0.773,0.088,22,60,0.042,0.032,Benign,0
4600,TCP,HTTPS,911,30311,11,6787.24,2.39,1,10,1,0,0,0.473,0.203,10,10,0.079,0.038,Botnet_C2,1
506,TCP,HTTPS,2650,1360,19,7923.34,37.54,1,19,1,1,0,0.934,0.013,43,51,0.036,0.018,Benign,0
984,TCP,HTTPS,3719,3621,23,7458.59,23.37,1,23,1,0,0,0.892,0.025,18,43,0.016,0.02,Benign,0
250,TCP,HTTP,3269,2807,10,24294.28,39.98,1,10,1,0,0,0.964,0.022,13,59,0.028,0.006,Benign,0
1347,UDP,DNS,1008,47401,21,35935.71,15.59,1,21,1,0,0,0.987,0.032,15,56,0.012,0.017,Benign,0
264,TCP,HTTPS,1582,356,8,7338.13,30.29,1,8,2,0,0,0.802,0.101,23,88,0.013,0.012,Benign,0
1341,TCP,HTTP,4500,135350,28,104280.07,20.88,1,28,2,0,0,0.816,0.134,39,56,0.036,0.016,Benign,0
4943,TCP,IRC,695,6624,23,1480.65,4.65,1,22,1,0,0,0.448,0.151,11,21,0.1,0.092,Botnet_C2,1
358,TCP,DNS,22585,34,156,63163.92,435.63,124,6,0,49,0,0.941,0.065,188,172,0.779,0.17,DoS_DDoS,1
15,TCP,OTHER,74,39,3,7483.44,198.68,3,0,0,1,0,0.059,0.914,254,7,0.61,0.441,PortScan,1
1109,UDP,HTTPS,20953,5928,9,24236.77,8.11,1,9,1,0,0,0.853,0.04,36,50,0.004,0.002,Benign,0
926,UDP,HTTP,1348,4783,34,6620.24,36.71,1,34,1,0,0,0.781,0.007,46,49,0.003,0.013,Benign,0
5314,UDP,IRC,677,2310,11,562.09,2.07,1,10,1,0,0,0.659,0.404,30,22,0.15,0.093,Botnet_C2,1
9229,TCP,SSH,565,434,30,108.24,3.25,4,26,1,1,10,0.915,0.047,23,10,0.017,0.464,BruteForce,1
5651,ICMP,HTTPS,1367,2408,13,668.01,2.3,1,13,1,0,0,0.963,0.117,6,35,0.026,0.028,Benign,0
38,TCP,OTHER,107,0,2,2808.4,52.49,2,0,0,0,0,0.115,0.957,222,2,0.614,0.51,PortScan,1
453,UDP,HTTP,1348,5180,10,14407.42,22.07,1,10,2,0,0,0.851,0.059,4,64,0.032,0.029,Benign,0
852,TCP,DNS,2477,4889,52,8644.53,61.03,1,52,1,0,0,0.916,0.068,45,67,0.001,0.035,Benign,0
3897,TCP,HTTP,921,22483,32,6005.49,8.21,1,32,1,0,0,0.871,0.028,7,44,0.026,0.025,Benign,0
2962,TCP,HTTPS,2453,1715,7,1407.11,2.36,1,7,1,0,0,0.943,0.124,9,61,0.034,0.032,Benign,0
315,TCP,DNS,4150,3505,20,24293.87,63.47,1,20,1,0,0,0.998,0.135,12,98,0.045,0.028,Benign,0
2743,UDP,HTTPS,428,3498,14,1431.23,5.1,1,14,1,0,0,0.95,0.146,44,49,0.045,0.022,Benign,0
284,TCP,DNS,1195,985,60,7673.35,211.19,1,60,2,0,0,0.875,0.128,37,41,0.014,0.016,Benign,0
706,TCP,HTTP,1310,3736,97,7146.3,137.37,1,97,1,0,0,0.83,0.081,7,15,0.002,0.021,Benign,0
235,TCP,DNS,4656,103,879,20242.45,3738.83,689,14,0,232,0,0.886,0.019,251,222,0.999,0.012,DoS_DDoS,1
573,UDP,HTTPS,90,1010,166,1919.39,289.65,1,166,1,0,0,0.86,0.021,14,76,0.039,0.026,Benign,0
5192,TCP,IRC,479,2737,20,619.4,3.85,1,19,1,0,0,0.811,0.23,17,10,0.078,0.0,Botnet_C2,1
398,UDP,HTTP,9372,1100,30,26304.95,75.36,1,30,1,0,0,0.917,0.087,10,62,0.032,0.037,Benign,0
5299,TCP,HTTPS,752,5676,11,1213.04,2.08,1,10,1,0,0,0.5,0.485,47,4,0.073,0.084,Botnet_C2,1
21,TCP,SSH,89,0,3,4218.01,142.18,3,0,0,0,0,0.006,0.802,214,14,0.672,0.632,PortScan,1
4456,TCP,HTTPS,449,13070,16,3033.82,3.59,1,15,1,0,0,0.808,0.393,13,23,0.091,0.017,Botnet_C2,1
1638,TCP,HTTPS,1535,29098,51,18700.32,31.13,1,51,1,0,0,0.894,0.001,15,47,0.049,0.006,Benign,0
32,TCP,HTTP,112,0,3,3489.1,93.46,3,0,0,0,0,0.043,0.761,207,7,0.543,0.594,PortScan,1
7300,TCP,SSH,1596,776,34,324.93,4.66,2,32,1,2,7,0.871,0.03,34,28,0.099,0.589,BruteForce,1
390,UDP,HTTPS,1033,2231,8,8367.09,20.51,1,8,1,0,0,0.903,0.012,10,58,0.024,0.037,Benign,0
44,TCP,HTTP,82038,8,791,1860453.51,17936.51,637,10,0,118,0,0.942,0.045,204,172,0.939,0.073,DoS_DDoS,1
5229,TCP,HTTPS,402,9719,20,1935.51,3.82,1,19,1,0,0,0.834,0.314,12,12,0.004,0.023,Botnet_C2,1
423,UDP,DNS,487,539,12,2424.96,28.36,1,12,1,0,0,0.982,0.004,29,53,0.036,0.021,Benign,0
4685,TCP,DNS,446,15241,21,3348.27,4.48,1,20,1,0,0,0.687,0.35,8,26,0.08,0.073,Botnet_C2,1
955,TCP,SMTP,2303,1530,21,4013.19,21.99,1,21,1,0,0,0.96,0.053,34,65,0.035,0.007,Benign,0
121,ICMP,HTTP,17818,121,441,148133.77,3641.62,414,6,0,123,0,0.972,0.066,182,157,0.864,0.06,DoS_DDoS,1
172,TCP,HTTPS,3663,9473,14,76327.72,81.35,1,14,1,0,0,0.76,0.108,42,72,0.023,0.033,Benign,0
20,UDP,HTTP,15404,106,2864,771641.79,142487.56,2347,276,0,690,0,0.96,0.013,186,192,0.764,0.07,DoS_DDoS,1
816,TCP,HTTPS,1656,310,38,2409.02,46.56,1,38,1,0,0,0.803,0.13,11,28,0.022,0.01,Benign,0
993,UDP,SSH,1131,757,34,1901.12,34.24,1,34,1,0,0,0.751,0.058,8,87,0.049,0.027,Benign,0
169,UDP,HTTPS,68688,33,200,406392.67,1182.73,161,13,0,52,0,0.878,0.002,231,200,0.851,0.072,DoS_DDoS,1
58,TCP,HTTPS,23181,12,213,399191.05,3666.09,168,9,0,22,0,0.977,0.071,197,254,0.933,0.014,DoS_DDoS,1
35,TCP,OTHER,48,0,3,1367.52,85.47,3,0,0,0,0,0.019,0.929,208,5,0.821,0.566,PortScan,1
2050,UDP,HTTP,4870,5971,69,5288.03,33.66,2,69,1,0,0,0.905,0.03,30,91,0.039,0.033,Benign,0
671,TCP,HTTPS,99,580,52,1011.77,77.48,1,52,1,0,0,0.837,0.142,31,95,0.0,0.038,Benign,0
2957,UDP,DNS,2013,835,19,963.11,6.43,1,19,1,0,0,0.929,0.078,21,43,0.022,0.036,Benign,0
5674,UDP,OTHER,297,16162,20,2900.72,3.52,1,19,1,0,0,0.435,0.282,36,11,0.077,0.055,Botnet_C2,1
523,UDP,HTTPS,819,8444,82,17707.9,156.76,1,82,1,0,0,0.846,0.037,25,80,0.026,0.005,Benign,0
1202,TCP,SSH,944,38803,12,33064.64,9.98,1,12,1,0,0,0.854,0.068,2,51,0.038,0.0,Benign,0
1391,TCP,SSH,1673,2287,22,2846.67,15.81,1,22,1,0,0,0.914,0.146,17,30,0.042,0.009,Benign,0
397,UDP,HTTP,146737,111,953,369801.06,2399.9,688,3,0,218,0,0.974,0.033,208,254,0.77,0.008,DoS_DDoS,1
86,TCP,DNS,13382,40,336,155888.5,3902.44,270,5,0,38,0,0.897,0.043,186,154,0.844,0.026,DoS_DDoS,1
960,TCP,HTTPS,1422,7552,23,9346.94,23.96,1,23,1,0,0,0.972,0.095,49,66,0.034,0.01,Benign,0
3510,TCP,SSH,1373,1389,46,786.87,13.11,4,42,1,1,8,0.803,0.081,11,11,0.121,0.569,BruteForce,1
3864,TCP,DNS,3763,177967,7,47030.36,1.81,1,7,1,0,0,0.868,0.042,21,67,0.005,0.032,Benign,0
25,TCP,SSH,72,0,2,2868.53,79.68,2,0,0,0,0,0.047,0.752,229,11,0.775,0.554,PortScan,1
3,TCP,HTTP,96,0,2,30967.74,645.16,2,0,0,0,0,0.055,0.835,205,4,0.669,0.75,PortScan,1
64,UDP,HTTPS,17668,17,1049,275897.04,16365.05,941,29,0,158,0,0.991,0.034,204,237,0.943,0.137,DoS_DDoS,1
439,UDP,HTTPS,3660,4868,18,19421.54,40.99,2,18,1,0,0,0.827,0.127,14,68,0.012,0.028,Benign,0
598,TCP,HTTPS,581,1114,15,2833.97,25.08,1,15,2,0,0,0.904,0.029,49,54,0.027,0.036,Benign,0
61,TCP,HTTP,7224,70,4844,119378.07,79279.87,4559,289,0,1403,0,0.928,0.025,253,251,0.81,0.117,DoS_DDoS,1
146,TCP,HTTPS,10735,1781,19,85667.35,130.05,1,19,1,0,0,0.99,0.096,42,46,0.047,0.022,Benign,0
104,TCP,HTTPS,1014,7782,9,84495.68,86.46,1,9,1,0,0,0.812,0.06,36,88,0.041,0.01,Benign,0
346,TCP,HTTP,3396,11210,23,42201.68,66.45,2,23,2,0,0,0.84,0.123,21,86,0.049,0.033,Benign,0
2372,TCP,HTTPS,530,2120,9,1117.15,3.79,1,9,1,0,0,0.904,0.011,36,40,0.019,0.021,Benign,0
1365,TCP,HTTP,3743,5457,3,6739.43,2.2,1,3,1,0,0,0.829,0.079,15,36,0.008,0.025,Benign,0
180,UDP,DNS,14782,218,4911,83287.06,27268.18,4543,270,0,1383,0,0.901,0.048,182,242,0.872,0.04,DoS_DDoS,1
4790,TCP,DNS,638,7059,18,1606.86,3.76,1,17,1,0,0,0.667,0.281,45,21,0.002,0.018,Botnet_C2,1
951,TCP,HTTP,3589,9167,20,13411.84,21.03,1,20,2,0,0,0.845,0.109,18,34,0.006,0.035,Benign,0
80,UDP,DNS,45797,25,3711,572059.93,46329.59,3091,190,0,721,0,0.939,0.021,198,177,0.975,0.046,DoS_DDoS,1
525,TCP,HTTPS,5629,374,526,11432.11,1001.71,393,32,0,90,0,0.88,0.041,214,239,0.916,0.187,DoS_DDoS,1
4000,TCP,SSH,660,147,29,201.74,7.25,3,26,1,1,4,0.835,0.071,56,37,0.01,0.54,BruteForce,1
92,TCP,HTTPS,2142,4423,35,71281.22,380.02,2,35,1,0,0,0.897,0.015,15,55,0.033,0.001,Benign,0
13,TCP,FTP,101,0,2,7709.92,152.67,2,0,0,0,0,0.116,0.892,242,14,0.554,0.551,PortScan,1
54,TCP,HTTP,12316,6,354,227763.4,6543.44,320,31,0,57,0,0.868,0.067,227,186,0.797,0.01,DoS_DDoS,1
4098,UDP,HTTPS,362,5961,10,1542.91,2.44,1,9,1,0,0,0.425,0.447,35,20,0.067,0.034,Botnet_C2,1
2174,UDP,HTTPS,5334,27347,11,15031.97,5.06,1,11,1,0,0,0.898,0.097,7,57,0.004,0.015,Benign,0
390,TCP,HTTP,1352,15837,14,44063.06,35.89,1,14,1,0,0,0.806,0.034,21,28,0.047,0.004,Benign,0
4666,TCP,DNS,352,11338,17,2505.3,3.64,1,16,1,0,0,0.773,0.256,45,7,0.075,0.025,Botnet_C2,1
243,UDP,HTTP,1980,10723,33,52254.22,135.75,1,33,1,0,0,0.923,0.059,46,95,0.007,0.024,Benign,0
136,ICMP,HTTP,1786,80,404,13710.51,2968.41,305,13,0,126,0,0.957,0.026,240,151,0.938,0.123,DoS_DDoS,1
1900,TCP,FTP,977,770,27,919.43,14.21,5,22,1,1,11,0.877,0.067,52,24,0.004,0.377,BruteForce,1
282,TCP,HTTP,4271,10423,11,52087.91,38.99,1,11,1,0,0,0.83,0.126,36,99,0.002,0.032,Benign,0
5,TCP,OTHER,114,0,3,22352.94,588.24,3,0,0,0,0,0.112,0.909,238,8,0.874,0.45,PortScan,1
5194,TCP,DNS,314,10135,12,2011.71,2.31,1,11,1,0,0,0.683,0.432,44,10,0.135,0.028,Botnet_C2,1
1908,TCP,HTTPS,2798,1480,32,2242.02,16.77,1,32,1,0,0,0.862,0.086,22,83,0.013,0.001,Benign,0
755,UDP,HTTP,735,3283,33,5321.15,43.7,1,33,1,0,0,0.949,0.135,40,50,0.033,0.03,Benign,0
570,TCP,HTTPS,816,20670,10,37688.12,17.54,1,10,1,0,0,0.812,0.091,41,83,0.049,0.029,Benign,0
654,TCP,HTTPS,125,2259,17,3644.7,25.99,1,17,1,0,0,0.865,0.029,31,89,0.001,0.036,Benign,0
1359,TCP,HTTP,1788,2517,16,3167.54,11.77,1,16,1,0,0,0.812,0.087,7,55,0.017,0.024,Benign,0
686,TCP,HTTPS,12745,5071,7,25967.06,10.2,1,7,1,0,0,0.829,0.124,7,44,0.016,0.018,Benign,0
1277,TCP,HTTPS,10180,9626,15,15508.57,11.75,1,15,1,0,0,0.997,0.074,2,68,0.05,0.035,Benign,0
3813,UDP,HTTP,395,9874,78,2693.08,20.46,1,78,1,0,0,0.792,0.04,2,83,0.047,0.014,Benign,0
376,TCP,HTTPS,2004,2058,41,10800.32,109.01,1,41,1,0,0,0.9,0.01,28,35,0.044,0.013,Benign,0
4606,TCP,SSH,1494,1579,16,667.16,3.47,2,14,1,3,6,0.981,0.037,28,34,0.187,0.521,BruteForce,1
1790,UDP,DNS,1523,17538,26,10648.01,14.52,2,26,1,0,0,0.962,0.026,7,41,0.041,0.012,Benign,0
1839,TCP,HTTP,6641,3740,34,5644.61,18.49,1,34,1,0,0,0.973,0.0,18,30,0.006,0.02,Benign,0
4274,TCP,SMTP,324,4290,71,1079.53,16.61,1,71,1,0,0,0.858,0.005,41,93,0.024,0.027,Benign,0
1248,UDP,HTTPS,2379,15666,39,14457.98,31.25,2,39,1,0,0,0.833,0.075,11,66,0.012,0.004,Benign,0
15,TCP,DNS,1193,284,22,97814.57,1456.95,1,22,1,0,0,0.997,0.07,47,74,0.047,0.02,Benign,0
254,TCP,HTTPS,548,16708,37,67910.27,145.61,1,37,2,0,0,0.874,0.062,42,61,0.031,0.009,Benign,0
26,TCP,HTTPS,3013,11945,22,573103.45,842.91,1,22,1,0,0,0.969,0.124,14,16,0.031,0.014,Benign,0
42,TCP,DNS,4253,6,332,101163.9,7885.99,249,13,0,113,0,0.878,0.071,244,188,0.776,0.082,DoS_DDoS,1
872,TCP,HTTPS,659,1555,6,2538.7,6.88,2,6,1,0,0,0.775,0.048,10,10,0.047,0.016,Benign,0
1281,TCP,HTTP,1443,2564,40,3127.78,31.22,1,40,1,0,0,0.951,0.139,21,95,0.01,0.031,Benign,0
172,TCP,HTTPS,1356,4613,22,34683.32,127.83,1,22,1,0,0,0.797,0.04,14,73,0.032,0.01,Benign,0
3345,TCP,HTTPS,1870,10385,10,3663.57,2.99,1,10,1,0,0,0.936,0.06,41,85,0.046,0.035,Benign,0
1281,TCP,HTTPS,625,21357,13,17158.69,10.15,2,13,1,0,0,0.761,0.064,32,52,0.037,0.036,Benign,0
1995,TCP,DNS,8809,23889,68,16389.15,34.08,1,68,1,0,0,0.768,0.047,3,18,0.049,0.025,Benign,0
882,TCP,HTTPS,350,6816,10,8123.8,11.34,1,10,1,0,0,0.789,0.074,16,55,0.044,0.037,Benign,0
5911,TCP,HTTPS,5994,18138,19,4082.49,3.21,1,19,1,1,0,0.773,0.089,18,21,0.032,0.018,Benign,0
58,TCP,HTTP,39748,50,325,684991.39,5593.8,244,2,0,96,0,0.936,0.066,206,163,0.741,0.072,DoS_DDoS,1
90,TCP,HTTPS,138,3660,37,42153.16,410.65,2,37,1,0,0,0.83,0.057,12,49,0.038,0.033,Benign,0
67,UDP,HTTP,22495,68,242,336259.31,3606.56,226,18,0,76,0,0.964,0.053,184,232,0.876,0.006,DoS_DDoS,1
164,UDP,HTTP,11233,64,2379,68842.17,14497.26,1792,198,0,305,0,0.982,0.066,245,197,0.804,0.04,DoS_DDoS,1
1556,UDP,HTTPS,9561,31144,30,26158.34,19.28,1,30,1,1,0,0.773,0.016,44,66,0.024,0.008,Benign,0
728,TCP,HTTP,5053,69240,7,102036.81,9.61,1,7,1,0,0,0.862,0.092,22,72,0.044,0.008,Benign,0
664,TCP,HTTPS,698,58135,172,88590.57,259.0,1,172,1,1,0,0.76,0.062,22,29,0.036,0.008,Benign,0
20,TCP,OTHER,67,0,3,3333.33,149.25,3,0,0,0,0,0.116,0.721,202,7,0.62,0.54,PortScan,1
4312,TCP,FTP,2154,979,44,726.56,10.2,4,40,1,3,9,0.847,0.088,74,25,0.007,0.375,BruteForce,1
128,UDP,HTTP,1357,49925,47,400327.87,366.9,1,47,1,0,0,0.858,0.123,35,35,0.006,0.001,Benign,0
194,TCP,HTTPS,2522,67029,9,358325.61,46.37,1,9,2,0,0,0.855,0.063,15,99,0.031,0.026,Benign,0
1031,TCP,HTTP,436,468,31,876.73,30.06,1,31,2,0,0,0.908,0.037,15,66,0.029,0.002,Benign,0
25,TCP,OTHER,83,0,2,3306.77,79.68,2,0,0,0,0,0.065,0.808,227,12,0.783,0.602,PortScan,1
8,TCP,OTHER,113,0,3,13950.62,370.37,3,0,0,0,0,0.156,0.896,224,4,0.895,0.699,PortScan,1
4749,TCP,IRC,358,6772,22,1501.34,4.63,1,21,1,0,0,0.714,0.343,33,16,0.006,0.094,Botnet_C2,1
306,UDP,HTTPS,1117,650,11,5772.62,35.94,2,11,1,0,0,0.896,0.081,41,78,0.009,0.013,Benign,0
537,UDP,HTTPS,6297,1701,56,14891.08,104.26,1,56,2,0,0,0.789,0.005,36,48,0.024,0.023,Benign,0
1960,TCP,SSH,1161,587,27,891.79,13.77,3,24,1,2,5,0.939,0.047,42,37,0.13,0.455,BruteForce,1
28,TCP,OTHER,98,0,2,3487.54,71.17,2,0,0,0,0,0.065,0.872,238,5,0.816,0.584,PortScan,1
138,TCP,HTTPS,4368,2,95,31643.74,687.91,86,4,0,24,0,0.998,0.014,219,156,0.842,0.166,DoS_DDoS,1
233,TCP,HTTP,1352,3375,54,20278.85,231.66,2,54,1,0,0,0.867,0.04,36,44,0.006,0.027,Benign,0
1003,UDP,HTTPS,14479,28143,16,42490.28,15.95,1,16,1,0,0,0.764,0.085,42,91,0.047,0.013,Benign,0
4861,UDP,DNS,1026,4696,18,1177.1,3.7,1,17,1,0,0,0.826,0.247,27,17,0.064,0.0,Botnet_C2,1
1420,TCP,HTTP,1413,1576,20,2104.78,14.08,2,20,1,0,0,0.784,0.042,40,52,0.021,0.038,Benign,0
230,UDP,HTTP,77112,125,3511,335667.1,15258.58,3234,46,0,710,0,0.862,0.067,227,182,0.708,0.08,DoS_DDoS,1
532,TCP,HTTPS,51179,21433,9,136463.07,16.91,1,9,1,0,0,0.909,0.016,37,70,0.029,0.03,Benign,0
1132,TCP,DNS,312,1880,36,1936.22,31.8,1,36,1,0,0,0.989,0.129,14,53,0.044,0.036,Benign,0
260,TCP,HTTPS,4717,2342,50,27139.56,192.23,1,50,1,0,0,0.766,0.067,10,33,0.032,0.008,Benign,0
265,TCP,HTTPS,3445,5901,39,35254.62,147.11,1,39,1,1,0,0.864,0.064,25,57,0.044,0.013,Benign,0
67,TCP,DNS,13433,183,1187,202921.01,17690.01,914,13,0,127,0,0.861,0.043,251,196,0.791,0.036,DoS_DDoS,1
3726,TCP,FTP,810,642,25,389.68,6.71,2,23,1,1,9,0.999,0.071,44,21,0.191,0.341,BruteForce,1
36,TCP,HTTPS,7126,1641,8,242853.19,221.61,2,8,1,0,0,0.97,0.133,21,35,0.006,0.011,Benign,0
8,TCP,OTHER,106,22,1,15802.47,123.46,1,0,0,1,0,0.165,0.714,210,12,0.734,0.67,PortScan,1
46,TCP,HTTP,3177,76,1475,70563.99,31995.66,1198,120,0,252,0,0.886,0.045,181,163,0.778,0.042,DoS_DDoS,1
78,TCP,HTTPS,370,2689,16,39167.73,204.87,1,16,1,0,0,0.834,0.002,42,48,0.016,0.021,Benign,0
5251,TCP,OTHER,270,2250,8,479.9,1.52,1,7,1,0,0,0.524,0.44,15,12,0.002,0.039,Botnet_C2,1
5289,TCP,HTTPS,265,9364,14,1820.54,2.65,1,13,1,0,0,0.438,0.268,28,2,0.122,0.056,Botnet_C2,1
108,TCP,HTTP,12540,44,151,116410.73,1396.85,106,2,0,46,0,0.867,0.05,221,222,0.84,0.144,DoS_DDoS,1
1476,UDP,HTTPS,3920,1649,19,3772.78,12.87,1,19,1,0,0,0.894,0.147,43,49,0.042,0.015,Benign,0
298,TCP,HTTP,1201,40016,11,138265.68,36.9,1,11,1,0,0,0.917,0.135,37,76,0.044,0.034,Benign,0
266,UDP,SMTP,2534,3365,14,22168.36,52.61,1,14,1,0,0,0.895,0.039,2,81,0.028,0.026,Benign,0
22,TCP,SSH,107,0,3,4841.63,135.75,3,0,0,0,0,0.064,0.788,251,9,0.756,0.749,PortScan,1
2717,TCP,FTP,565,702,40,466.31,14.72,5,35,1,3,8,0.812,0.02,50,25,0.16,0.54,BruteForce,1
16,TCP,HTTP,17449,6,585,1084161.49,36335.4,414,21,0,201,0,0.901,0.023,208,233,0.934,0.066,DoS_DDoS,1
158,TCP,DNS,24505,67,1065,155420.62,6736.24,861,22,0,109,0,0.864,0.015,252,221,0.902,0.02,DoS_DDoS,1
41,TCP,SSH,53,0,3,1289.54,72.99,3,0,0,0,0,0.071,0.779,230,4,0.589,0.571,PortScan,1
4710,TCP,FTP,1308,493,16,382.37,3.4,2,14,1,1,11,0.912,0.029,45,29,0.187,0.41,BruteForce,1
10300,TCP,TELNET,431,1195,28,157.86,2.72,2,26,1,1,9,0.942,0.08,36,39,0.209,0.384,BruteForce,1
409,UDP,HTTPS,358,1954,22,5651.43,53.78,1,22,2,1,0,0.935,0.038,7,87,0.029,0.014,Benign,0
264,ICMP,HTTPS,2566,903,29,13135.18,109.81,1,29,1,0,0,0.978,0.085,34,62,0.031,0.04,Benign,0
7,TCP,HTTP,93,0,1,13098.59,140.85,1,0,0,0,0,0.112,0.783,249,5,0.674,0.413,PortScan,1
1034,TCP,DNS,1245,5091,60,6127.07,58.02,1,60,1,0,0,0.831,0.095,28,79,0.014,0.037,Benign,0
209,TCP,HTTPS,6907,53,430,33285.51,2056.43,332,35,0,47,0,0.881,0.025,224,165,0.819,0.149,DoS_DDoS,1
21,TCP,HTTPS,632,461,6,51800.95,284.36,1,6,1,0,0,0.989,0.107,11,20,0.02,0.036,Benign,0
661,TCP,SSH,549,3212,48,5689.0,72.61,2,46,1,1,5,0.962,0.062,54,8,0.246,0.475,BruteForce,1
2815,TCP,FTP,789,348,31,403.89,11.01,5,26,1,2,14,0.853,0.038,12,33,0.018,0.318,BruteForce,1
126,TCP,HTTPS,3177,247,51,27153.05,404.44,1,51,1,0,0,0.959,0.073,31,44,0.046,0.022,Benign,0
887,TCP,HTTP,765,1644,10,2715.59,11.27,1,10,1,0,0,0.869,0.052,15,25,0.034,0.013,Benign,0
7042,TCP,SSH,226,1303,32,217.12,4.54,3,29,1,1,5,0.853,0.021,49,9,0.21,0.525,BruteForce,1
352,UDP,HTTPS,599,7200,13,22149.96,36.92,1,13,1,0,0,0.752,0.04,41,60,0.016,0.02,Benign,0
511,TCP,HTTPS,1604,4007,19,10978.28,37.17,1,19,2,0,0,0.761,0.021,28,60,0.029,0.007,Benign,0
2465,TCP,HTTPS,619,7653,40,3355.64,16.23,1,40,1,0,0,0.801,0.099,32,44,0.014,0.0,Benign,0
3001,TCP,FTP,460,745,27,401.52,9.0,5,22,1,1,14,0.88,0.0,16,7,0.216,0.346,BruteForce,1
5011,UDP,IRC,311,1917,22,444.61,4.39,1,21,1,0,0,0.548,0.45,49,14,0.067,0.063,Botnet_C2,1
4911,TCP,DNS,181,26497,24,5432.18,4.89,1,23,1,0,0,0.678,0.367,9,21,0.108,0.008,Botnet_C2,1
561,TCP,HTTPS,11589,36,825,20718.23,1470.33,710,40,0,239,0,0.943,0.012,227,197,0.998,0.146,DoS_DDoS,1
4814,TCP,IRC,189,29015,9,6066.35,1.87,1,8,1,0,0,0.811,0.208,19,2,0.059,0.046,Botnet_C2,1
36,TCP,HTTP,95,0,2,2631.58,55.4,2,0,0,0,0,0.05,0.721,204,13,0.518,0.773,PortScan,1
44,TCP,OTHER,81,0,1,1836.73,22.68,1,0,0,0,0,0.051,0.842,248,7,0.755,0.312,PortScan,1
271,TCP,HTTPS,1654,15720,10,64087.05,36.89,1,10,1,0,0,0.914,0.069,32,59,0.011,0.012,Benign,0
1112,UDP,HTTPS,10512,4234,47,13259.6,42.26,1,47,1,0,0,0.864,0.057,31,90,0.003,0.034,Benign,0
2582,UDP,HTTPS,47633,486,14,18635.61,5.42,1,14,1,0,0,0.975,0.098,1,98,0.002,0.037,Benign,0
805,TCP,DNS,6286,2383,24,10767.61,29.81,2,24,1,0,0,0.979,0.122,7,31,0.004,0.015,Benign,0
197,TCP,HTTP,4646,50285,26,278696.09,131.91,1,26,1,0,0,0.798,0.07,35,47,0.003,0.013,Benign,0
469,UDP,HTTPS,569,2522,17,6589.21,36.24,1,17,1,0,0,0.945,0.015,45,85,0.036,0.013,Benign,0
1027,TCP,DNS,19641,1964,19,21034.95,18.5,2,19,1,1,0,0.76,0.108,39,82,0.001,0.033,Benign,0
3984,TCP,DNS,468,30103,15,7673.25,3.76,1,15,2,0,0,0.978,0.123,27,75,0.047,0.028,Benign,0
28,TCP,SSH,91,0,2,3238.43,71.17,2,0,0,0,0,0.101,0.91,209,1,0.65,0.422,PortScan,1
64,UDP,HTTP,2144,2893,22,78580.34,343.21,1,22,1,0,0,0.95,0.007,8,58,0.02,0.009,Benign,0
101,UDP,HTTPS,9105,19,608,90247.28,6013.85,536,0,0,180,0,0.939,0.078,215,153,0.88,0.115,DoS_DDoS,1
382,TCP,HTTP,892,1372,27,5925.15,70.66,1,27,2,0,0,0.948,0.05,35,94,0.038,0.018,Benign,0
1339,TCP,DNS,565,77470,6,58274.21,4.48,1,6,1,0,0,0.953,0.065,39,62,0.03,0.028,Benign,0
3332,TCP,HTTP,1154,76,86,369.14,25.81,1,86,1,0,0,0.873,0.063,22,40,0.043,0.025,Benign,0
316,UDP,HTTP,1981,46,722,6412.53,2284.09,534,2,0,238,0,0.876,0.004,243,184,0.849,0.049,DoS_DDoS,1
11,TCP,OTHER,97,0,1,8738.74,90.09,1,0,0,0,0,0.019,0.706,240,10,0.621,0.616,PortScan,1
812,TCP,HTTPS,271,1079,14,1662.36,17.24,2,14,1,0,0,0.8,0.042,21,90,0.034,0.007,Benign,0
1223,TCP,DNS,201,13434,27,11147.9,22.08,1,27,1,0,0,0.885,0.019,20,30,0.008,0.001,Benign,0
973,TCP,HTTPS,1933,7100,9,9282.7,9.25,1,9,1,0,0,0.796,0.092,2,70,0.033,0.04,Benign,0
23,UDP,SSH,1222,9358,52,458008.66,2251.08,1,52,1,0,0,0.862,0.098,19,90,0.027,0.032,Benign,0
41,TCP,OTHER,97,45,1,3454.99,24.33,1,0,0,1,0,0.017,0.822,247,3,0.821,0.634,PortScan,1
617,TCP,DNS,241,5646,16,9539.78,25.93,1,16,1,0,0,0.966,0.137,37,45,0.002,0.031,Benign,0
263,ICMP,DNS,11063,280,152,43112.88,577.73,106,5,0,33,0,0.96,0.069,226,213,0.806,0.191,DoS_DDoS,1
689,TCP,HTTPS,3242,6607,39,14292.56,56.6,2,39,2,0,0,0.775,0.022,17,82,0.036,0.027,Benign,0
76,TCP,HTTPS,2643,111,369,36189.22,4848.88,346,31,0,62,0,0.902,0.061,195,186,0.778,0.132,DoS_DDoS,1
484,TCP,HTTPS,931,6188,21,14705.64,43.38,1,21,1,0,0,0.791,0.103,23,71,0.016,0.024,Benign,0
4569,TCP,HTTPS,626,62424,23,13799.22,5.03,1,23,1,0,0,0.865,0.064,41,58,0.021,0.022,Benign,0
107,TCP,HTTP,6053,51,669,56993.46,6246.5,583,54,0,77,0,0.901,0.002,219,243,0.843,0.09,DoS_DDoS,1
168,TCP,HTTP,15122,12920,31,166817.37,184.41,1,31,1,0,0,0.917,0.143,28,93,0.033,0.022,Benign,0
616,TCP,FTP,586,428,58,1645.84,94.14,2,56,1,3,14,0.929,0.037,63,24,0.075,0.531,BruteForce,1
44,TCP,FTP,54,29,1,1882.09,22.68,1,0,0,1,0,0.148,0.724,206,2,0.829,0.558,PortScan,1
428,TCP,HTTPS,235,15715,44,37257.65,102.78,1,44,2,0,0,0.96,0.124,7,57,0.037,0.008,Benign,0
422,UDP,HTTPS,186,14067,13,33766.88,30.8,1,13,1,0,0,0.881,0.149,31,52,0.008,0.02,Benign,0
1296,TCP,HTTP,1342,530,20,1444.33,15.43,1,20,1,0,0,0.947,0.128,10,64,0.04,0.04,Benign,0
487,TCP,HTTPS,1665,595,20,4639.7,41.06,1,20,1,0,0,0.818,0.092,25,78,0.003,0.001,Benign,0
5374,TCP,IRC,402,8742,9,1701.49,1.67,1,8,1,0,0,0.532,0.352,9,25,0.093,0.062,Botnet_C2,1
73,TCP,HTTP,4755,62,384,65896.03,5253.08,305,15,0,52,0,0.857,0.069,216,198,0.867,0.158,DoS_DDoS,1
102,UDP,HTTPS,3681,1130,5,47120.47,48.97,1,5,1,0,0,0.96,0.053,12,34,0.02,0.009,Benign,0
129,TCP,DNS,5583,55,619,43671.57,4794.73,472,25,0,138,0,0.919,0.055,202,199,0.717,0.098,DoS_DDoS,1
1824,TCP,SSH,736,3662,21,2411.05,11.51,1,21,1,0,0,0.918,0.086,26,55,0.036,0.037,Benign,0
22,TCP,OTHER,56,0,3,2533.94,135.75,3,0,0,0,0,0.136,0.715,224,5,0.8,0.693,PortScan,1
93,TCP,SMTP,367,5520,69,63233.08,741.14,1,69,1,0,0,0.849,0.04,10,98,0.037,0.025,Benign,0
907,TCP,HTTPS,3598,18710,40,24592.66,44.1,1,40,1,0,0,0.76,0.047,31,54,0.009,0.006,Benign,0
1820,TCP,HTTPS,995,3235,13,2324.05,7.14,1,13,1,0,0,0.828,0.12,5,8,0.01,0.005,Benign,0
134,UDP,HTTPS,16705,3351,45,149560.03,335.57,2,45,2,0,0,0.757,0.145,30,47,0.026,0.027,Benign,0
163,ICMP,HTTP,8020,338,498,51244.64,3053.34,407,47,0,134,0,0.995,0.046,210,221,0.815,0.158,DoS_DDoS,1
95,UDP,HTTP,8375,56,1749,88654.05,18391.17,1592,57,0,406,0,0.975,0.016,188,244,0.822,0.197,DoS_DDoS,1
4437,TCP,HTTPS,412,3238,17,822.61,3.83,1,16,1,0,0,0.401,0.231,40,28,0.028,0.005,Botnet_C2,1
33,TCP,HTTPS,905,729,9,49365.56,271.9,1,9,1,0,0,0.787,0.024,14,38,0.002,0.005,Benign,0
2672,TCP,FTP,1497,1452,15,1103.63,5.61,3,12,1,2,13,0.819,0.031,55,34,0.174,0.432,BruteForce,1
26,TCP,SSH,48,0,3,1839.08,114.94,3,0,0,0,0,0.054,0.964,234,12,0.502,0.564,PortScan,1
1022,TCP,HTTP,1121,5420,8,6399.57,7.83,1,8,1,1,0,0.787,0.044,32,45,0.039,0.012,Benign,0
409,UDP,DNS,362,17113,32,42715.72,78.22,1,32,1,0,0,0.996,0.001,37,93,0.013,0.034,Benign,0
998,UDP,HTTP,7144,6128,30,13297.26,30.06,2,30,1,0,0,0.834,0.122,36,37,0.014,0.016,Benign,0
40,TCP,OTHER,94,0,3,2344.14,74.81,3,0,0,0,0,0.178,0.711,215,8,0.677,0.427,PortScan,1
648,TCP,FTP,345,681,22,1583.09,33.95,3,19,1,1,8,0.803,0.027,64,10,0.024,0.554,BruteForce,1
1141,TCP,DNS,1880,15804,28,15497.33,24.54,1,28,1,0,0,0.993,0.131,29,75,0.048,0.007,Benign,0
516,TCP,HTTPS,515,340,39,1656.66,75.57,1,39,1,0,0,0.751,0.145,38,71,0.005,0.013,Benign,0
22,UDP,HTTPS,64239,69,395,2909864.25,17873.3,296,35,0,141,0,0.875,0.061,207,170,0.906,0.099,DoS_DDoS,1
118,UDP,HTTPS,5972,4930,11,92311.6,93.14,1,11,1,0,0,0.957,0.096,17,56,0.028,0.003,Benign,0
17,TCP,SSH,65,0,2,3801.17,116.96,2,0,0,0,0,0.185,0.922,215,6,0.505,0.789,PortScan,1
188,TCP,HTTPS,1463,63,78,8112.71,414.67,1,78,2,0,0,0.952,0.016,22,82,0.009,0.011,Benign,0
2502,UDP,HTTPS,2134,1300,41,1372.45,16.39,1,41,1,0,0,0.908,0.108,15,20,0.036,0.001,Benign,0
9,TCP,FTP,87,0,1,9560.44,109.89,1,0,0,0,0,0.134,0.857,232,3,0.553,0.731,PortScan,1
97,TCP,DNS,8682,183,311,91297.63,3202.88,268,30,0,82,0,0.995,0.023,241,235,0.805,0.162,DoS_DDoS,1
20,TCP,OTHER,96,0,3,4776.12,149.25,3,0,0,0,0,0.019,0.839,230,8,0.555,0.553,PortScan,1
878,TCP,SSH,207,22058,16,25355.88,18.22,1,16,1,0,0,0.754,0.059,33,86,0.009,0.0,Benign,0
34,UDP,HTTP,519,1336,7,54398.83,205.28,1,7,1,0,0,0.791,0.127,40,87,0.024,0.034,Benign,0
308,TCP,HTTPS,833,1173,22,6510.87,71.41,1,22,2,0,0,0.883,0.129,12,13,0.001,0.016,Benign,0
787,TCP,HTTPS,3348,87845,29,115859.48,36.84,1,29,1,0,0,0.91,0.135,1,81,0.045,0.032,Benign,0
73,TCP,HTTP,596,5649,25,85430.92,342.0,1,25,1,0,0,0.976,0.134,7,14,0.05,0.024,Benign,0
154,TCP,HTTP,107622,128,247,699221.28,1602.86,215,8,0,62,0,0.905,0.002,189,248,0.875,0.177,DoS_DDoS,1
212,UDP,HTTP,24174,74,508,114323.43,2395.1,367,16,0,107,0,0.885,0.011,202,209,0.703,0.158,DoS_DDoS,1
72,TCP,HTTP,4276,4498,6,121692.09,83.22,1,6,1,0,0,0.859,0.076,25,48,0.014,0.015,Benign,0
16,TCP,OTHER,58,0,3,3602.48,186.34,3,0,0,0,0,0.047,0.996,214,1,0.866,0.784,PortScan,1
2745,UDP,HTTPS,18808,4265,27,8405.16,9.84,1,27,1,0,0,0.829,0.14,2,99,0.006,0.005,Benign,0
103,TCP,HTTP,545,7366,27,76731.33,261.88,1,27,1,0,0,0.796,0.019,5,68,0.047,0.012,Benign,0
216,UDP,HTTPS,11995,77,499,55863.03,2309.12,418,22,0,163,0,0.869,0.0,182,175,0.708,0.143,DoS_DDoS,1
331,TCP,HTTP,2912,6350,57,27973.42,172.15,1,57,1,1,0,0.788,0.123,36,86,0.039,0.029,Benign,0
994,TCP,TELNET,1828,928,19,2772.36,19.11,3,16,1,3,3,0.917,0.04,69,6,0.049,0.454,BruteForce,1
3,TCP,OTHER,92,0,3,29677.42,967.74,3,0,0,0,0,0.059,0.948,248,7,0.78,0.482,PortScan,1
651,UDP,HTTP,5313,2485,20,11976.65,30.72,1,20,1,0,0,0.752,0.121,25,84,0.034,0.037,Benign,0
218,UDP,DNS,2506,9,670,11531.41,3071.99,553,6,0,249,0,0.966,0.044,181,254,0.824,0.064,DoS_DDoS,1
28,TCP,OTHER,82,0,3,2918.15,106.76,3,0,0,0,0,0.095,0.872,243,1,0.861,0.565,PortScan,1
693,TCP,HTTPS,634,102,95,1061.9,137.07,1,95,1,0,0,0.935,0.135,23,42,0.028,0.014,Benign,0
726,ICMP,HTTPS,4910,32973,8,52173.25,11.02,1,8,1,0,0,0.911,0.083,11,83,0.047,0.031,Benign,0
5003,TCP,HTTPS,894,3537,66,885.65,13.19,1,66,1,0,0,0.887,0.138,22,95,0.021,0.012,Benign,0
3114,TCP,HTTPS,785,5235,16,1933.14,5.14,1,16,1,0,0,0.884,0.031,40,61,0.001,0.001,Benign,0
305,TCP,HTTPS,9936,16,339,32618.81,1111.11,261,29,0,87,0,0.87,0.057,188,239,0.966,0.042,DoS_DDoS,1
3442,TCP,HTTPS,1968,10705,22,3681.76,6.39,1,22,1,0,0,0.908,0.012,7,8,0.013,0.03,Benign,0
68,UDP,HTTPS,4374,6211,22,155433.19,323.05,1,22,1,0,0,0.919,0.097,20,75,0.023,0.027,Benign,0
349,TCP,HTTPS,727,6028,11,19349.76,31.51,1,11,1,0,0,0.82,0.092,27,62,0.032,0.039,Benign,0
4214,TCP,HTTPS,2516,7465,4,2368.48,0.95,1,4,1,0,0,0.953,0.15,38,40,0.028,0.031,Benign,0
663,UDP,HTTPS,20273,104,4399,30729.9,6633.99,3973,195,0,1700,0,0.907,0.019,190,197,0.738,0.194,DoS_DDoS,1
2444,TCP,DNS,2054,1535,106,1468.43,43.37,1,106,1,0,0,0.989,0.077,16,30,0.048,0.006,Benign,0
756,TCP,DNS,5444,35387,11,54002.12,14.55,1,11,1,0,0,0.814,0.107,21,69,0.012,0.02,Benign,0
2303,TCP,HTTPS,3163,41497,25,19391.26,10.85,1,25,2,0,0,0.955,0.122,28,32,0.001,0.031,Benign,0
3004,TCP,SSH,2530,958,36,1161.08,11.98,2,34,1,1,8,0.948,0.002,68,26,0.031,0.275,BruteForce,1
636,UDP,HTTPS,1510,6757,28,12996.38,44.02,2,28,1,0,0,0.883,0.135,45,57,0.022,0.021,Benign,0
413,TCP,DNS,3176,16279,28,47095.13,67.78,1,28,1,0,0,0.848,0.085,18,70,0.036,0.021,Benign,0
368,TCP,HTTPS,2683,18126,118,56530.83,320.57,1,118,1,0,0,0.853,0.047,49,64,0.03,0.007,Benign,0
4201,TCP,HTTPS,3814,962,33,1136.85,7.86,1,33,1,0,0,0.882,0.083,20,42,0.017,0.038,Benign,0
318,TCP,HTTP,3746,2790,103,20547.0,323.8,1,103,1,0,0,0.82,0.128,9,62,0.05,0.032,Benign,0
3065,UDP,HTTPS,1378,17705,54,6225.9,17.62,1,54,1,0,0,0.791,0.004,41,56,0.009,0.03,Benign,0
300,UDP,SSH,3626,13072,73,55641.45,243.25,1,73,1,0,0,0.925,0.045,25,30,0.013,0.015,Benign,0
618,TCP,HTTPS,5965,3706,35,15646.34,56.63,1,35,2,0,0,0.884,0.103,46,97,0.013,0.023,Benign,0
78,TCP,HTTP,2974,19558,12,288501.92,153.65,1,12,1,0,0,0.998,0.068,23,26,0.004,0.015,Benign,0
2318,TCP,FTP,977,1381,17,1017.21,7.33,2,15,1,2,6,0.912,0.035,79,35,0.235,0.421,BruteForce,1
2287,TCP,HTTPS,906,1453,42,1031.44,18.36,2,42,1,0,0,0.879,0.087,24,46,0.048,0.034,Benign,0
925,TCP,SMTP,4779,1656,22,6956.0,23.78,1,22,1,0,0,0.838,0.095,10,94,0.034,0.008,Benign,0
176,TCP,HTTP,8041,498,1387,48489.49,7876.21,1032,123,0,285,0,0.91,0.017,249,217,0.904,0.061,DoS_DDoS,1
1609,UDP,HTTPS,1295,3924,19,3243.43,11.81,1,19,1,0,0,0.807,0.098,34,85,0.028,0.012,Benign,0
278,UDP,SSH,467,4401,42,17504.49,151.02,1,42,1,0,0,0.767,0.092,44,97,0.035,0.029,Benign,0
1585,TCP,HTTP,2392,3859,103,3943.6,64.98,1,103,1,0,0,0.83,0.075,14,69,0.024,0.0,Benign,0
198,ICMP,HTTPS,636,29617,37,152715.8,186.77,1,37,2,0,0,0.809,0.059,6,36,0.028,0.002,Benign,0
2924,UDP,HTTPS,823,11556,17,4233.44,5.81,1,17,1,0,0,0.91,0.062,30,47,0.001,0.024,Benign,0
214,UDP,HTTP,152020,32,1708,710191.5,7977.58,1597,22,0,325,0,0.89,0.04,197,165,0.903,0.165,DoS_DDoS,1
647,UDP,DNS,185,301,31,751.04,47.91,1,31,1,0,0,0.873,0.082,49,71,0.031,0.008,Benign,0
1233,TCP,HTTPS,358,5388,20,4659.8,16.22,1,20,1,0,0,0.926,0.076,32,54,0.023,0.025,Benign,0
2646,UDP,DNS,19536,585,25,7604.02,9.45,1,25,1,0,0,0.758,0.095,27,94,0.015,0.035,Benign,0
422,TCP,HTTP,934,12290,21,31329.07,49.75,1,21,1,0,0,0.824,0.037,24,65,0.044,0.009,Benign,0
694,TCP,HTTP,292,45516,15,65996.25,21.61,1,15,1,0,0,0.84,0.035,48,52,0.04,0.031,Benign,0
458,TCP,HTTPS,1812,30888,15,71381.79,32.74,1,15,2,0,0,0.983,0.103,28,77,0.0,0.032,Benign,0
1295,TCP,DNS,1776,24991,19,20667.9,14.67,1,19,1,0,0,0.938,0.086,12,55,0.021,0.035,Benign,0
191,UDP,DNS,1931,1766,11,19345.89,57.56,1,11,2,0,0,0.778,0.131,1,95,0.016,0.035,Benign,0
127,TCP,HTTP,6893,3162,12,79110.94,94.41,1,12,1,0,0,0.792,0.105,14,24,0.044,0.023,Benign,0
1724,TCP,HTTPS,3871,4142,18,4647.64,10.44,1,18,1,0,0,0.887,0.146,13,23,0.027,0.039,Benign,0
71,TCP,HTTP,1433,933,33,33277.07,464.14,2,33,1,0,0,0.79,0.006,30,69,0.023,0.018,Benign,0
24,TCP,OTHER,61,28,1,3692.95,41.49,1,0,0,1,0,0.097,0.963,200,8,0.722,0.419,PortScan,1
86,UDP,HTTP,25498,96,1024,297259.0,11893.15,738,18,0,170,0,0.979,0.073,197,210,0.939,0.069,DoS_DDoS,1
14,TCP,HTTPS,2499,8081,20,750354.61,1418.44,1,20,1,0,0,0.946,0.084,22,53,0.043,0.031,Benign,0
43,UDP,HTTP,14816,16,636,344129.93,14756.38,505,46,0,177,0,0.852,0.04,204,240,0.841,0.083,DoS_DDoS,1
3322,UDP,HTTP,786,2038,66,850.06,19.87,1,66,1,0,0,0.983,0.05,42,54,0.018,0.006,Benign,0
29,TCP,OTHER,56,0,1,1924.4,34.36,1,0,0,0,0,0.032,0.979,252,9,0.721,0.516,PortScan,1
2386,TCP,FTP,905,690,58,668.45,24.31,5,53,1,2,3,0.882,0.045,32,35,0.21,0.469,BruteForce,1
1124,TCP,HTTPS,266,16137,10,14592.12,8.9,1,10,1,0,0,0.973,0.058,45,88,0.05,0.007,Benign,0
1105,TCP,FTP,467,1372,50,1664.1,45.24,4,46,1,2,12,0.916,0.045,72,28,0.201,0.484,BruteForce,1
389,TCP,HTTPS,1643,309,10,5016.71,25.7,1,10,1,0,0,0.757,0.066,15,18,0.009,0.032,Benign,0
1664,TCP,DNS,123,798,17,553.45,10.22,1,17,1,0,0,0.77,0.133,31,39,0.037,0.011,Benign,0
147,TCP,HTTPS,948,4200,10,34996.6,67.98,1,10,1,0,0,0.869,0.058,36,99,0.04,0.019,Benign,0
695,TCP,HTTPS,2181,8086,15,14770.54,21.58,2,15,2,0,0,0.752,0.009,46,89,0.007,0.03,Benign,0
169,TCP,HTTP,233,16491,26,98900.06,153.76,1,26,1,0,0,0.922,0.013,30,78,0.002,0.034,Benign,0
112,TCP,HTTP,863,664,14,13621.77,124.89,1,14,1,0,0,0.907,0.062,21,59,0.048,0.007,Benign,0
249,TCP,HTTP,7113,48306,16,222476.92,64.23,1,16,2,0,0,0.864,0.012,31,87,0.026,0.033,Benign,0
2748,TCP,FTP,2188,603,35,1015.61,12.74,2,33,1,2,5,0.86,0.074,12,12,0.228,0.537,BruteForce,1
20,TCP,HTTPS,549,72,591,30895.52,29402.99,513,35,0,140,0,0.905,0.005,185,178,0.845,0.102,DoS_DDoS,1
3798,TCP,SSH,355,508,56,227.22,14.74,4,52,1,1,13,0.999,0.069,33,32,0.038,0.444,BruteForce,1
6274,TCP,HTTPS,12773,4138,14,2695.37,2.23,1,14,1,0,0,0.914,0.041,6,81,0.01,0.038,Benign,0
4914,UDP,DNS,727,40533,19,8396.25,3.87,1,18,1,0,0,0.645,0.33,16,28,0.035,0.092,Botnet_C2,1
1162,TCP,HTTPS,6367,10297,27,14339.56,23.23,1,27,1,0,0,0.92,0.032,16,97,0.006,0.034,Benign,0
421,TCP,HTTP,12400,31,58,29520.3,137.73,50,0,0,21,0,0.925,0.044,242,246,0.756,0.101,DoS_DDoS,1
39,TCP,SSH,43,0,2,1099.74,51.15,2,0,0,0,0,0.06,0.853,213,13,0.805,0.464,PortScan,1
6,TCP,OTHER,89,0,1,14590.16,163.93,1,0,0,0,0,0.12,0.77,250,10,0.74,0.591,PortScan,1
4833,TCP,SSH,726,830,29,321.95,6.0,5,24,1,1,7,0.868,0.096,77,28,0.14,0.241,BruteForce,1
388,TCP,SMTP,495,17409,10,46132.44,25.77,2,10,1,0,0,0.956,0.054,29,82,0.03,0.011,Benign,0
